step,total_loss,candidate_loss,mu_loss,entropy_loss,diversity_loss,tau,mu_tau,mu_weight,entropy_weight,sigma_mean,sigma_min,sigma_max,mean_pairwise_mu_distance,head_0_usage_ratio,head_1_usage_ratio,head_2_usage_ratio,head_3_usage_ratio,validation_loss
0,6.449227333068848,-1.1230685710906982,75.58940124511719,0.34936946630477905,0.9861318469047546,1.0,1.0,0.1,0.01,0.7057572603225708,0.6227962374687195,0.747258722782135,0.0344056561589241,0.375,0.0,0.375,0.25,41.12830352783203
1,3.5438549518585205,-0.6429431438446045,41.36233901977539,0.35006850957870483,0.9803735613822937,0.999049049049049,0.999049049049049,0.10090090090090091,0.00998998998998999,0.7052453756332397,0.6264707446098328,0.7488061189651489,0.04240177199244499,0.25,0.375,0.0,0.375,
2,5.308748245239258,-0.5798083543777466,57.71363067626953,0.3505670428276062,0.9705973863601685,0.9980980980980981,0.9980980980980981,0.1018018018018018,0.00997997997997998,0.7048516273498535,0.626852810382843,0.7454760670661926,0.052241891622543335,0.25,0.125,0.125,0.5,
3,5.065029144287109,-0.7135536670684814,56.13691329956055,0.35063618421554565,0.9674644470214844,0.9971471471471471,0.9971471471471471,0.10270270270270271,0.00996996996996997,0.7048456072807312,0.6289005875587463,0.753270149230957,0.05467981845140457,0.0,0.375,0.5,0.125,
4,4.770735263824463,-0.2314653992652893,48.15522003173828,0.35049593448638916,0.9655265808105469,0.9961961961961961,0.9961961961961961,0.10360360360360361,0.00995995995995996,0.7049404382705688,0.6331809759140015,0.7488825917243958,0.05566734820604324,0.25,0.0,0.625,0.125,
5,4.710839748382568,0.2511538863182068,42.54887390136719,0.34980177879333496,0.9656516313552856,0.9952452452452453,0.9952452452452453,0.1045045045045045,0.00994994994994995,0.7054481506347656,0.6351699233055115,0.7542175650596619,0.05526212975382805,0.25,0.25,0.25,0.25,
6,3.2320172786712646,-0.7759090662002563,37.89934539794922,0.34870314598083496,0.9664324522018433,0.9942942942942943,0.9942942942942943,0.10540540540540541,0.00993993993993994,0.706290602684021,0.6298233270645142,0.7577000856399536,0.05410226434469223,0.25,0.25,0.25,0.25,
7,2.070206642150879,-0.7581923604011536,26.482501983642578,0.3471284806728363,0.9694921374320984,0.9933433433433434,0.9933433433433434,0.10630630630630632,0.00992992992992993,0.7074553370475769,0.6256195902824402,0.7639479041099548,0.05191892385482788,0.125,0.25,0.5,0.125,
8,2.509063243865967,-0.6354758143424988,29.209121704101562,0.3464389741420746,0.9674178957939148,0.9923923923923924,0.9923923923923924,0.10720720720720721,0.00991991991991992,0.707958459854126,0.627950131893158,0.7666683793067932,0.05322987958788872,0.125,0.375,0.25,0.25,
9,1.6409990787506104,-1.2302329540252686,26.43805694580078,0.3461456298828125,0.9633435010910034,0.9914414414414414,0.9914414414414414,0.10810810810810811,0.00990990990990991,0.7081443667411804,0.6260699033737183,0.7658244967460632,0.05568781495094299,0.25,0.25,0.25,0.25,
10,3.7746760845184326,-0.6603538990020752,40.5653190612793,0.34564507007598877,0.9623071551322937,0.9904904904904905,0.9904904904904905,0.10900900900900902,0.0098998998998999,0.7086643576622009,0.621519148349762,0.770581066608429,0.05828980356454849,0.25,0.125,0.25,0.375,
11,2.34067964553833,-0.7951955795288086,28.41311264038086,0.34476321935653687,0.9583041667938232,0.9895395395395395,0.9895395395395395,0.10990990990990991,0.00988988988988989,0.7091869711875916,0.6265633702278137,0.7708708047866821,0.060504134744405746,0.25,0.125,0.625,0.0,
12,2.104139566421509,-1.0628715753555298,28.463367462158203,0.3429427146911621,0.957443118095398,0.9885885885885886,0.9885885885885886,0.11081081081081082,0.00987987987987988,0.7105271816253662,0.6210418343544006,0.7745648622512817,0.06142086535692215,0.375,0.125,0.25,0.25,
13,1.877902626991272,-1.1387953758239746,26.888259887695312,0.3412902355194092,0.9596165418624878,0.9876376376376377,0.9876376376376377,0.11171171171171172,0.00986986986986987,0.7116926908493042,0.6316766738891602,0.7703277468681335,0.05924701318144798,0.25,0.5,0.125,0.125,
14,1.6914293766021729,-0.9300581812858582,23.163564682006836,0.3404507637023926,0.9621306657791138,0.9866866866866867,0.9866866866866867,0.11261261261261261,0.00985985985985986,0.7123891115188599,0.6239674687385559,0.7774945497512817,0.058006033301353455,0.375,0.0,0.0,0.625,
15,1.3846913576126099,-0.8730275630950928,19.775178909301758,0.33878058195114136,0.96319580078125,0.9857357357357357,0.9857357357357357,0.11351351351351352,0.00984984984984985,0.7134658694267273,0.6337710022926331,0.7748330235481262,0.056343283504247665,0.25,0.25,0.125,0.375,
16,1.6858690977096558,-0.7308761477470398,21.0091495513916,0.33866414427757263,0.9663464426994324,0.9847847847847848,0.9847847847847848,0.11441441441441443,0.00983983983983984,0.7135419845581055,0.6305488348007202,0.7762865424156189,0.05313420295715332,0.25,0.25,0.375,0.125,
17,1.5761120319366455,-0.9202015399932861,21.53501319885254,0.3383162021636963,0.9671038389205933,0.9838338338338338,0.9838338338338338,0.11531531531531532,0.00982982982982983,0.7137746810913086,0.6315609812736511,0.7719975709915161,0.05234263464808464,0.125,0.25,0.375,0.25,
18,1.615960717201233,-0.682625949382782,19.66674041748047,0.33833441138267517,0.9670321345329285,0.9828828828828828,0.9828828828828828,0.11621621621621622,0.00981981981981982,0.713789165019989,0.6272234916687012,0.7691630125045776,0.052720099687576294,0.125,0.125,0.375,0.375,
19,1.3539601564407349,-1.182008147239685,21.542755126953125,0.3377581834793091,0.9629693031311035,0.981931931931932,0.981931931931932,0.11711711711711713,0.00980980980980981,0.7141902446746826,0.6293725967407227,0.7690975069999695,0.05624398589134216,0.25,0.375,0.125,0.25,
20,1.9281773567199707,-0.7033864259719849,22.1883544921875,0.33763909339904785,0.9629327654838562,0.980980980980981,0.980980980980981,0.11801801801801802,0.0097997997997998,0.7143160104751587,0.633306086063385,0.7669356465339661,0.05614999681711197,0.5,0.125,0.375,0.0,19.73723793029785
21,1.4271001815795898,-0.7868407964706421,18.508790969848633,0.33682966232299805,0.9598060846328735,0.98003003003003,0.98003003003003,0.11891891891891893,0.00978978978978979,0.7149008512496948,0.6294857859611511,0.7675554752349854,0.05888715386390686,0.125,0.125,0.625,0.125,
22,1.4696069955825806,-0.8592976927757263,19.32953643798828,0.3359236717224121,0.9557945132255554,0.9790790790790791,0.9790790790790791,0.11981981981981982,0.00977977977977978,0.7155346870422363,0.6339924931526184,0.7706776261329651,0.06214055046439171,0.375,0.0,0.25,0.375,
23,1.5710868835449219,-0.6876929998397827,18.60443878173828,0.33550819754600525,0.9560885429382324,0.9781281281281281,0.9781281281281281,0.12072072072072074,0.00976976976976977,0.7158594131469727,0.6322735548019409,0.77485191822052,0.06204988807439804,0.25,0.0,0.25,0.5,
24,1.311510443687439,-0.7760915756225586,17.059486389160156,0.33499106764793396,0.9530197978019714,0.9771771771771772,0.9771771771771772,0.12162162162162163,0.00975975975975976,0.7162424921989441,0.6392534375190735,0.7803642153739929,0.06399035453796387,0.25,0.25,0.25,0.25,
25,1.3186968564987183,-0.8340092897415161,17.465797424316406,0.334257572889328,0.9493624567985535,0.9762262262262262,0.9762262262262262,0.12252252252252253,0.00974974974974975,0.7167491912841797,0.6385118365287781,0.7769114971160889,0.0666905865073204,0.25,0.25,0.25,0.25,
26,1.7167937755584717,-0.5315383076667786,18.113134384155273,0.3345704972743988,0.9488478899002075,0.9752752752752752,0.9752752752752752,0.12342342342342343,0.00973973973973974,0.7165758013725281,0.6333971619606018,0.7760404944419861,0.06688196212053299,0.5,0.125,0.25,0.125,
27,1.585738182067871,-0.8115647435188293,19.180240631103516,0.33504968881607056,0.9472569227218628,0.9743243243243244,0.9743243243243244,0.12432432432432433,0.00972972972972973,0.7162586450576782,0.6328560709953308,0.778839647769928,0.06755542755126953,0.625,0.25,0.0,0.125,
28,1.6393245458602905,-0.6267766952514648,17.994579315185547,0.33558210730552673,0.9464201331138611,0.9733733733733734,0.9733733733733734,0.12522522522522522,0.00971971971971972,0.715901255607605,0.631644070148468,0.7860816717147827,0.06805341690778732,0.125,0.5,0.125,0.25,
29,1.9426543712615967,-0.9662148952484131,22.962875366210938,0.33413010835647583,0.940645694732666,0.9724224224224224,0.9724224224224224,0.12612612612612614,0.00970970970970971,0.7168490290641785,0.6403567790985107,0.7809144258499146,0.07246135175228119,0.375,0.25,0.125,0.25,
30,2.2837300300598145,-0.5979596376419067,22.586143493652344,0.3344539999961853,0.9394904375076294,0.9714714714714715,0.9714714714714715,0.12702702702702703,0.0096996996996997,0.7166881561279297,0.6352489590644836,0.7815088033676147,0.07359122484922409,0.125,0.25,0.5,0.125,
31,1.7475824356079102,-0.7037009000778198,19.063030242919922,0.33373674750328064,0.9355584979057312,0.9705205205205205,0.9705205205205205,0.12792792792792793,0.00968968968968969,0.7171467542648315,0.6457619071006775,0.7807654738426208,0.07611031830310822,0.25,0.25,0.375,0.125,
32,2.5980851650238037,0.2606278955936432,18.04559326171875,0.335220068693161,0.9419721961021423,0.9695695695695695,0.9695695695695695,0.12882882882882885,0.00967967967967968,0.7161080837249756,0.6406562924385071,0.7862735390663147,0.07128450274467468,0.625,0.25,0.125,0.0,
33,1.8609122037887573,-0.9003432989120483,21.186767578125,0.3358446955680847,0.9454297423362732,0.9686186186186186,0.9686186186186186,0.12972972972972974,0.00966966966966967,0.7156802415847778,0.6459966897964478,0.7893983125686646,0.06830538809299469,0.375,0.25,0.125,0.25,
34,1.633820652961731,-0.9588176608085632,19.750102996826172,0.3354208469390869,0.94297856092453,0.9676676676676677,0.9676676676676677,0.13063063063063063,0.00965965965965966,0.7159961462020874,0.6379073262214661,0.7849929928779602,0.07028235495090485,0.25,0.125,0.375,0.25,
35,1.2693216800689697,-1.1813572645187378,18.536102294921875,0.3344458043575287,0.9369758367538452,0.9667167167167168,0.9667167167167168,0.13153153153153155,0.00964964964964965,0.7166950106620789,0.6348903775215149,0.7849782705307007,0.0752284973859787,0.25,0.25,0.25,0.25,
36,2.489966869354248,-0.1477401852607727,19.822237014770508,0.33462685346603394,0.9374329447746277,0.9657657657657658,0.9657657657657658,0.13243243243243244,0.00963963963963964,0.7165464162826538,0.642307460308075,0.7873021960258484,0.07434006035327911,0.125,0.5,0.125,0.25,
37,1.8921200037002563,-0.9917296171188354,21.53455352783203,0.3341464400291443,0.935792088508606,0.9648148148148148,0.9648148148148148,0.13333333333333333,0.00962962962962963,0.7168782949447632,0.6417486071586609,0.785609245300293,0.07545214146375656,0.125,0.125,0.375,0.375,
38,2.240809202194214,-0.7918238639831543,22.498462677001953,0.3348541259765625,0.9347888827323914,0.9638638638638639,0.9638638638638639,0.13423423423423425,0.009619619619619619,0.7164554595947266,0.6401843428611755,0.7852780818939209,0.07620466500520706,0.375,0.0,0.625,0.0,
39,2.6843039989471436,-0.32124999165534973,22.148391723632812,0.3343851566314697,0.9314723014831543,0.9629129129129129,0.9629129129129129,0.13513513513513514,0.00960960960960961,0.7167743444442749,0.641974925994873,0.7899904251098633,0.07863198220729828,0.5,0.25,0.125,0.125,
40,1.693258285522461,-0.8579379916191101,18.661685943603516,0.3346900939941406,0.9321686029434204,0.9619619619619619,0.9619619619619619,0.13603603603603603,0.0095995995995996,0.7166233062744141,0.6380103230476379,0.7912681102752686,0.07831614464521408,0.375,0.125,0.375,0.125,18.601686477661133
41,1.8375846147537231,-0.7303453683853149,18.661136627197266,0.3346101641654968,0.9322521686553955,0.961011011011011,0.961011011011011,0.13693693693693693,0.00958958958958959,0.71668541431427,0.6416245102882385,0.7899436354637146,0.07823868095874786,0.375,0.125,0.375,0.125,
42,1.5323132276535034,-0.8162652254104614,16.94780921936035,0.3349086046218872,0.9320590496063232,0.9600600600600601,0.9600600600600601,0.13783783783783785,0.00957957957957958,0.7164902687072754,0.6454631090164185,0.7948348522186279,0.07820843160152435,0.125,0.125,0.375,0.375,
43,1.7655948400497437,-0.6524152159690857,17.338451385498047,0.334883451461792,0.9290438890457153,0.9591091091091091,0.9591091091091091,0.13873873873873874,0.00956956956956957,0.7165747880935669,0.6434176564216614,0.7968109250068665,0.08040346205234528,0.125,0.25,0.125,0.5,
44,1.570800542831421,-0.9347037076950073,17.85307502746582,0.3352213501930237,0.9302544593811035,0.9581581581581582,0.9581581581581582,0.13963963963963966,0.00955955955955956,0.7163750529289246,0.6306545734405518,0.7941088080406189,0.07936210930347443,0.375,0.125,0.25,0.25,
45,1.5874333381652832,-0.9635530710220337,18.062503814697266,0.33445650339126587,0.9278416633605957,0.9572072072072072,0.9572072072072072,0.14054054054054055,0.00954954954954955,0.7169526815414429,0.6365267634391785,0.7935134768486023,0.0811341404914856,0.375,0.25,0.125,0.25,
46,1.5046547651290894,-1.0570775270462036,18.023231506347656,0.3349028527736664,0.9305681586265564,0.9562562562562562,0.9562562562562562,0.14144144144144144,0.00953953953953954,0.7166577577590942,0.6359316110610962,0.792864978313446,0.07933386415243149,0.375,0.25,0.25,0.125,
47,2.1873998641967773,-0.38489124178886414,17.98359489440918,0.33411288261413574,0.9280254244804382,0.9553053053053053,0.9553053053053053,0.14234234234234236,0.00952952952952953,0.717223048210144,0.6322313547134399,0.7930520176887512,0.08151355385780334,0.125,0.375,0.25,0.25,
48,1.6934928894042969,-0.7907849550247192,17.255950927734375,0.33430731296539307,0.9297208786010742,0.9543543543543543,0.9543543543543543,0.14324324324324325,0.00951951951951952,0.7170853614807129,0.6365478038787842,0.7991717457771301,0.08019638061523438,0.125,0.5,0.25,0.125,
49,2.4396960735321045,-0.09327846765518188,17.486099243164062,0.3342251181602478,0.9277337789535522,0.9534034034034033,0.9534034034034033,0.14414414414414414,0.00950950950950951,0.7171556353569031,0.6406592726707458,0.7906038761138916,0.0816124677658081,0.25,0.125,0.375,0.25,
50,2.3689441680908203,-0.10770243406295776,16.989255905151367,0.3330066204071045,0.9275898933410645,0.9524524524524525,0.9524524524524525,0.14504504504504506,0.009499499499499499,0.7179922461509705,0.6386390328407288,0.7953665852546692,0.08147658407688141,0.25,0.375,0.25,0.125,
51,1.7275042533874512,-0.7006580233573914,16.552034378051758,0.33381566405296326,0.9292287230491638,0.9515015015015015,0.9515015015015015,0.14594594594594595,0.009489489489489489,0.7174582481384277,0.6380317211151123,0.7949731349945068,0.08037008345127106,0.5,0.0,0.375,0.125,
52,2.3289499282836914,-0.6466635465621948,20.178560256958008,0.3331056833267212,0.9297834634780884,0.9505505505505506,0.9505505505505506,0.14684684684684685,0.00947947947947948,0.7179630994796753,0.6362789273262024,0.7956669926643372,0.07997022569179535,0.125,0.75,0.0,0.125,
53,2.993701934814453,0.20635759830474854,18.781015396118164,0.33399757742881775,0.9328884482383728,0.9495995995995996,0.9495995995995996,0.14774774774774774,0.00946946946946947,0.7172982096672058,0.6370711326599121,0.7932252883911133,0.07770240306854248,0.125,0.125,0.375,0.375,
54,2.4217565059661865,-0.5836864709854126,20.13455581665039,0.33462053537368774,0.9303269386291504,0.9486486486486486,0.9486486486486486,0.14864864864864866,0.00945945945945946,0.7169033885002136,0.6376761794090271,0.7895388007164001,0.07987503707408905,0.0,0.25,0.5,0.25,
55,2.489553213119507,-0.2845180034637451,18.466094970703125,0.33442339301109314,0.9315246343612671,0.9476976976976977,0.9476976976976977,0.14954954954954955,0.00944944944944945,0.7170500755310059,0.6361564993858337,0.7917804718017578,0.07880231738090515,0.25,0.5,0.25,0.0,
56,2.294454336166382,-0.31175386905670166,17.239742279052734,0.3346751630306244,0.9321938753128052,0.9467467467467467,0.9467467467467467,0.15045045045045047,0.00943943943943944,0.7169307470321655,0.6336245536804199,0.7960609793663025,0.07813936471939087,0.5,0.125,0.25,0.125,
57,1.6101773977279663,-0.8806170225143433,16.374805450439453,0.3330569267272949,0.9304894804954529,0.9457957957957958,0.9457957957957958,0.15135135135135136,0.009429429429429429,0.7181770205497742,0.6359656453132629,0.7910927534103394,0.07944713532924652,0.25,0.25,0.0,0.5,
58,1.787718415260315,-0.6898033618927002,16.191038131713867,0.3322707712650299,0.926996111869812,0.9448448448448449,0.9448448448448449,0.15225225225225225,0.00941941941941942,0.7188606262207031,0.6343939304351807,0.7963578104972839,0.08193653076887131,0.375,0.0,0.5,0.125,
59,1.9166704416275024,-0.5841947793960571,16.248035430908203,0.333423376083374,0.9289950132369995,0.9438938938938939,0.9438938938938939,0.15315315315315317,0.00940940940940941,0.718106210231781,0.6373291015625,0.8164193630218506,0.08049224317073822,0.375,0.375,0.25,0.0,
60,1.6211998462677002,-1.0868333578109741,17.498065948486328,0.3309584856033325,0.9274267554283142,0.9429429429429429,0.9429429429429429,0.15405405405405406,0.0093993993993994,0.7199230194091797,0.6358122229576111,0.8077989220619202,0.0816439539194107,0.625,0.125,0.125,0.125,17.081192016601562
61,1.913496971130371,-0.6293343305587769,16.330217361450195,0.33029717206954956,0.9281913042068481,0.941991991991992,0.941991991991992,0.15495495495495495,0.00938938938938939,0.7204769849777222,0.6353434920310974,0.8095806241035461,0.08085334300994873,0.375,0.375,0.125,0.125,
62,1.8371459245681763,-0.9087982177734375,17.53931427001953,0.3315469026565552,0.9229758977890015,0.941041041041041,0.941041041041041,0.15585585585585587,0.009379379379379379,0.7197388410568237,0.6359125971794128,0.8295871615409851,0.08438898622989655,0.375,0.375,0.125,0.125,
63,1.8496596813201904,-0.802388072013855,16.839740753173828,0.3325684666633606,0.9188622236251831,0.9400900900900901,0.9400900900900901,0.15675675675675677,0.009369369369369369,0.719149112701416,0.6325988173484802,0.8410348296165466,0.08675011992454529,0.125,0.125,0.75,0.0,
64,1.568593144416809,-1.0603337287902832,16.59708595275879,0.32954269647598267,0.9184843301773071,0.9391391391391392,0.9391391391391392,0.15765765765765766,0.00935935935935936,0.7213165163993835,0.6376492381095886,0.8370069861412048,0.0869818776845932,0.25,0.25,0.25,0.25,
65,1.9403194189071655,-0.6723202466964722,16.400175094604492,0.32881808280944824,0.9177044630050659,0.9381881881881882,0.9381881881881882,0.15855855855855858,0.00934934934934935,0.7218980193138123,0.6338720917701721,0.845478355884552,0.08767084777355194,0.25,0.5,0.0,0.25,
66,1.6519371271133423,-0.9801802039146423,16.42983627319336,0.33057934045791626,0.9137183427810669,0.9372372372372373,0.9372372372372373,0.15945945945945947,0.00933933933933934,0.7208279371261597,0.636626660823822,0.8486858010292053,0.09029006958007812,0.375,0.375,0.25,0.0,
67,1.7636122703552246,-0.8815047740936279,16.418895721435547,0.3283993899822235,0.9113187789916992,0.9362862862862863,0.9362862862862863,0.16036036036036036,0.00932932932932933,0.7224498987197876,0.6377122402191162,0.8544779419898987,0.09165425598621368,0.125,0.375,0.375,0.125,
68,1.8069411516189575,-0.7729918956756592,15.923027038574219,0.329121470451355,0.9098523855209351,0.9353353353353353,0.9353353353353353,0.16126126126126128,0.009319319319319319,0.7220516204833984,0.6342881321907043,0.8648677468299866,0.09226971864700317,0.0,0.5,0.125,0.375,
69,2.3535540103912354,-0.7603386640548706,19.127714157104492,0.32766079902648926,0.9051138758659363,0.9343843843843844,0.9343843843843844,0.16216216216216217,0.009309309309309309,0.7232503890991211,0.632586658000946,0.880256175994873,0.09518742561340332,0.25,0.5,0.0,0.25,
70,1.8801934719085693,-1.1011375188827515,18.209461212158203,0.32488641142845154,0.9019212126731873,0.9334334334334334,0.9334334334334334,0.16306306306306306,0.0092992992992993,0.7253750562667847,0.6356549859046936,0.8831880688667297,0.09686770290136337,0.25,0.25,0.25,0.25,
71,2.1450090408325195,-0.6733688116073608,17.115867614746094,0.3254588544368744,0.8968966007232666,0.9324824824824824,0.9324824824824824,0.16396396396396395,0.00928928928928929,0.7252609133720398,0.6344301700592041,0.8907827734947205,0.09968504309654236,0.0,0.125,0.375,0.5,
72,1.9119093418121338,-0.8799934387207031,16.86174964904785,0.32490918040275574,0.8977745771408081,0.9315315315315316,0.9315315315315316,0.16486486486486487,0.00927927927927928,0.725615382194519,0.6384027600288391,0.8907199501991272,0.09900657832622528,0.375,0.25,0.25,0.125,
73,1.8832199573516846,-0.8518208265304565,16.42710304260254,0.32537007331848145,0.8973473310470581,0.9305805805805806,0.9305805805805806,0.1657657657657658,0.00926926926926927,0.7253354787826538,0.6307977437973022,0.8874791264533997,0.09960233420133591,0.25,0.25,0.375,0.125,
74,1.6802213191986084,-1.158917784690857,16.963062286376953,0.3230556845664978,0.8970901966094971,0.9296296296296296,0.9296296296296296,0.16666666666666669,0.009259259259259259,0.7269777059555054,0.6317165493965149,0.9004552960395813,0.09951114654541016,0.375,0.125,0.25,0.25,
75,1.867871642112732,-0.9006755352020264,16.450796127319336,0.3220042884349823,0.8948881030082703,0.9286786786786787,0.9286786786786787,0.16756756756756758,0.009249249249249249,0.7277094125747681,0.6306248307228088,0.8896620273590088,0.10092132538557053,0.125,0.25,0.125,0.5,
76,1.8830488920211792,-0.7180448770523071,15.369139671325684,0.3202756643295288,0.8919094800949097,0.9277277277277277,0.9277277277277277,0.16846846846846847,0.00923923923923924,0.7290307283401489,0.6335676312446594,0.9108859896659851,0.10221342742443085,0.0,0.625,0.125,0.25,
77,1.7101361751556396,-0.731932520866394,14.348918914794922,0.32097816467285156,0.8838951587677002,0.9267767767767767,0.9267767767767767,0.16936936936936936,0.00922922922922923,0.7286972403526306,0.6316289305686951,0.9100938439369202,0.10642578452825546,0.25,0.25,0.25,0.25,
78,1.6303218603134155,-0.8162656426429749,14.300335884094238,0.32006824016571045,0.871463418006897,0.9258258258258258,0.9258258258258258,0.17027027027027028,0.00921921921921922,0.7295905351638794,0.6259185671806335,0.9113895893096924,0.11284442245960236,0.25,0.125,0.125,0.5,
79,0.8914890885353088,-0.9321273565292358,10.585951805114746,0.32019564509391785,0.8657895922660828,0.9248748748748749,0.9248748748748749,0.17117117117117117,0.00920920920920921,0.7294356226921082,0.6234255433082581,0.9056951999664307,0.11548697203397751,0.125,0.25,0.375,0.25,
80,0.9939737915992737,-0.944188117980957,11.197554588317871,0.31849950551986694,0.8445537090301514,0.923923923923924,0.923923923923924,0.1720720720720721,0.009199199199199199,0.731165885925293,0.6227142810821533,0.9461414217948914,0.1250923126935959,0.25,0.375,0.25,0.125,7.36535120010376
81,0.4364885985851288,-0.9223292469978333,7.79025936126709,0.31700995564460754,0.8400418162345886,0.922972972972973,0.922972972972973,0.17297297297297298,0.009189189189189189,0.7322184443473816,0.6289823651313782,0.9538056254386902,0.127163827419281,0.25,0.5,0.0,0.25,
82,0.5086973309516907,-0.8890172243118286,7.975360870361328,0.3168550729751587,0.8099283576011658,0.922022022022022,0.922022022022022,0.17387387387387387,0.00917917917917918,0.732918918132782,0.6237593293190002,0.9609286785125732,0.1401788592338562,0.25,0.125,0.25,0.375,
83,-0.6009347438812256,-1.134279489517212,2.9885895252227783,0.3147633969783783,0.8128549456596375,0.9210710710710711,0.9210710710710711,0.17477477477477477,0.00916916916916917,0.7341251373291016,0.6312267780303955,0.9519702196121216,0.1392103135585785,0.25,0.5,0.125,0.125,
84,-0.7307882905006409,-0.8268792033195496,0.48584112524986267,0.31636160612106323,0.7842811346054077,0.9201201201201201,0.9201201201201201,0.17567567567567569,0.00915915915915916,0.7332291007041931,0.6224584579467773,0.93210369348526,0.150867760181427,0.125,0.5,0.125,0.25,
85,-0.6597769260406494,-0.7186164855957031,0.2732180058956146,0.31480902433395386,0.7715463638305664,0.9191691691691691,0.9191691691691691,0.17657657657657658,0.00914914914914915,0.7345220446586609,0.6237022876739502,0.9730135798454285,0.15568490326404572,0.375,0.0,0.375,0.25,
86,-0.8170568346977234,-0.8625022172927856,0.19761040806770325,0.31247976422309875,0.7518206834793091,0.9182182182182183,0.9182182182182183,0.1774774774774775,0.009139139139139139,0.7367682456970215,0.6297428011894226,0.9817572832107544,0.1629968285560608,0.25,0.25,0.25,0.25,
87,-0.722968339920044,-0.8160250782966614,0.4638686180114746,0.30967527627944946,0.7485584020614624,0.9172672672672673,0.9172672672672673,0.1783783783783784,0.009129129129129129,0.7386564016342163,0.6253283619880676,0.9851173162460327,0.1646881252527237,0.25,0.625,0.125,0.0,
88,-0.671248733997345,-0.9088212251663208,1.2688335180282593,0.3073274791240692,0.7294329404830933,0.9163163163163164,0.9163163163163164,0.17927927927927928,0.00911911911911912,0.7409116625785828,0.6312447786331177,0.9984090924263,0.17188279330730438,0.5,0.125,0.125,0.25,
89,-0.679023802280426,-0.9736448526382446,1.5795907974243164,0.30442094802856445,0.7237052321434021,0.9153653653653654,0.9153653653653654,0.18018018018018017,0.00910910910910911,0.7431318163871765,0.6317030787467957,1.0097522735595703,0.174406498670578,0.25,0.5,0.25,0.0,
90,-0.4682772755622864,-0.811070442199707,1.838305950164795,0.3032158315181732,0.7151746153831482,0.9144144144144144,0.9144144144144144,0.1810810810810811,0.0090990990990991,0.7442805767059326,0.6276453733444214,0.9940927624702454,0.17785875499248505,0.375,0.25,0.125,0.25,
91,-0.4512871205806732,-0.9445647597312927,2.6568145751953125,0.30116021633148193,0.7047991752624512,0.9134634634634635,0.9134634634634635,0.181981981981982,0.009089089089089088,0.7462493777275085,0.6297632455825806,1.0243347883224487,0.1814345121383667,0.25,0.125,0.5,0.125,
92,-0.304030179977417,-0.73436039686203,2.2993407249450684,0.3001021146774292,0.7095478773117065,0.9125125125125125,0.9125125125125125,0.1828828828828829,0.009079079079079079,0.7469707727432251,0.6322141885757446,1.0260543823242188,0.17935660481452942,0.25,0.125,0.375,0.25,
93,-0.6621299386024475,-0.9998586773872375,1.783705711364746,0.2986690402030945,0.720390260219574,0.9115615615615615,0.9115615615615615,0.1837837837837838,0.009069069069069069,0.7478345632553101,0.6306977868080139,1.0265178680419922,0.17477229237556458,0.5,0.25,0.0,0.25,
94,-0.8292648196220398,-0.9704962968826294,0.7104507088661194,0.29452449083328247,0.7353934049606323,0.9106106106106107,0.9106106106106107,0.18468468468468469,0.00905905905905906,0.7505958080291748,0.6295973062515259,1.0268957614898682,0.16844594478607178,0.0,0.125,0.375,0.5,
95,-0.5606565475463867,-0.7770569920539856,1.1116862297058105,0.2969159483909607,0.7400703430175781,0.9096596596596597,0.9096596596596597,0.18558558558558558,0.00904904904904905,0.7489475011825562,0.6324543952941895,1.0137042999267578,0.16570328176021576,0.625,0.125,0.25,0.0,
96,-0.9026996493339539,-1.0262778997421265,0.6084510087966919,0.2936140298843384,0.7456342577934265,0.9087087087087087,0.9087087087087087,0.1864864864864865,0.00903903903903904,0.7512849569320679,0.6411060690879822,1.0206303596496582,0.16321037709712982,0.25,0.0,0.5,0.25,
97,-0.6670670509338379,-0.7141923904418945,0.19591867923736572,0.29787659645080566,0.7723087668418884,0.9077577577577578,0.9077577577577578,0.18738738738738742,0.009029029029029028,0.7475204467773438,0.6281958222389221,0.9983112215995789,0.15164434909820557,0.25,0.125,0.125,0.5,
98,-0.880715012550354,-0.9169443249702454,0.1369926631450653,0.30072933435440063,0.772292971611023,0.9068068068068068,0.9068068068068068,0.1882882882882883,0.009019019019019019,0.7455114126205444,0.6219757795333862,0.9960483908653259,0.15116046369075775,0.125,0.25,0.375,0.25,
99,-0.9434221386909485,-0.9811835289001465,0.14417506754398346,0.30254000425338745,0.7759464979171753,0.9058558558558558,0.9058558558558558,0.1891891891891892,0.009009009009009009,0.7441365122795105,0.6238327622413635,0.9976779818534851,0.14957848191261292,0.25,0.375,0.0,0.375,
100,-0.6993948221206665,-0.7469479441642761,0.1945590376853943,0.3026120066642761,0.7846171259880066,0.9049049049049049,0.9049049049049049,0.1900900900900901,0.008998998998999,0.7438033819198608,0.6125586628913879,0.9951140284538269,0.14699296653270721,0.25,0.375,0.125,0.25,0.1663997322320938
101,-0.799511194229126,-0.8410810232162476,0.16198435425758362,0.3020160496234894,0.7917441725730896,0.903953953953954,0.903953953953954,0.19099099099099098,0.00898898898898899,0.7440494894981384,0.6110504865646362,0.9781344532966614,0.14423969388008118,0.375,0.125,0.375,0.125,
102,-0.8235437273979187,-0.8605448007583618,0.13754302263259888,0.3053034543991089,0.7866336703300476,0.903003003003003,0.903003003003003,0.1918918918918919,0.00897897897897898,0.7421161532402039,0.6053667664527893,0.9821975827217102,0.1452285647392273,0.125,0.375,0.25,0.25,
103,-0.7281887531280518,-0.865565299987793,0.6571838855743408,0.3017962872982025,0.7969464063644409,0.9020520520520521,0.9020520520520521,0.1927927927927928,0.008968968968968968,0.7443177103996277,0.6006675362586975,0.9692155122756958,0.1425648033618927,0.25,0.0,0.5,0.25,
104,-0.7205579280853271,-0.8364927172660828,0.5434474945068359,0.30289483070373535,0.7958841323852539,0.9011011011011011,0.9011011011011011,0.1936936936936937,0.008958958958958959,0.743700385093689,0.5939157009124756,0.9738427996635437,0.14281290769577026,0.25,0.125,0.25,0.375,
105,-0.618240475654602,-0.6769825220108032,0.24731048941612244,0.3008890450000763,0.7924167513847351,0.9001501501501501,0.9001501501501501,0.1945945945945946,0.008948948948948949,0.7452620267868042,0.5897309184074402,0.9783942699432373,0.1451261341571808,0.25,0.125,0.25,0.375,
106,-0.7583703398704529,-0.8088212013244629,0.20338580012321472,0.30064284801483154,0.8002429008483887,0.8991991991991992,0.8991991991991992,0.1954954954954955,0.00893893893893894,0.7455333471298218,0.5825146436691284,0.9571191668510437,0.14162439107894897,0.0,0.5,0.125,0.375,
107,-0.7309495210647583,-0.779565155506134,0.19404038786888123,0.3036661446094513,0.779539942741394,0.8982482482482482,0.8982482482482482,0.1963963963963964,0.00892892892892893,0.7444130778312683,0.5780341029167175,0.994480550289154,0.14928847551345825,0.375,0.25,0.125,0.25,
108,-0.37605807185173035,-0.4078136086463928,0.1083916574716568,0.2978334426879883,0.771382212638855,0.8972972972972972,0.8972972972972972,0.1972972972972973,0.00891891891891892,0.7487732172012329,0.5764921307563782,1.0059430599212646,0.15350040793418884,0.5,0.125,0.125,0.25,
109,-0.9702305197715759,-1.0077215433120728,0.13754527270793915,0.29731667041778564,0.7581077814102173,0.8963463463463464,0.8963463463463464,0.1981981981981982,0.00890890890890891,0.749640166759491,0.5678265690803528,1.0164103507995605,0.15878944098949432,0.125,0.375,0.125,0.375,
110,-1.148932695388794,-1.1939303874969482,0.1747015416622162,0.30118632316589355,0.7534626722335815,0.8953953953953954,0.8953953953953954,0.19909909909909912,0.008898898898898899,0.7474168539047241,0.5633217692375183,1.008568286895752,0.15939824283123016,0.125,0.25,0.375,0.25,
111,-0.5766422748565674,-0.6546880006790161,0.340064138174057,0.2979024052619934,0.7384907603263855,0.8944444444444445,0.8944444444444445,0.2,0.008888888888888889,0.7499363422393799,0.5594330430030823,1.0301775932312012,0.16594360768795013,0.375,0.375,0.125,0.125,
112,-0.7992307543754578,-0.890396237373352,0.403933048248291,0.29771167039871216,0.7371577024459839,0.8934934934934935,0.8934934934934935,0.2009009009009009,0.00887887887887888,0.7500736117362976,0.5572022199630737,1.0274341106414795,0.16645313799381256,0.25,0.25,0.125,0.375,
113,-0.8104123473167419,-0.902177631855011,0.4058929681777954,0.30006468296051025,0.7194130420684814,0.8925425425425425,0.8925425425425425,0.2018018018018018,0.00886886886886887,0.7490288615226746,0.55207759141922,1.0354969501495361,0.1728651374578476,0.375,0.125,0.375,0.125,
114,-0.3210799992084503,-0.6643986701965332,1.6455421447753906,0.303506076335907,0.7074122428894043,0.8915915915915916,0.8915915915915916,0.2027027027027027,0.00885885885885886,0.7470539808273315,0.5507838726043701,1.0365334749221802,0.17755645513534546,0.25,0.5,0.125,0.125,
115,-0.6767573952674866,-0.8613491058349609,0.8583444356918335,0.3017981946468353,0.7159087061882019,0.8906406406406406,0.8906406406406406,0.2036036036036036,0.008848848848848848,0.7479363679885864,0.551861584186554,1.037219762802124,0.17429518699645996,0.125,0.125,0.375,0.375,
116,-0.6639428734779358,-0.7725920677185059,0.4833657741546631,0.2995516359806061,0.7150993347167969,0.8896896896896896,0.8896896896896896,0.20450450450450453,0.008838838838838839,0.7496024966239929,0.5489303469657898,1.0488390922546387,0.17524415254592896,0.0,0.125,0.5,0.375,
117,-0.4499324560165405,-0.5553900003433228,0.46596261858940125,0.2985877990722656,0.7110128402709961,0.8887387387387388,0.8887387387387388,0.20540540540540542,0.008828828828828829,0.7504175901412964,0.5472241044044495,1.0486207008361816,0.17669372260570526,0.375,0.125,0.125,0.375,
118,-0.03984243422746658,-0.11144959926605225,0.2999877631664276,0.29892557859420776,0.7081624865531921,0.8877877877877878,0.8877877877877878,0.2063063063063063,0.00881881881881882,0.7504037618637085,0.5429622530937195,1.0520765781402588,0.17825442552566528,0.125,0.25,0.375,0.25,
119,-1.0723429918289185,-1.1534031629562378,0.3445231318473816,0.29996657371520996,0.7030083537101746,0.8868368368368369,0.8868368368368369,0.2072072072072072,0.00880880880880881,0.7499053478240967,0.5380253195762634,1.051767349243164,0.17975789308547974,0.125,0.0,0.375,0.5,
120,-0.8815538883209229,-0.9348075985908508,0.20955383777618408,0.3005410134792328,0.6999415755271912,0.8858858858858859,0.8858858858858859,0.20810810810810812,0.0087987987987988,0.7496370077133179,0.5366012454032898,1.0625919103622437,0.18133215606212616,0.375,0.125,0.125,0.375,0.16727890074253082
121,-0.8520384430885315,-0.8896253705024719,0.13448503613471985,0.2965794801712036,0.6871731281280518,0.8849349349349349,0.8849349349349349,0.20900900900900904,0.008788788788788788,0.752515971660614,0.5324742197990417,1.062638282775879,0.18639235198497772,0.125,0.25,0.125,0.5,
122,-0.8993489146232605,-0.9375576376914978,0.1367906928062439,0.30018043518066406,0.6859793663024902,0.883983983983984,0.883983983983984,0.20990990990990993,0.008778778778778779,0.7503278255462646,0.5305120348930359,1.057840347290039,0.18687212467193604,0.375,0.375,0.25,0.0,
123,-0.4329807460308075,-0.5979530215263367,0.738231897354126,0.29898351430892944,0.6723315715789795,0.883033033033033,0.883033033033033,0.21081081081081082,0.008768768768768769,0.751457154750824,0.5276787877082825,1.0641976594924927,0.1923288106918335,0.125,0.25,0.5,0.125,
124,-0.4295821189880371,-0.6730262637138367,1.106461763381958,0.2953145205974579,0.6606650352478027,0.882082082082082,0.882082082082082,0.21171171171171171,0.008758758758758759,0.754157543182373,0.5242547392845154,1.066542625427246,0.19706842303276062,0.75,0.25,0.0,0.0,
125,-0.6719857454299927,-0.846603274345398,0.7776036262512207,0.29665398597717285,0.6693851947784424,0.8811311311311312,0.8811311311311312,0.21261261261261263,0.00874874874874875,0.7534518241882324,0.5202436447143555,1.048206090927124,0.19256167113780975,0.25,0.5,0.0,0.25,
126,-0.9478743672370911,-1.0544955730438232,0.4560577869415283,0.29594701528549194,0.6660510897636414,0.8801801801801802,0.8801801801801802,0.2135135135135135,0.00873873873873874,0.7540013790130615,0.5203178524971008,1.0449069738388062,0.1940070241689682,0.375,0.25,0.375,0.0,
127,-0.961883008480072,-1.0135393142700195,0.19761067628860474,0.29486697912216187,0.6711983680725098,0.8792292292292292,0.8792292292292292,0.21441441441441442,0.008728728728728728,0.754675567150116,0.5169739723205566,1.0432045459747314,0.19188907742500305,0.375,0.0,0.125,0.5,
128,-0.6745320558547974,-0.7183799743652344,0.1608036607503891,0.2956445515155792,0.6646750569343567,0.8782782782782783,0.8782782782782783,0.21531531531531534,0.008718718718718719,0.7540437579154968,0.5172138214111328,1.03484046459198,0.19547143578529358,0.375,0.25,0.125,0.25,
129,-0.8453410267829895,-0.8863525390625,0.14682117104530334,0.29631927609443665,0.6685776710510254,0.8773273273273273,0.8773273273273273,0.21621621621621623,0.008708708708708709,0.7534372210502625,0.51837158203125,1.0261517763137817,0.19392375648021698,0.375,0.5,0.125,0.0,
130,-0.8385156393051147,-0.86771559715271,0.09223257750272751,0.2984376549720764,0.657868504524231,0.8763763763763763,0.8763763763763763,0.21711711711711712,0.008698698698698699,0.7516681551933289,0.5258921384811401,1.0282880067825317,0.20023970305919647,0.125,0.125,0.75,0.0,
131,-0.7783730626106262,-0.8167226314544678,0.1333206295967102,0.29892677068710327,0.6685988306999207,0.8754254254254255,0.8754254254254255,0.218018018018018,0.00868868868868869,0.751496434211731,0.5188916325569153,1.019675374031067,0.1949007511138916,0.125,0.375,0.25,0.25,
132,-1.03080153465271,-1.0561630725860596,0.07318912446498871,0.3022639751434326,0.6715942621231079,0.8744744744744745,0.8744744744744745,0.2189189189189189,0.00867867867867868,0.7493686079978943,0.5155832767486572,1.0182673931121826,0.19427791237831116,0.25,0.125,0.375,0.25,
133,-1.0458590984344482,-1.07912278175354,0.10922989994287491,0.2978787422180176,0.6670610308647156,0.8735235235235235,0.8735235235235235,0.21981981981981982,0.008668668668668668,0.7523841857910156,0.5133259892463684,1.0181734561920166,0.19605407118797302,0.375,0.5,0.125,0.0,
134,-1.0737131834030151,-1.1048190593719482,0.09893888235092163,0.3008561134338379,0.6663074493408203,0.8725725725725726,0.8725725725725726,0.22072072072072074,0.008658658658658658,0.7506117820739746,0.5111765265464783,1.028700828552246,0.19680115580558777,0.125,0.375,0.25,0.25,
135,-0.9271712303161621,-0.9246178865432739,-0.05289275199174881,0.30309629440307617,0.6547518968582153,0.8716216216216216,0.8716216216216216,0.22162162162162163,0.008648648648648649,0.7492002844810486,0.5091438293457031,1.030184268951416,0.2025681734085083,0.5,0.25,0.125,0.125,
136,-0.7407681941986084,-0.7640274167060852,0.06353046000003815,0.3045766055583954,0.6491138339042664,0.8706706706706706,0.8706706706706706,0.22252252252252253,0.008638638638638639,0.7484779357910156,0.5067051649093628,1.0344977378845215,0.20512531697750092,0.125,0.25,0.375,0.25,
137,-1.2117770910263062,-1.2322542667388916,0.05132460594177246,0.3035387098789215,0.6390975713729858,0.8697197197197197,0.8697197197197197,0.22342342342342342,0.00862862862862863,0.7491234540939331,0.5073134303092957,1.0350793600082397,0.20910975337028503,0.125,0.25,0.375,0.25,
138,-0.7907320857048035,-0.8218785524368286,0.09912915527820587,0.30556008219718933,0.6275874376296997,0.8687687687687687,0.8687687687687687,0.2243243243243243,0.00861861861861862,0.7477921843528748,0.5078797936439514,1.0395798683166504,0.21419602632522583,0.125,0.75,0.0,0.125,
139,-0.9051222801208496,-0.9335238337516785,0.08654378354549408,0.3056766390800476,0.6278306245803833,0.8678178178178179,0.8678178178178179,0.22522522522522523,0.008608608608608608,0.7477258443832397,0.508300244808197,1.032981514930725,0.21395687758922577,0.125,0.375,0.125,0.375,
140,-1.0058372020721436,-1.0396602153778076,0.11031386256217957,0.3086563050746918,0.6224195957183838,0.8668668668668669,0.8668668668668669,0.22612612612612615,0.008598598598598598,0.7458634376525879,0.5091174244880676,1.0362064838409424,0.21654629707336426,0.375,0.375,0.0,0.25,0.10929103195667267
141,-0.7920344471931458,-0.8375567197799683,0.16087451577186584,0.30806538462638855,0.635357141494751,0.8659159159159159,0.8659159159159159,0.22702702702702704,0.008588588588588589,0.7465262413024902,0.5137162208557129,1.0289766788482666,0.2102198600769043,0.125,0.375,0.375,0.125,
142,-0.8779519200325012,-0.9055113792419434,0.08222510665655136,0.30674588680267334,0.6186658143997192,0.864964964964965,0.864964964964965,0.22792792792792793,0.008578578578578579,0.747164249420166,0.5085827708244324,1.033698558807373,0.21787214279174805,0.375,0.125,0.25,0.25,
143,-1.0960584878921509,-1.108335018157959,0.01473742350935936,0.3114461302757263,0.623562216758728,0.864014014014014,0.864014014014014,0.22882882882882882,0.00856856856856857,0.7437539100646973,0.5099654197692871,1.02707839012146,0.21617254614830017,0.0,0.375,0.5,0.125,
144,-0.9510650634765625,-0.9730792045593262,0.05698652192950249,0.31483036279678345,0.6228131651878357,0.8630630630630631,0.8630630630630631,0.22972972972972974,0.008558558558558558,0.7415487170219421,0.5077388882637024,1.0209623575210571,0.21670375764369965,0.125,0.5,0.375,0.0,
145,-1.0019928216934204,-0.969463586807251,-0.18002860248088837,0.31297439336776733,0.6315292716026306,0.8621121121121121,0.8621121121121121,0.23063063063063063,0.008548548548548548,0.742905855178833,0.5073214173316956,1.0125337839126587,0.21254998445510864,0.25,0.25,0.375,0.125,
146,-0.9419567584991455,-0.9008774161338806,-0.2158677875995636,0.31211337447166443,0.6235899329185486,0.8611611611611611,0.8611611611611611,0.23153153153153155,0.008538538538538538,0.7436537146568298,0.5066549181938171,1.0211031436920166,0.21564768254756927,0.5,0.375,0.0,0.125,
147,-0.8386029005050659,-0.7921267151832581,-0.23815682530403137,0.3115115165710449,0.6222397089004517,0.8602102102102103,0.8602102102102103,0.23243243243243242,0.008528528528528529,0.7439810037612915,0.5073385238647461,1.0182266235351562,0.21645841002464294,0.5,0.0,0.375,0.125,
148,-1.1543636322021484,-1.110378384590149,-0.2264772355556488,0.3087323009967804,0.6229443550109863,0.8592592592592593,0.8592592592592593,0.23333333333333334,0.008518518518518519,0.7459968328475952,0.5094553828239441,1.0157655477523804,0.21610814332962036,0.625,0.125,0.125,0.125,
149,-0.9665507078170776,-0.9356711506843567,-0.169444277882576,0.3051457107067108,0.6213755011558533,0.8583083083083083,0.8583083083083083,0.23423423423423423,0.00850850850850851,0.7483305335044861,0.5169751048088074,1.0105705261230469,0.21672360599040985,0.25,0.375,0.125,0.25,
150,-0.7687426805496216,-0.7807808518409729,0.014708150178194046,0.3030726909637451,0.6004141569137573,0.8573573573573574,0.8573573573573574,0.23513513513513515,0.0084984984984985,0.749642014503479,0.5193620324134827,1.0196268558502197,0.2259143590927124,0.125,0.25,0.25,0.375,
151,-0.9034615755081177,-0.8879334330558777,-0.10228811204433441,0.3068593442440033,0.6010765433311462,0.8564064064064064,0.8564064064064064,0.23603603603603604,0.008488488488488488,0.747750461101532,0.5025849938392639,1.0245834589004517,0.22504842281341553,0.125,0.5,0.125,0.25,
152,-0.9081767797470093,-0.8828231692314148,-0.1433071494102478,0.3078957200050354,0.599064826965332,0.8554554554554554,0.8554554554554554,0.23693693693693696,0.008478478478478478,0.7474767565727234,0.49891138076782227,1.0223016738891602,0.22529959678649902,0.625,0.25,0.125,0.0,
153,-1.008589744567871,-0.9501838684082031,-0.28150516748428345,0.3075346350669861,0.5942374467849731,0.8545045045045045,0.8545045045045045,0.23783783783783785,0.008468468468468469,0.7479133605957031,0.4942213296890259,1.0112218856811523,0.2270202487707138,0.0,0.625,0.125,0.25,
154,-0.9133772253990173,-0.8782137036323547,-0.1825769692659378,0.30897101759910583,0.5811272263526917,0.8535535535535536,0.8535535535535536,0.23873873873873874,0.008458458458458459,0.7471932172775269,0.48552143573760986,1.0296516418457031,0.23252539336681366,0.125,0.375,0.375,0.125,
155,-0.887317955493927,-0.8385744094848633,-0.23826102912425995,0.3076384663581848,0.5754178762435913,0.8526026026026026,0.8526026026026026,0.23963963963963966,0.00844844844844845,0.7482807636260986,0.48565003275871277,1.022284746170044,0.2344001978635788,0.375,0.375,0.0,0.25,
156,-1.0585194826126099,-0.9937253594398499,-0.3038840889930725,0.30909305810928345,0.5694029927253723,0.8516516516516517,0.8516516516516517,0.24054054054054055,0.008438438438438438,0.7474273443222046,0.48326611518859863,1.0177994966506958,0.23669052124023438,0.25,0.25,0.25,0.25,
157,-0.8247560262680054,-0.7691716551780701,-0.2647506296634674,0.31079164147377014,0.5717873573303223,0.8507007007007007,0.8507007007007007,0.24144144144144147,0.008428428428428428,0.7463154792785645,0.47857552766799927,1.0017220973968506,0.2353430986404419,0.25,0.125,0.25,0.375,
158,-1.0154643058776855,-0.931898832321167,-0.37954312562942505,0.31658488512039185,0.5748708248138428,0.8497497497497497,0.8497497497497497,0.24234234234234234,0.008418418418418418,0.7423834800720215,0.4720812439918518,1.0125654935836792,0.2347259521484375,0.375,0.125,0.5,0.0,
159,-0.7829190492630005,-0.6870119571685791,-0.4288836717605591,0.3161746859550476,0.5757373571395874,0.8487987987987988,0.8487987987987988,0.24324324324324326,0.008408408408408409,0.7428261637687683,0.47659796476364136,1.0006487369537354,0.23393642902374268,0.375,0.5,0.125,0.0,
160,-1.0034760236740112,-0.9119429588317871,-0.4093077778816223,0.3146038055419922,0.5754780769348145,0.8478478478478478,0.8478478478478478,0.24414414414414415,0.008398398398398399,0.7440416812896729,0.4740448296070099,0.9988864064216614,0.23343190550804138,0.375,0.25,0.125,0.25,-0.3885156512260437
161,-1.2057677507400513,-1.1212372779846191,-0.3792944550514221,0.31751224398612976,0.5750417709350586,0.8468968968968968,0.8468968968968968,0.24504504504504507,0.00838838838838839,0.742484986782074,0.46616849303245544,0.9965254664421082,0.23340630531311035,0.5,0.125,0.25,0.125,
162,-0.5468003749847412,-0.4518950581550598,-0.41979604959487915,0.3148350715637207,0.5704001188278198,0.845945945945946,0.845945945945946,0.24594594594594596,0.008378378378378378,0.7443410754203796,0.4707075357437134,0.9922727942466736,0.23505830764770508,0.5,0.25,0.125,0.125,
163,-0.8481462001800537,-0.7634937763214111,-0.3770681321620941,0.3192330300807953,0.5754165649414062,0.844994994994995,0.844994994994995,0.24684684684684685,0.008368368368368368,0.7420174479484558,0.4610164761543274,0.9977098107337952,0.23276755213737488,0.25,0.375,0.25,0.125,
164,-0.8922416567802429,-0.8109074831008911,-0.36224743723869324,0.3223371207714081,0.5717657804489136,0.8440440440440441,0.8440440440440441,0.24774774774774774,0.008358358358358358,0.7403249740600586,0.45769044756889343,0.9920291304588318,0.23479783535003662,0.5,0.125,0.0,0.375,
165,-0.6653590798377991,-0.6298129558563232,-0.17641353607177734,0.3182658553123474,0.5661840438842773,0.8430930930930931,0.8430930930930931,0.24864864864864866,0.008348348348348349,0.7435436248779297,0.45756205916404724,0.9783986210823059,0.23670315742492676,0.375,0.25,0.25,0.125,
166,-1.009811520576477,-0.9887999296188354,-0.11736074835062027,0.3181770443916321,0.5622571706771851,0.8421421421421421,0.8421421421421421,0.24954954954954955,0.008338338338338339,0.744504451751709,0.45386427640914917,0.9737989902496338,0.23726820945739746,0.375,0.25,0.25,0.125,
167,-0.9536950588226318,-0.8715927600860596,-0.36054450273513794,0.32059288024902344,0.5526272654533386,0.8411911911911911,0.8411911911911911,0.25045045045045045,0.00832832832832833,0.7433794736862183,0.4403233528137207,0.9834678173065186,0.24188265204429626,0.25,0.625,0.0,0.125,
168,-0.919597864151001,-0.8304864764213562,-0.38699936866760254,0.32358402013778687,0.5469759702682495,0.8402402402402402,0.8402402402402402,0.25135135135135134,0.008318318318318318,0.7417671084403992,0.4348810613155365,0.9825802445411682,0.2446133941411972,0.25,0.375,0.125,0.25,
169,-0.8996893167495728,-0.8113787174224854,-0.3821200430393219,0.32181692123413086,0.54063481092453,0.8392892892892894,0.8392892892892894,0.25225225225225223,0.008308308308308308,0.7435545921325684,0.4356575012207031,0.9806052446365356,0.2462964951992035,0.25,0.25,0.25,0.25,
170,-1.220619559288025,-1.1259827613830566,-0.40539973974227905,0.323387086391449,0.530791163444519,0.8383383383383384,0.8383383383383384,0.2531531531531531,0.008298298298298298,0.7429827451705933,0.43144214153289795,0.9806370735168457,0.2504213750362396,0.375,0.25,0.25,0.125,
171,-1.0332695245742798,-0.967105507850647,-0.29193809628486633,0.32737430930137634,0.5290744304656982,0.8373873873873874,0.8373873873873874,0.25405405405405407,0.008288288288288289,0.7407821416854858,0.42048412561416626,0.9819371104240417,0.25098717212677,0.25,0.125,0.5,0.125,
172,-0.9143030047416687,-0.8786311149597168,-0.17132478952407837,0.33135509490966797,0.5265177488327026,0.8364364364364365,0.8364364364364365,0.25495495495495496,0.008278278278278279,0.7385318279266357,0.41826772689819336,0.9777976870536804,0.25237569212913513,0.25,0.5,0.0,0.25,
173,-0.9667991399765015,-0.8769069910049438,-0.38207167387008667,0.3254712224006653,0.5172004103660583,0.8354854854854855,0.8354854854854855,0.2558558558558559,0.008268268268268267,0.7427196502685547,0.4202994406223297,0.9890170693397522,0.25607526302337646,0.125,0.125,0.625,0.125,
174,-1.1540145874023438,-1.0598429441452026,-0.3972606360912323,0.32232898473739624,0.5165910720825195,0.8345345345345345,0.8345345345345345,0.25675675675675674,0.00825825825825826,0.7450131177902222,0.4239368438720703,0.9910240769386292,0.25610649585723877,0.375,0.375,0.125,0.125,
175,-0.8545296788215637,-0.7617447972297668,-0.3905664384365082,0.32624801993370056,0.5156571269035339,0.8335835835835836,0.8335835835835836,0.2576576576576577,0.008248248248248248,0.7427725791931152,0.41548335552215576,1.0001893043518066,0.2568105459213257,0.0,0.375,0.25,0.375,
176,-1.1524015665054321,-1.0463329553604126,-0.43980878591537476,0.3219532072544098,0.49954748153686523,0.8326326326326327,0.8326326326326327,0.2585585585585586,0.008238238238238238,0.7462579607963562,0.4195069372653961,0.9993590712547302,0.26405009627342224,0.125,0.375,0.125,0.375,
177,-0.9504092335700989,-0.8546773195266724,-0.39889001846313477,0.3275510370731354,0.5068709850311279,0.8316816816816817,0.8316816816816817,0.2594594594594595,0.008228228228228229,0.7429565191268921,0.41617047786712646,0.9945968985557556,0.2609400451183319,0.125,0.375,0.25,0.25,
178,-0.2595462203025818,-0.1971120983362198,-0.26940712332725525,0.32432177662849426,0.5043476223945618,0.8307307307307308,0.8307307307307308,0.26036036036036037,0.008218218218218219,0.7458229064941406,0.41647547483444214,1.0052251815795898,0.2616540193557739,0.375,0.25,0.0,0.375,
179,-0.9021717309951782,-0.8333970308303833,-0.291977196931839,0.3216836452484131,0.48671960830688477,0.8297797797797798,0.8297797797797798,0.26126126126126126,0.00820820820820821,0.7479814291000366,0.41399264335632324,1.0077756643295288,0.26939982175827026,0.25,0.25,0.25,0.25,
180,-0.9379860162734985,-0.8733154535293579,-0.27513599395751953,0.323927104473114,0.4804045557975769,0.8288288288288288,0.8288288288288288,0.26216216216216215,0.008198198198198198,0.7468727827072144,0.41152653098106384,1.0045000314712524,0.2723963260650635,0.125,0.25,0.125,0.5,-0.26738640666007996
181,-1.1391328573226929,-1.0813382863998413,-0.248458594083786,0.3273952901363373,0.48849067091941833,0.8278778778778779,0.8278778778778779,0.26306306306306304,0.008188188188188188,0.744617223739624,0.41256603598594666,1.003679871559143,0.26902204751968384,0.5,0.125,0.25,0.125,
182,-0.849153995513916,-0.7591211795806885,-0.3693583011627197,0.321702778339386,0.48335012793540955,0.8269269269269269,0.8269269269269269,0.263963963963964,0.008178178178178178,0.74872225522995,0.413061261177063,1.0043885707855225,0.2711820900440216,0.25,0.375,0.125,0.25,
183,-1.011796474456787,-0.9052929282188416,-0.43050616979599,0.32487738132476807,0.4868820309638977,0.8259759759759759,0.8259759759759759,0.2648648648648649,0.008168168168168169,0.7463866472244263,0.4153928756713867,0.9976187348365784,0.2699640393257141,0.375,0.5,0.0,0.125,
184,-1.0289057493209839,-0.9226235747337341,-0.4279565215110779,0.3215791881084442,0.48305413126945496,0.8250250250250251,0.8250250250250251,0.2657657657657658,0.008158158158158159,0.7488836050033569,0.4175458252429962,0.9976757168769836,0.27152740955352783,0.375,0.375,0.125,0.125,
185,-0.9910697340965271,-0.9035916328430176,-0.35605254769325256,0.3205175995826721,0.48575830459594727,0.8240740740740741,0.8240740740740741,0.26666666666666666,0.00814814814814815,0.750372588634491,0.4172760248184204,1.0106489658355713,0.2701980769634247,0.125,0.5,0.25,0.125,
186,-1.0998677015304565,-1.0174942016601562,-0.3356764316558838,0.31770840287208557,0.485710084438324,0.8231231231231231,0.8231231231231231,0.2675675675675676,0.008138138138138138,0.752785861492157,0.42061156034469604,1.009194016456604,0.2700762450695038,0.25,0.25,0.375,0.125,
187,-0.8895003199577332,-0.7983599305152893,-0.36701273918151855,0.31660664081573486,0.481753408908844,0.8221721721721722,0.8221721721721722,0.2684684684684685,0.008128128128128128,0.7538925409317017,0.41910994052886963,1.0143816471099854,0.27185094356536865,0.125,0.375,0.125,0.375,
188,-1.04421865940094,-0.9495448470115662,-0.37904393672943115,0.3183436989784241,0.4844609200954437,0.8212212212212212,0.8212212212212212,0.2693693693693694,0.008118118118118118,0.7534232139587402,0.4159214496612549,1.0194239616394043,0.27077531814575195,0.125,0.375,0.125,0.375,
189,-0.865594744682312,-0.789229691028595,-0.30972760915756226,0.31472891569137573,0.47932085394859314,0.8202702702702702,0.8202702702702702,0.2702702702702703,0.008108108108108109,0.7559139728546143,0.41677024960517883,1.0333999395370483,0.2732178866863251,0.5,0.0,0.25,0.25,
190,-0.6377117037773132,-0.5724983215332031,-0.2674715220928192,0.311169296503067,0.47972679138183594,0.8193193193193193,0.8193193193193193,0.2711711711711712,0.008098098098098099,0.7598337531089783,0.4045971930027008,1.0385000705718994,0.2729845643043518,0.25,0.5,0.0,0.25,
191,-0.933056652545929,-0.8546322584152222,-0.3150557279586792,0.30714985728263855,0.4809228777885437,0.8183683683683683,0.8183683683683683,0.27207207207207207,0.008088088088088089,0.7630701065063477,0.4020044505596161,1.0461845397949219,0.2725655436515808,0.375,0.375,0.25,0.0,
192,-0.9909307956695557,-0.900334894657135,-0.3586978614330292,0.30483949184417725,0.48564013838768005,0.8174174174174175,0.8174174174174175,0.27297297297297296,0.008078078078078078,0.765767514705658,0.3967747688293457,1.0542426109313965,0.2705569267272949,0.25,0.0,0.25,0.5,
193,-0.4998122751712799,-0.3946992754936218,-0.41094040870666504,0.3051752746105194,0.4970695376396179,0.8164664664664665,0.8164664664664665,0.27387387387387385,0.008068068068068068,0.7649340629577637,0.4009244740009308,1.0598446130752563,0.26584428548812866,0.0,0.5,0.125,0.375,
194,-1.1412972211837769,-1.0268120765686035,-0.4439348876476288,0.30020129680633545,0.507799506187439,0.8155155155155155,0.8155155155155155,0.2747747747747748,0.008058058058058058,0.7680071592330933,0.40353649854660034,1.063660979270935,0.26133543252944946,0.125,0.375,0.375,0.125,
195,-1.070078730583191,-0.9565063118934631,-0.43969476222991943,0.30144330859184265,0.5214738845825195,0.8145645645645646,0.8145645645645646,0.27567567567567564,0.008048048048048049,0.7672514319419861,0.40376609563827515,1.0694057941436768,0.25569209456443787,0.25,0.375,0.375,0.0,
196,-0.9050498008728027,-0.7961029410362244,-0.42186301946640015,0.29854097962379456,0.5330944657325745,0.8136136136136136,0.8136136136136136,0.2765765765765766,0.008038038038038039,0.7692751884460449,0.4046981632709503,1.0694198608398438,0.25096455216407776,0.25,0.25,0.375,0.125,
197,-0.9681691527366638,-0.8757116794586182,-0.361422598361969,0.29639512300491333,0.5449675917625427,0.8126626626626627,0.8126626626626627,0.2774774774774775,0.008028028028028027,0.770409107208252,0.40798628330230713,1.0749270915985107,0.24620747566223145,0.25,0.375,0.375,0.0,
198,-0.9775262475013733,-0.9357178807258606,-0.17858058214187622,0.2937609851360321,0.5549166798591614,0.8117117117117117,0.8117117117117117,0.2783783783783784,0.008018018018018018,0.7725647687911987,0.4070504605770111,1.0726759433746338,0.24222026765346527,0.375,0.0,0.25,0.375,
199,-0.6369346380233765,-0.6139813661575317,-0.1106780543923378,0.2899248003959656,0.5635110139846802,0.8107607607607608,0.8107607607607608,0.2792792792792793,0.008008008008008008,0.7751819491386414,0.41272714734077454,1.076668381690979,0.23889312148094177,0.25,0.375,0.25,0.125,
200,-0.8280607461929321,-0.8121094703674316,-0.08538532257080078,0.28717824816703796,0.5675147771835327,0.8098098098098098,0.8098098098098098,0.2801801801801802,0.007997997997997998,0.7774552702903748,0.41429394483566284,1.0806076526641846,0.2373562455177307,0.125,0.25,0.25,0.375,-0.20004285871982574
201,-0.9423354864120483,-0.9091992378234863,-0.1461813747882843,0.2819499671459198,0.5700355172157288,0.8088588588588589,0.8088588588588589,0.2810810810810811,0.007987987987987989,0.7813568115234375,0.40922221541404724,1.0874512195587158,0.23640117049217224,0.0,0.125,0.5,0.375,
202,-0.7363154292106628,-0.7217657566070557,-0.08018910884857178,0.2853905260562897,0.5785366892814636,0.8079079079079079,0.8079079079079079,0.281981981981982,0.007977977977977979,0.7790389060974121,0.40866225957870483,1.099722146987915,0.2331608384847641,0.0,0.375,0.375,0.25,
203,-0.8956189751625061,-0.9253565669059753,0.07664135098457336,0.2867303490638733,0.5772417187690735,0.806956956956957,0.806956956956957,0.2828828828828829,0.007967967967967969,0.7790220975875854,0.4082648456096649,1.0986769199371338,0.23358067870140076,0.375,0.0,0.375,0.25,
204,-0.7590036988258362,-0.8073336482048035,0.1425236463546753,0.28467032313346863,0.561863362789154,0.806006006006006,0.806006006006006,0.28378378378378377,0.007957957957957958,0.7832465171813965,0.40572428703308105,1.1124725341796875,0.23945999145507812,0.25,0.25,0.125,0.375,
205,-1.0405203104019165,-0.9904507398605347,-0.2037399709224701,0.282812237739563,0.5684282779693604,0.805055055055055,0.805055055055055,0.28468468468468466,0.007947947947947948,0.7830305099487305,0.4066128432750702,1.1174296140670776,0.23699788749217987,0.25,0.0,0.5,0.25,
206,-0.9809243083000183,-0.9099161028862,-0.2765471637248993,0.2875596880912781,0.5687043070793152,0.8041041041041042,0.8041041041041042,0.28558558558558556,0.007937937937937938,0.780620276927948,0.3995494544506073,1.1273282766342163,0.23676542937755585,0.5,0.125,0.25,0.125,
207,-1.0937895774841309,-1.0062190294265747,-0.3329883813858032,0.279646098613739,0.5608996152877808,0.8031531531531532,0.8031531531531532,0.2864864864864865,0.007927927927927928,0.786435604095459,0.40207409858703613,1.1272798776626587,0.2397867739200592,0.25,0.5,0.125,0.125,
208,-1.2213244438171387,-1.1821808815002441,-0.1633559763431549,0.28278088569641113,0.5563893914222717,0.8022022022022022,0.8022022022022022,0.2873873873873874,0.007917917917917919,0.7860908508300781,0.3974963426589966,1.1465624570846558,0.24147693812847137,0.25,0.125,0.125,0.5,
209,-1.0052634477615356,-0.9036804437637329,-0.37937501072883606,0.2801990509033203,0.5570622682571411,0.8012512512512513,0.8012512512512513,0.28828828828828834,0.007907907907907907,0.7875412702560425,0.41228100657463074,1.141577124595642,0.2412268966436386,0.25,0.125,0.125,0.5,
210,-1.0572718381881714,-0.944603681564331,-0.4165283143520355,0.2763655185699463,0.5604597330093384,0.8003003003003003,0.8003003003003003,0.28918918918918923,0.007897897897897898,0.7902354001998901,0.4006022810935974,1.144683837890625,0.2398756742477417,0.375,0.5,0.125,0.0,
211,-1.2217046022415161,-1.1206611394882202,-0.37522566318511963,0.27899059653282166,0.5605260133743286,0.7993493493493493,0.7993493493493493,0.2900900900900901,0.007887887887887888,0.7896177172660828,0.4078435003757477,1.1474299430847168,0.23972706496715546,0.375,0.375,0.125,0.125,
212,-1.1361768245697021,-1.029175043106079,-0.3943622410297394,0.27121150493621826,0.5617467761039734,0.7983983983983984,0.7983983983983984,0.290990990990991,0.007877877877877878,0.7946822047233582,0.41162174940109253,1.1448564529418945,0.23921272158622742,0.5,0.125,0.125,0.25,
213,-1.1700026988983154,-1.146986722946167,-0.10584916174411774,0.2740245461463928,0.5724567770957947,0.7974474474474474,0.7974474474474474,0.2918918918918919,0.007867867867867868,0.7919952273368835,0.40158942341804504,1.1559720039367676,0.23503313958644867,0.25,0.375,0.25,0.125,
214,-0.8193191289901733,-0.7852652072906494,-0.14332564175128937,0.2736319303512573,0.576058030128479,0.7964964964964965,0.7964964964964965,0.2927927927927928,0.007857857857857857,0.7923849821090698,0.4083668291568756,1.1526799201965332,0.23368489742279053,0.25,0.125,0.25,0.375,
215,-0.7565783858299255,-0.6740090847015381,-0.3077159523963928,0.26837849617004395,0.5698751211166382,0.7955455455455456,0.7955455455455456,0.2936936936936937,0.007847847847847847,0.7969977259635925,0.4094766676425934,1.1595540046691895,0.23626218736171722,0.375,0.25,0.125,0.25,
216,-0.7254297733306885,-0.6551284790039062,-0.26502981781959534,0.26572078466415405,0.56923508644104,0.7945945945945946,0.7945945945945946,0.2945945945945946,0.007837837837837838,0.7983595728874207,0.4092506170272827,1.1516363620758057,0.23669981956481934,0.125,0.5,0.25,0.125,
217,-0.767543613910675,-0.694908857345581,-0.2719600796699524,0.2699306607246399,0.5615252256393433,0.7936436436436437,0.7936436436436437,0.2954954954954955,0.007827827827827828,0.7967265844345093,0.40165141224861145,1.1430883407592773,0.23991185426712036,0.125,0.25,0.375,0.25,
218,-0.8586891889572144,-0.7726513147354126,-0.3159669041633606,0.2652902603149414,0.553959310054779,0.7926926926926927,0.7926926926926927,0.29639639639639637,0.007817817817817818,0.799921452999115,0.3959251642227173,1.144195556640625,0.24309924244880676,0.125,0.25,0.375,0.25,
219,-0.8749675154685974,-0.7803440690040588,-0.34402793645858765,0.2679941654205322,0.556272566318512,0.7917417417417417,0.7917417417417417,0.2972972972972973,0.0078078078078078084,0.7978237867355347,0.39918407797813416,1.1385462284088135,0.2423791140317917,0.25,0.5,0.125,0.125,
220,-0.8604755997657776,-0.8005805611610413,-0.22579140961170197,0.264431357383728,0.5373579859733582,0.7907907907907907,0.7907907907907907,0.2981981981981982,0.007797797797797798,0.80271977186203,0.3907511532306671,1.1447429656982422,0.25001323223114014,0.25,0.375,0.25,0.125,-0.33696824312210083
221,-0.9471608996391296,-0.8481630086898804,-0.35617679357528687,0.26523733139038086,0.546867847442627,0.7898398398398399,0.7898398398398399,0.29909909909909915,0.007787787787787787,0.8002702593803406,0.40082991123199463,1.134103536605835,0.24636197090148926,0.375,0.0,0.375,0.25,
222,-0.9013908505439758,-0.8173977732658386,-0.30414897203445435,0.25638872385025024,0.5257472991943359,0.788888888888889,0.788888888888889,0.3,0.0077777777777777776,0.8080605268478394,0.4019485116004944,1.135854959487915,0.25486695766448975,0.25,0.25,0.25,0.25,
223,-1.1299452781677246,-1.0465244054794312,-0.30118632316589355,0.26080286502838135,0.5180536508560181,0.787937937937938,0.787937937937938,0.30090090090090094,0.007767767767767768,0.8064824342727661,0.39627790451049805,1.1374911069869995,0.2579993009567261,0.25,0.0,0.375,0.375,
224,-1.188355565071106,-1.1358369588851929,-0.197458878159523,0.2582710087299347,0.5071260333061218,0.786986986986987,0.786986986986987,0.30180180180180183,0.007757757757757758,0.808942973613739,0.3817989230155945,1.1472417116165161,0.2624962031841278,0.125,0.25,0.5,0.125,
225,-0.7398258447647095,-0.7499756813049316,0.010792884975671768,0.25527089834213257,0.49049609899520874,0.7860360360360361,0.7860360360360361,0.3027027027027027,0.007747747747747748,0.812731921672821,0.379427045583725,1.1488507986068726,0.26934051513671875,0.125,0.625,0.0,0.25,
226,-1.0572447776794434,-0.9503355026245117,-0.3752414584159851,0.2528340220451355,0.505896270275116,0.7850850850850851,0.7850850850850851,0.3036036036036036,0.007737737737737738,0.8105653524398804,0.3977000117301941,1.1355948448181152,0.2629891633987427,0.375,0.375,0.25,0.0,
227,-1.0443665981292725,-1.0025050640106201,-0.16028401255607605,0.25725916028022766,0.495758980512619,0.7841341341341341,0.7841341341341341,0.3045045045045045,0.007727727727727727,0.8096516132354736,0.3924412131309509,1.1366074085235596,0.26707541942596436,0.125,0.0,0.5,0.375,
228,-0.9608478546142578,-0.9353951811790466,-0.10614404082298279,0.2588644325733185,0.4966453015804291,0.7831831831831833,0.7831831831831833,0.3054054054054054,0.0077177177177177175,0.8074769973754883,0.38884273171424866,1.1380276679992676,0.26677238941192627,0.25,0.25,0.25,0.25,
229,-0.7882331609725952,-0.920826256275177,0.4109991192817688,0.2575111985206604,0.47166237235069275,0.7822322322322323,0.7822322322322323,0.3063063063063063,0.007707707707707708,0.8115367293357849,0.36651328206062317,1.14975106716156,0.27714085578918457,0.0,0.0,0.625,0.375,
230,-0.7288796901702881,-0.761465311050415,0.08447407186031342,0.25683319568634033,0.4657575786113739,0.7812812812812813,0.7812812812812813,0.3072072072072072,0.007697697697697698,0.812179446220398,0.37239667773246765,1.139471173286438,0.2795132100582123,0.25,0.375,0.375,0.0,
231,-0.8231406807899475,-0.7579468488693237,-0.23317448794841766,0.2581980228424072,0.4664210081100464,0.7803303303303304,0.7803303303303304,0.3081081081081081,0.007687687687687688,0.8107516169548035,0.3660304546356201,1.1370148658752441,0.2792406976222992,0.375,0.25,0.25,0.125,
232,-0.9070701003074646,-0.8254704475402832,-0.28602832555770874,0.26498645544052124,0.4751216769218445,0.7793793793793794,0.7793793793793794,0.309009009009009,0.007677677677677678,0.8057477474212646,0.37306103110313416,1.1260846853256226,0.2756880223751068,0.375,0.25,0.125,0.25,
233,-1.178321123123169,-1.0657013654708862,-0.3851322531700134,0.2605758309364319,0.4738415479660034,0.7784284284284284,0.7784284284284284,0.3099099099099099,0.007667667667667668,0.8075854182243347,0.38510844111442566,1.1186707019805908,0.27616506814956665,0.25,0.125,0.625,0.0,
234,-1.03093683719635,-0.9489909410476685,-0.284647673368454,0.2582720220088959,0.45478495955467224,0.7774774774774775,0.7774774774774775,0.31081081081081086,0.0076576576576576575,0.8112504482269287,0.3788834810256958,1.1154544353485107,0.2841153144836426,0.25,0.125,0.375,0.25,
235,-0.964023232460022,-0.9045145511627197,-0.21189801394939423,0.2593865394592285,0.45586857199668884,0.7765265265265265,0.7765265265265265,0.31171171171171175,0.007647647647647648,0.8099188804626465,0.3637838065624237,1.1396777629852295,0.2838616371154785,0.25,0.5,0.125,0.125,
236,-0.8506782650947571,-0.763744592666626,-0.29894134402275085,0.2608671486377716,0.4526706635951996,0.7755755755755755,0.7755755755755755,0.31261261261261264,0.007637637637637638,0.8088120222091675,0.3764907717704773,1.110778570175171,0.28518912196159363,0.0,0.5,0.375,0.125,
237,-0.8339415192604065,-0.799098014831543,-0.131386399269104,0.26174864172935486,0.43513649702072144,0.7746246246246247,0.7746246246246247,0.31351351351351353,0.0076276276276276275,0.810614287853241,0.36004385352134705,1.1440160274505615,0.29304563999176025,0.25,0.125,0.25,0.375,
238,-0.9882503747940063,-0.873482346534729,-0.38503438234329224,0.2601732015609741,0.43104416131973267,0.7736736736736737,0.7736736736736737,0.3144144144144144,0.007617617617617618,0.8111075162887573,0.3710898756980896,1.1124380826950073,0.2947584092617035,0.375,0.125,0.375,0.125,
239,-1.0208226442337036,-0.905806303024292,-0.3844684958457947,0.26005667448043823,0.4234033226966858,0.7727227227227227,0.7727227227227227,0.3153153153153153,0.007607607607607607,0.8116644620895386,0.3653939962387085,1.1135494709014893,0.2983366847038269,0.125,0.25,0.125,0.5,
240,-0.9233033061027527,-0.8488245010375977,-0.25491178035736084,0.2613435685634613,0.41428351402282715,0.7717717717717718,0.7717717717717718,0.3162162162162162,0.0075975975975975975,0.8123375773429871,0.35679930448532104,1.134592890739441,0.3027264475822449,0.25,0.625,0.125,0.0,-0.3145446181297302
241,-1.2266532182693481,-1.1027098894119263,-0.41027122735977173,0.2603546977043152,0.41853320598602295,0.7708208208208208,0.7708208208208208,0.3171171171171171,0.007587587587587588,0.8112933039665222,0.3636750280857086,1.1228992938995361,0.3008396029472351,0.125,0.0,0.75,0.125,
242,-0.8951104879379272,-0.7863218784332275,-0.3609151542186737,0.2589510679244995,0.4026644229888916,0.7698698698698698,0.7698698698698698,0.31801801801801804,0.007577577577577578,0.8147117495536804,0.35139647126197815,1.1367231607437134,0.30819040536880493,0.375,0.25,0.125,0.25,
243,-0.6891212463378906,-0.6519697308540344,-0.13509103655815125,0.26263564825057983,0.39440590143203735,0.768918918918919,0.768918918918919,0.31891891891891894,0.0075675675675675675,0.8148647546768188,0.3434506356716156,1.1600205898284912,0.3122381567955017,0.0,0.125,0.5,0.375,
244,-1.093758463859558,-0.9876316785812378,-0.3505447506904602,0.2604399621486664,0.4016155004501343,0.767967967967968,0.767967967967968,0.31981981981981983,0.007557557557557558,0.814647376537323,0.3426991105079651,1.1616605520248413,0.30881252884864807,0.25,0.25,0.125,0.375,
245,-0.8822386860847473,-0.7691710591316223,-0.3717707693576813,0.2648233473300934,0.41682112216949463,0.767017017017017,0.767017017017017,0.3207207207207207,0.007547547547547547,0.8102506995201111,0.3462677597999573,1.1512336730957031,0.3017387390136719,0.0,0.375,0.25,0.375,
246,-1.0234746932983398,-0.9052497148513794,-0.38677096366882324,0.263788104057312,0.418063759803772,0.7660660660660661,0.7660660660660661,0.32162162162162167,0.0075375375375375375,0.8104035258293152,0.34981268644332886,1.135219931602478,0.3010958135128021,0.125,0.375,0.375,0.125,
247,-0.9203761219978333,-0.801462709903717,-0.3876127302646637,0.2601478397846222,0.4142141044139862,0.7651151151151151,0.7651151151151151,0.32252252252252256,0.007527527527527528,0.8129615783691406,0.3550563156604767,1.1387465000152588,0.30276232957839966,0.75,0.0,0.125,0.125,
248,-0.9219381213188171,-0.8384020924568176,-0.2771167755126953,0.2620280683040619,0.41202017664909363,0.7641641641641641,0.7641641641641641,0.32342342342342345,0.007517517517517518,0.8129895925521851,0.3476642370223999,1.155574917793274,0.30374714732170105,0.25,0.5,0.25,0.0,
249,-1.1785162687301636,-1.0734726190567017,-0.34261995553970337,0.2598011791706085,0.41258856654167175,0.7632132132132132,0.7632132132132132,0.32432432432432434,0.007507507507507508,0.8142509460449219,0.34540700912475586,1.1564548015594482,0.30342966318130493,0.375,0.125,0.125,0.375,
250,-0.919560968875885,-0.8127717971801758,-0.3469996452331543,0.2564626634120941,0.4141043424606323,0.7622622622622622,0.7622622622622622,0.32522522522522523,0.007497497497497497,0.8155583739280701,0.3540228009223938,1.151524543762207,0.3027247190475464,0.125,0.125,0.375,0.375,
251,-0.7512890696525574,-0.6461364030838013,-0.34059786796569824,0.2523050308227539,0.40360531210899353,0.7613113113113114,0.7613113113113114,0.3261261261261261,0.007487487487487487,0.8189697265625,0.35168126225471497,1.1555416584014893,0.3075059950351715,0.125,0.5,0.0,0.375,
252,-0.8945803642272949,-0.809598445892334,-0.27781084179878235,0.25201404094696045,0.39853423833847046,0.7603603603603604,0.7603603603603604,0.327027027027027,0.007477477477477477,0.8197881579399109,0.35709133744239807,1.157737374305725,0.309924453496933,0.25,0.25,0.25,0.25,
253,-0.9377878308296204,-0.906421422958374,-0.11357365548610687,0.25407540798187256,0.3980255126953125,0.7594094094094094,0.7594094094094094,0.3279279279279279,0.007467467467467468,0.8194907903671265,0.353561669588089,1.1749961376190186,0.3102279007434845,0.0,0.125,0.375,0.5,
254,-0.8568920493125916,-0.7902297973632812,-0.22050410509109497,0.25386714935302734,0.3952643573284149,0.7584584584584585,0.7584584584584585,0.3288288288288288,0.007457457457457458,0.8205710649490356,0.3531748354434967,1.1890028715133667,0.31159520149230957,0.125,0.375,0.125,0.375,
255,-0.9496245384216309,-0.8628324270248413,-0.28102433681488037,0.25193190574645996,0.39937710762023926,0.7575075075075075,0.7575075075075075,0.32972972972972975,0.007447447447447447,0.8209030628204346,0.35954856872558594,1.1736232042312622,0.30980154871940613,0.625,0.25,0.125,0.0,
256,-0.9939467310905457,-0.9005589485168457,-0.2999812960624695,0.2488640993833542,0.3944333791732788,0.7565565565565566,0.7565565565565566,0.33063063063063064,0.007437437437437438,0.8234216570854187,0.3612755239009857,1.1758776903152466,0.3122725188732147,0.25,0.25,0.375,0.125,
257,-0.8916725516319275,-0.7998561859130859,-0.29453521966934204,0.25112003087997437,0.39662405848503113,0.7556056056056056,0.7556056056056056,0.33153153153153153,0.007427427427427428,0.8224910497665405,0.3615066409111023,1.1872705221176147,0.3113597333431244,0.125,0.5,0.0,0.375,
258,-0.9317604899406433,-0.8421623706817627,-0.2869432866573334,0.24975107610225677,0.3938623070716858,0.7546546546546546,0.7546546546546546,0.3324324324324325,0.007417417417417417,0.8238308429718018,0.36199796199798584,1.195523738861084,0.31282204389572144,0.375,0.5,0.125,0.0,
259,-0.9953827261924744,-0.9007798433303833,-0.3011438250541687,0.25002747774124146,0.392633855342865,0.7537037037037038,0.7537037037037038,0.33333333333333337,0.007407407407407408,0.8244338035583496,0.3654407262802124,1.1893513202667236,0.3135908246040344,0.25,0.375,0.375,0.0,
260,-1.0477625131607056,-0.9370518922805786,-0.34828686714172363,0.24769406020641327,0.386655330657959,0.7527527527527528,0.7527527527527528,0.33423423423423426,0.007397397397397398,0.8266412615776062,0.3643849492073059,1.1946778297424316,0.31673339009284973,0.25,0.375,0.25,0.125,-0.2648088335990906
261,-0.803120493888855,-0.7416805624961853,-0.20025721192359924,0.24738018214702606,0.3845829963684082,0.7518018018018018,0.7518018018018018,0.33513513513513515,0.007387387387387387,0.8276118040084839,0.36090797185897827,1.1966254711151123,0.3179236352443695,0.0,0.25,0.375,0.375,
262,-1.058570384979248,-0.9708478450775146,-0.27802959084510803,0.24827301502227783,0.3873724341392517,0.7508508508508509,0.7508508508508509,0.33603603603603605,0.007377377377377378,0.8269553184509277,0.35952743887901306,1.2015385627746582,0.3166799247264862,0.25,0.5,0.125,0.125,
263,-0.9117670059204102,-0.8127166628837585,-0.3109169602394104,0.24781911075115204,0.3883328437805176,0.7498998998998999,0.7498998998998999,0.33693693693693694,0.007367367367367367,0.8278530836105347,0.3567626178264618,1.2036081552505493,0.31632810831069946,0.0,0.25,0.25,0.5,
264,-0.8196339011192322,-0.7037738561630249,-0.3596372604370117,0.2437567412853241,0.38456258177757263,0.7489489489489489,0.7489489489489489,0.33783783783783783,0.007357357357357357,0.8309407234191895,0.3538912832736969,1.2000612020492554,0.3182793855667114,0.25,0.625,0.0,0.125,
265,-0.8398792743682861,-0.7267111539840698,-0.35095348954200745,0.24801163375377655,0.3891148269176483,0.747997997997998,0.747997997997998,0.3387387387387388,0.007347347347347348,0.8278530836105347,0.35096895694732666,1.2045283317565918,0.3161963224411011,0.25,0.25,0.5,0.0,
266,-0.9763163924217224,-0.8740746974945068,-0.3178885281085968,0.25017356872558594,0.38902950286865234,0.747047047047047,0.747047047047047,0.3396396396396396,0.007337337337337338,0.8265746831893921,0.34682008624076843,1.208937406539917,0.31639736890792847,0.0,0.375,0.5,0.125,
267,-0.9671104550361633,-0.8755303621292114,-0.2855525612831116,0.2476472556591034,0.3847557306289673,0.7460960960960961,0.7460960960960961,0.3405405405405406,0.007327327327327327,0.8289169073104858,0.3439067006111145,1.2119604349136353,0.3186776041984558,0.25,0.375,0.125,0.25,
268,-0.7693995237350464,-0.6760920882225037,-0.2898867130279541,0.24806278944015503,0.38567543029785156,0.7451451451451452,0.7451451451451452,0.34144144144144145,0.007317317317317317,0.8290116190910339,0.3418126106262207,1.215498447418213,0.31828558444976807,0.25,0.25,0.25,0.25,
269,-0.9861993789672852,-0.883185625076294,-0.31735730171203613,0.245999276638031,0.3833497166633606,0.7441941941941943,0.7441941941941943,0.34234234234234234,0.007307307307307307,0.8310196399688721,0.33832597732543945,1.2135226726531982,0.31955334544181824,0.125,0.5,0.25,0.125,
270,-0.9412695169448853,-0.8535997867584229,-0.2718295454978943,0.24745962023735046,0.38281571865081787,0.7432432432432432,0.7432432432432432,0.3432432432432433,0.007297297297297297,0.8306645750999451,0.3369780480861664,1.2215937376022339,0.31968265771865845,0.25,0.125,0.5,0.125,
271,-0.8219447135925293,-0.736484944820404,-0.2644817531108856,0.24405667185783386,0.3781605660915375,0.7422922922922923,0.7422922922922923,0.3441441441441442,0.007287287287287288,0.8340160250663757,0.3350050151348114,1.2339926958084106,0.32220059633255005,0.125,0.5,0.125,0.25,
272,-0.9402856826782227,-0.8600431680679321,-0.24873612821102142,0.24515734612941742,0.3798598647117615,0.7413413413413413,0.7413413413413413,0.3450450450450451,0.007277277277277277,0.8335461020469666,0.33281204104423523,1.2379341125488281,0.32130420207977295,0.0,0.5,0.25,0.25,
273,-0.8155884146690369,-0.7218610048294067,-0.286884069442749,0.2407645434141159,0.37692856788635254,0.7403903903903903,0.7403903903903903,0.34594594594594597,0.007267267267267267,0.8372480273246765,0.33245667815208435,1.2422763109207153,0.32285964488983154,0.375,0.25,0.25,0.125,
274,-1.035799264907837,-0.9197089672088623,-0.3507513701915741,0.2426474541425705,0.3805796504020691,0.7394394394394395,0.7394394394394395,0.34684684684684686,0.007257257257257258,0.8361713886260986,0.32984086871147156,1.2409234046936035,0.32143664360046387,0.25,0.5,0.125,0.125,
275,-1.0410211086273193,-0.9431278705596924,-0.29752686619758606,0.24620585143566132,0.37866806983947754,0.7384884884884885,0.7384884884884885,0.34774774774774775,0.007247247247247247,0.8345286250114441,0.3260068893432617,1.2601912021636963,0.32235077023506165,0.0,0.625,0.125,0.25,
276,-0.8504668474197388,-0.7347316741943359,-0.34766435623168945,0.24232232570648193,0.37237828969955444,0.7375375375375375,0.7375375375375375,0.34864864864864864,0.007237237237237237,0.8385564088821411,0.3238464891910553,1.2761062383651733,0.32627391815185547,0.375,0.375,0.125,0.125,
277,-0.9915638566017151,-0.8657611608505249,-0.375637024641037,0.2447856366634369,0.37319788336753845,0.7365865865865866,0.7365865865865866,0.3495495495495496,0.007227227227227228,0.8375576734542847,0.3207445442676544,1.2788372039794922,0.3258119821548462,0.25,0.375,0.25,0.125,
278,-1.0183353424072266,-0.9295423030853271,-0.2688434422016144,0.24468395113945007,0.3657289147377014,0.7356356356356357,0.7356356356356357,0.3504504504504504,0.007217217217217218,0.8395800590515137,0.31705954670906067,1.301231026649475,0.3297082185745239,0.125,0.125,0.5,0.25,
279,-0.918889045715332,-0.8245909214019775,-0.2836725413799286,0.24210922420024872,0.3625720143318176,0.7346846846846847,0.7346846846846847,0.3513513513513513,0.007207207207207208,0.8427261114120483,0.31325143575668335,1.313402533531189,0.33178460597991943,0.25,0.625,0.125,0.0,
280,-0.9030389785766602,-0.7902359962463379,-0.3353431224822998,0.24277548491954803,0.357505738735199,0.7337337337337337,0.7337337337337337,0.3522522522522523,0.007197197197197197,0.8437110781669617,0.309701144695282,1.3301386833190918,0.33464735746383667,0.0,0.375,0.25,0.375,-0.31545859575271606
281,-0.7993622422218323,-0.6902815699577332,-0.3238080143928528,0.24350520968437195,0.35230690240859985,0.7327827827827829,0.7327827827827829,0.3531531531531532,0.007187187187187187,0.844765841960907,0.3073022663593292,1.3407944440841675,0.3377224802970886,0.25,0.125,0.25,0.375,
282,-0.8012939095497131,-0.6825803518295288,-0.35007625818252563,0.24326162040233612,0.34864506125450134,0.7318318318318318,0.7318318318318318,0.3540540540540541,0.007177177177177177,0.8458744883537292,0.304845929145813,1.346973180770874,0.3398078382015228,0.25,0.25,0.375,0.125,
283,-0.7917426824569702,-0.6698671579360962,-0.35807016491889954,0.2448677122592926,0.34682947397232056,0.7308808808808809,0.7308808808808809,0.354954954954955,0.007167167167167168,0.8456084132194519,0.3037349283695221,1.3496413230895996,0.34088319540023804,0.5,0.0,0.0,0.5,
284,-1.0623313188552856,-0.9516564607620239,-0.32563120126724243,0.24385255575180054,0.34575796127319336,0.72992992992993,0.72992992992993,0.3558558558558559,0.007157157157157158,0.8469204902648926,0.30363598465919495,1.3669142723083496,0.3414238393306732,0.25,0.125,0.5,0.125,
285,-0.9974640011787415,-0.8946611285209656,-0.3027000427246094,0.24223582446575165,0.3456197679042816,0.728978978978979,0.728978978978979,0.3567567567567568,0.007147147147147147,0.849071204662323,0.30318623781204224,1.383809208869934,0.3416345715522766,0.125,0.375,0.25,0.25,
286,-1.0125222206115723,-0.8932865858078003,-0.3479618430137634,0.2399539202451706,0.35030993819236755,0.728028028028028,0.728028028028028,0.35765765765765767,0.007137137137137138,0.8511708974838257,0.3052205443382263,1.3950315713882446,0.3394814431667328,0.0,0.625,0.125,0.25,
287,-1.0206246376037598,-0.90825355052948,-0.32821571826934814,0.24367527663707733,0.3576746881008148,0.7270770770770771,0.7270770770770771,0.35855855855855856,0.007127127127127127,0.8489556312561035,0.3054935038089752,1.4044476747512817,0.3351854085922241,0.25,0.25,0.25,0.25,
288,-1.0220730304718018,-0.9056947231292725,-0.33866214752197266,0.2407984733581543,0.36432981491088867,0.7261261261261261,0.7261261261261261,0.35945945945945945,0.007117117117117117,0.8507091403007507,0.3074214458465576,1.4078692197799683,0.3318152129650116,0.25,0.25,0.25,0.25,
289,-0.7850770354270935,-0.7321093082427979,-0.1619047224521637,0.23761367797851562,0.3687622547149658,0.7251751751751752,0.7251751751751752,0.36036036036036034,0.0071071071071071076,0.8534590601921082,0.3092072010040283,1.4261871576309204,0.32984936237335205,0.25,0.25,0.125,0.375,
290,-0.9372897148132324,-0.8793124556541443,-0.17575904726982117,0.24035029113292694,0.381187379360199,0.7242242242242243,0.7242242242242243,0.36126126126126124,0.007097097097097097,0.8506894111633301,0.3109789490699768,1.4255990982055664,0.32314157485961914,0.0,0.375,0.375,0.25,
291,-0.8461674451828003,-0.7404822707176208,-0.3072637617588043,0.24269002676010132,0.38741692900657654,0.7232732732732733,0.7232732732732733,0.3621621621621621,0.007087087087087087,0.8488839864730835,0.3119237422943115,1.4335914850234985,0.3198719918727875,0.125,0.375,0.375,0.125,
292,-0.9452236294746399,-0.8077099919319153,-0.3942338228225708,0.23802626132965088,0.3933524489402771,0.7223223223223223,0.7223223223223223,0.36306306306306313,0.007077077077077077,0.8528530597686768,0.31372371315956116,1.4494327306747437,0.3177139163017273,0.0,0.375,0.25,0.375,
293,-0.783073902130127,-0.7148901224136353,-0.20278865098953247,0.23990923166275024,0.3928564488887787,0.7213713713713714,0.7213713713713714,0.363963963963964,0.007067067067067067,0.8522316813468933,0.3123469650745392,1.4739521741867065,0.31770795583724976,0.125,0.375,0.375,0.125,
294,-1.0146477222442627,-0.8841069936752319,-0.3735281825065613,0.2426416575908661,0.4034256935119629,0.7204204204204205,0.7204204204204205,0.3648648648648648,0.007057057057057057,0.8506638407707214,0.310512900352478,1.4811525344848633,0.31277185678482056,0.125,0.375,0.375,0.125,
295,-0.7588827013969421,-0.6581002473831177,-0.2911495566368103,0.24224315583705902,0.400299608707428,0.7194694694694694,0.7194694694694694,0.3657657657657658,0.0070470470470470475,0.8523370027542114,0.30896446108818054,1.5058870315551758,0.31447720527648926,0.0,0.25,0.375,0.375,
296,-1.0856595039367676,-0.9559013247489929,-0.36958247423171997,0.243394136428833,0.4042668342590332,0.7185185185185186,0.7185185185185186,0.3666666666666667,0.007037037037037038,0.852515697479248,0.30718687176704407,1.5053646564483643,0.312857061624527,0.125,0.0,0.625,0.25,
297,-0.7805483341217041,-0.6509685516357422,-0.36773115396499634,0.23731625080108643,0.39186251163482666,0.7175675675675676,0.7175675675675676,0.3675675675675676,0.007027027027027026,0.8597674369812012,0.3021254539489746,1.540619134902954,0.3199065923690796,0.0,0.5,0.125,0.375,
298,-1.0473450422286987,-0.9312818050384521,-0.33022642135620117,0.2383624017238617,0.39421749114990234,0.7166166166166166,0.7166166166166166,0.3684684684684685,0.007017017017017017,0.8597220182418823,0.30043795704841614,1.5482831001281738,0.31863170862197876,0.375,0.5,0.125,0.0,
299,-1.0494396686553955,-0.9400185346603394,-0.31144508719444275,0.23742327094078064,0.39534398913383484,0.7156656656656657,0.7156656656656657,0.36936936936936937,0.007007007007007007,0.8611580729484558,0.2987062633037567,1.552028775215149,0.31816524267196655,0.375,0.125,0.375,0.125,
300,-0.8693010210990906,-0.7829374074935913,-0.24845275282859802,0.23591619729995728,0.39803656935691833,0.7147147147147147,0.7147147147147147,0.37027027027027026,0.006996996996996997,0.8629557490348816,0.29686522483825684,1.556906819343567,0.3171759843826294,0.0,0.5,0.25,0.25,-0.19950231909751892
301,-0.9211849570274353,-0.8787062168121338,-0.1296815276145935,0.23760323226451874,0.39951857924461365,0.7137637637637637,0.7137637637637637,0.37117117117117115,0.0069869869869869875,0.8621675968170166,0.29228484630584717,1.5774180889129639,0.3163188695907593,0.25,0.0,0.375,0.375,
302,-1.0083788633346558,-0.861840009689331,-0.40904444456100464,0.2348809689283371,0.40163835883140564,0.7128128128128128,0.7128128128128128,0.37207207207207205,0.006976976976976977,0.8649004697799683,0.2919827103614807,1.5665137767791748,0.31577324867248535,0.125,0.5,0.125,0.25,
303,-0.9641904830932617,-0.7566590905189514,-0.5715323686599731,0.2339334934949875,0.4004877507686615,0.711861861861862,0.711861861861862,0.37297297297297294,0.006966966966966967,0.8663547039031982,0.289309024810791,1.5646597146987915,0.31668621301651,0.375,0.5,0.125,0.0,
304,-0.9179311394691467,-0.7481870651245117,-0.468863308429718,0.2313944548368454,0.39418482780456543,0.7109109109109109,0.7109109109109109,0.37387387387387394,0.006956956956956957,0.8701009750366211,0.28334102034568787,1.5940523147583008,0.3207736909389496,0.25,0.5,0.0,0.25,
305,-1.2399048805236816,-1.0397891998291016,-0.5489024519920349,0.23455777764320374,0.39696192741394043,0.70995995995996,0.70995995995996,0.37477477477477483,0.006946946946946947,0.8675321340560913,0.2822503447532654,1.5815812349319458,0.3190504312515259,0.25,0.375,0.0,0.375,
306,-1.130598783493042,-0.9120615720748901,-0.5969387292861938,0.23955848813056946,0.4056369960308075,0.7090090090090091,0.7090090090090091,0.3756756756756757,0.006936936936936937,0.8635234236717224,0.2826738953590393,1.5703996419906616,0.3146732747554779,0.125,0.0,0.625,0.25,
307,-1.0513627529144287,-0.8476885557174683,-0.5558088421821594,0.23631823062896729,0.3993346095085144,0.708058058058058,0.708058058058058,0.3765765765765766,0.0069269269269269275,0.8664711713790894,0.27995622158050537,1.5686777830123901,0.3179844617843628,0.375,0.25,0.25,0.125,
308,-1.052183747291565,-0.8510295152664185,-0.5475850105285645,0.2334747016429901,0.39318761229515076,0.7071071071071071,0.7071071071071071,0.3774774774774775,0.006916916916916918,0.869769275188446,0.2745223045349121,1.5914074182510376,0.3218466341495514,0.375,0.25,0.125,0.25,
309,-1.0586497783660889,-0.846401572227478,-0.5756888389587402,0.23583148419857025,0.3951047658920288,0.7061561561561561,0.7061561561561561,0.3783783783783784,0.006906906906906906,0.8681697845458984,0.2732829451560974,1.5870132446289062,0.3208616375923157,0.0,0.375,0.375,0.25,
310,-0.9321420192718506,-0.7432999610900879,-0.5124636888504028,0.23478804528713226,0.39055418968200684,0.7052052052052052,0.7052052052052052,0.3792792792792793,0.006896896896896897,0.8691768646240234,0.27494126558303833,1.5683472156524658,0.32284796237945557,0.125,0.5,0.375,0.0,
311,-0.9211790561676025,-0.7492228746414185,-0.46686625480651855,0.23676320910453796,0.3906593322753906,0.7042542542542543,0.7042542542542543,0.3801801801801802,0.006886886886886887,0.8678731918334961,0.2736252546310425,1.5721064805984497,0.32253384590148926,0.0,0.5,0.375,0.125,
312,-1.0933583974838257,-0.8771721720695496,-0.5820584893226624,0.23867297172546387,0.39840075373649597,0.7033033033033034,0.7033033033033034,0.3810810810810811,0.006876876876876877,0.8658937215805054,0.27438774704933167,1.5566359758377075,0.3189142942428589,0.25,0.375,0.375,0.0,
313,-1.15695321559906,-0.9357027411460876,-0.5940736532211304,0.24075947701931,0.40216565132141113,0.7023523523523524,0.7023523523523524,0.38198198198198197,0.0068668668668668675,0.8641781806945801,0.27259373664855957,1.563940405845642,0.31686684489250183,0.25,0.25,0.25,0.25,
314,-1.0846244096755981,-0.8749758005142212,-0.5624647736549377,0.24236010015010834,0.4047775864601135,0.7014014014014014,0.7014014014014014,0.38288288288288297,0.006856856856856857,0.8630411624908447,0.2721250057220459,1.5659915208816528,0.3155704736709595,0.125,0.125,0.375,0.375,
315,-0.9473509788513184,-0.7598701119422913,-0.502863347530365,0.2350171059370041,0.39007747173309326,0.7004504504504505,0.7004504504504505,0.38378378378378375,0.006846846846846847,0.8705625534057617,0.2690000832080841,1.5762546062469482,0.32440385222435,0.0,0.25,0.25,0.5,
316,-1.0173890590667725,-0.8613760471343994,-0.4198758602142334,0.2362862080335617,0.38913342356681824,0.6994994994994995,0.6994994994994995,0.38468468468468464,0.006836836836836837,0.8697072267532349,0.27088528871536255,1.565824270248413,0.32472553849220276,0.375,0.375,0.0,0.25,
317,-0.8698714375495911,-0.6774487495422363,-0.5133861303329468,0.2393512725830078,0.38976341485977173,0.6985485485485485,0.6985485485485485,0.38558558558558564,0.006826826826826827,0.8668961524963379,0.26992616057395935,1.5617095232009888,0.3234967887401581,0.25,0.5,0.125,0.125,
318,-1.071549415588379,-0.8514782190322876,-0.5835278034210205,0.2375950813293457,0.3834700584411621,0.6975975975975977,0.6975975975975977,0.38648648648648654,0.006816816816816817,0.8694261312484741,0.2694634795188904,1.5604383945465088,0.327411413192749,0.125,0.25,0.375,0.25,
319,-1.0711437463760376,-0.8719264268875122,-0.528475284576416,0.24014775454998016,0.38727983832359314,0.6966466466466467,0.6966466466466467,0.3873873873873874,0.006806806806806807,0.8672088384628296,0.267082542181015,1.567720651626587,0.32499897480010986,0.25,0.375,0.375,0.0,
320,-1.0458863973617554,-0.8490878939628601,-0.5211489200592041,0.24232451617717743,0.39105185866355896,0.6956956956956957,0.6956956956956957,0.3882882882882883,0.006796796796796797,0.8648917078971863,0.2717536389827728,1.5474547147750854,0.3223343789577484,0.25,0.125,0.125,0.5,-0.5022324919700623
321,-0.721421480178833,-0.5299280881881714,-0.5063484907150269,0.24274842441082,0.39244863390922546,0.6947447447447448,0.6947447447447448,0.3891891891891892,0.006786786786786787,0.8642879724502563,0.27179190516471863,1.5418437719345093,0.32118701934814453,0.375,0.25,0.125,0.25,
322,-0.8119187355041504,-0.6484582424163818,-0.43325215578079224,0.24248909950256348,0.3903586268424988,0.6937937937937938,0.6937937937937938,0.3900900900900901,0.0067767767767767766,0.8651319742202759,0.2673424780368805,1.551214575767517,0.32207760214805603,0.125,0.5,0.0,0.375,
323,-0.8556222915649414,-0.6985752582550049,-0.41594287753105164,0.24370883405208588,0.39337238669395447,0.6928428428428428,0.6928428428428428,0.390990990990991,0.006766766766766767,0.8633629679679871,0.27168381214141846,1.5370635986328125,0.31959855556488037,0.125,0.5,0.25,0.125,
324,-1.0928574800491333,-0.9019553661346436,-0.5015681982040405,0.24660252034664154,0.3992249667644501,0.6918918918918919,0.6918918918918919,0.3918918918918919,0.006756756756756757,0.8613004088401794,0.27003440260887146,1.5319057703018188,0.3162570297718048,0.125,0.125,0.25,0.5,
325,-1.1419731378555298,-0.9341680407524109,-0.5434502363204956,0.24591617286205292,0.39991697669029236,0.6909409409409409,0.6909409409409409,0.3927927927927928,0.006746746746746747,0.8620138168334961,0.2695367634296417,1.5335214138031006,0.3160523772239685,0.25,0.25,0.25,0.25,
326,-0.9656261205673218,-0.7650253772735596,-0.5239189863204956,0.2461889237165451,0.4004362225532532,0.68998998998999,0.68998998998999,0.39369369369369367,0.006736736736736738,0.8612112402915955,0.26958760619163513,1.5286893844604492,0.315214067697525,0.125,0.375,0.375,0.125,
327,-1.019874930381775,-0.8369301557540894,-0.4777289032936096,0.24386700987815857,0.39239799976348877,0.6890390390390391,0.6890390390390391,0.39459459459459456,0.006726726726726726,0.8640605807304382,0.26641419529914856,1.5349557399749756,0.3193541169166565,0.125,0.25,0.25,0.375,
328,-0.9112786650657654,-0.6960433721542358,-0.5584443807601929,0.24596425890922546,0.397489070892334,0.6880880880880882,0.6880880880880882,0.39549549549549545,0.0067167167167167165,0.8624434471130371,0.2679085433483124,1.5243607759475708,0.3163560628890991,0.375,0.0,0.5,0.125,
329,-1.007478952407837,-0.7889899015426636,-0.5653656721115112,0.2450382560491562,0.39764854311943054,0.6871371371371371,0.6871371371371371,0.39639639639639646,0.006706706706706707,0.8629262447357178,0.2656521201133728,1.5260605812072754,0.31615665555000305,0.25,0.375,0.25,0.125,
330,-1.2794917821884155,-1.0687458515167236,-0.5446356534957886,0.24517016112804413,0.399441123008728,0.6861861861861862,0.6861861861861862,0.39729729729729735,0.006696696696696697,0.8625513315200806,0.26629504561424255,1.520780086517334,0.31509527564048767,0.125,0.375,0.25,0.25,
331,-1.0162469148635864,-0.8318157196044922,-0.47773146629333496,0.2496274709701538,0.4131428003311157,0.6852352352352352,0.6852352352352352,0.39819819819819824,0.0066866866866866865,0.8579429388046265,0.268208384513855,1.5076656341552734,0.30752134323120117,0.125,0.625,0.125,0.125,
332,-0.9339038133621216,-0.725587010383606,-0.5363259315490723,0.24744731187820435,0.4078243672847748,0.6842842842842842,0.6842842842842842,0.39909909909909913,0.006676676676676677,0.8602723479270935,0.26640379428863525,1.505817174911499,0.31039708852767944,0.0,0.5,0.25,0.25,
333,-1.088424563407898,-0.9096243381500244,-0.4614543914794922,0.24919907748699188,0.4120233952999115,0.6833333333333333,0.6833333333333333,0.4,0.006666666666666667,0.859085202217102,0.2650604546070099,1.5038495063781738,0.3079783022403717,0.125,0.125,0.375,0.375,
334,-0.9907956719398499,-0.7807250618934631,-0.5383307337760925,0.24899065494537354,0.4089217185974121,0.6823823823823824,0.6823823823823824,0.4009009009009009,0.0066566566566566565,0.8600677847862244,0.26382970809936523,1.5021427869796753,0.30959445238113403,0.375,0.25,0.375,0.0,
335,-1.0276058912277222,-0.814631462097168,-0.5443261861801147,0.2506764531135559,0.40706825256347656,0.6814314314314315,0.6814314314314315,0.4018018018018018,0.006646646646646647,0.8603207468986511,0.2612619400024414,1.5111545324325562,0.3105495274066925,0.125,0.375,0.125,0.375,
336,-0.8924326300621033,-0.6865143179893494,-0.5256355404853821,0.24961426854133606,0.40999650955200195,0.6804804804804805,0.6804804804804805,0.4027027027027027,0.006636636636636637,0.8603846430778503,0.2611907124519348,1.5085229873657227,0.30900120735168457,0.25,0.375,0.375,0.0,
337,-1.1005375385284424,-0.8741651177406311,-0.5751398205757141,0.24975916743278503,0.4101014733314514,0.6795295295295296,0.6795295295295296,0.4036036036036036,0.006626626626626627,0.8612774610519409,0.26208215951919556,1.507100224494934,0.3091191053390503,0.125,0.5,0.125,0.25,
338,-0.9005826115608215,-0.6748838424682617,-0.5725976228713989,0.25456517934799194,0.4235169291496277,0.6785785785785786,0.6785785785785786,0.4045045045045045,0.006616616616616617,0.8583406805992126,0.2610580027103424,1.5129910707473755,0.3021196722984314,0.25,0.25,0.125,0.375,
339,-0.7325135469436646,-0.5573731660842896,-0.44666969776153564,0.25014907121658325,0.42892926931381226,0.6776276276276276,0.6776276276276276,0.4054054054054055,0.006606606606606606,0.8600007891654968,0.2633383870124817,1.5085445642471313,0.2994806170463562,0.0,0.125,0.625,0.25,
340,-0.8818208575248718,-0.7125405073165894,-0.43143951892852783,0.2528649866580963,0.4348236918449402,0.6766766766766767,0.6766766766766767,0.40630630630630626,0.0065965965965965965,0.8590566515922546,0.259448766708374,1.5190610885620117,0.29656311869621277,0.25,0.125,0.375,0.25,-0.4842994809150696
341,-1.0638625621795654,-0.8467042446136475,-0.5479795336723328,0.25035545229911804,0.43338462710380554,0.6757257257257256,0.6757257257257256,0.40720720720720727,0.006586586586586587,0.8604487180709839,0.26150205731391907,1.5116965770721436,0.297446072101593,0.25,0.25,0.25,0.25,
342,-1.0413833856582642,-0.827791690826416,-0.5381569862365723,0.25409287214279175,0.4363407790660858,0.6747747747747748,0.6747747747747748,0.40810810810810816,0.006576576576576577,0.859132707118988,0.2563098669052124,1.521224856376648,0.29586347937583923,0.25,0.625,0.0,0.125,
343,-1.0669912099838257,-0.8574435710906982,-0.5270474553108215,0.25648069381713867,0.43352776765823364,0.6738238238238239,0.6738238238238239,0.40900900900900905,0.006566566566566567,0.8590134978294373,0.252309113740921,1.528673529624939,0.29695042967796326,0.5,0.125,0.125,0.25,
344,-0.8534846305847168,-0.6608349084854126,-0.4845072329044342,0.2558845281600952,0.4276917576789856,0.6728728728728729,0.6728728728728729,0.40990990990990994,0.006556556556556557,0.8598204851150513,0.25004762411117554,1.5290946960449219,0.29961657524108887,0.0,0.25,0.375,0.375,
345,-1.0177099704742432,-0.7866913080215454,-0.5768849849700928,0.25720977783203125,0.42880505323410034,0.6719219219219219,0.6719219219219219,0.41081081081081083,0.006546546546546546,0.8595951795578003,0.24594397842884064,1.5378656387329102,0.2992571294307709,0.25,0.125,0.375,0.25,
346,-0.9765653610229492,-0.7430973649024963,-0.5815152525901794,0.2584247291088104,0.42594489455223083,0.670970970970971,0.670970970970971,0.4117117117117117,0.0065365365365365365,0.8599924445152283,0.24358808994293213,1.540689468383789,0.30052393674850464,0.5,0.375,0.125,0.0,
347,-0.9266296029090881,-0.7278739213943481,-0.4959573745727539,0.25823402404785156,0.41971921920776367,0.67002002002002,0.67002002002002,0.4126126126126126,0.006526526526526527,0.8620613813400269,0.23922553658485413,1.555604338645935,0.30325090885162354,0.0,0.375,0.375,0.25,
348,-1.0007944107055664,-0.7861137390136719,-0.5333498120307922,0.25875920057296753,0.4180468022823334,0.669069069069069,0.669069069069069,0.4135135135135135,0.006516516516516517,0.8632032871246338,0.23677724599838257,1.5653399229049683,0.3042827546596527,0.125,0.5,0.25,0.125,
349,-1.0023136138916016,-0.7808209657669067,-0.5485823750495911,0.26107126474380493,0.41492176055908203,0.6681181181181182,0.6681181181181182,0.4144144144144144,0.0065065065065065065,0.8641403913497925,0.2317664623260498,1.5845011472702026,0.30598753690719604,0.375,0.125,0.125,0.375,
350,-1.0565048456192017,-0.8266741037368774,-0.5674631595611572,0.26109936833381653,0.41491854190826416,0.6671671671671672,0.6671671671671672,0.4153153153153153,0.006496496496496497,0.8646439909934998,0.234010711312294,1.5784931182861328,0.30620500445365906,0.375,0.25,0.25,0.125,
351,-1.0724780559539795,-0.8536450266838074,-0.539661169052124,0.264317125082016,0.40682828426361084,0.6662162162162162,0.6662162162162162,0.4162162162162163,0.006486486486486486,0.8670575022697449,0.22563637793064117,1.6036441326141357,0.3101878762245178,0.25,0.5,0.125,0.125,
352,-0.917692244052887,-0.7288028001785278,-0.466590940952301,0.26312562823295593,0.4029451310634613,0.6652652652652653,0.6652652652652653,0.4171171171171171,0.0064764764764764764,0.8684320449829102,0.22314979135990143,1.6114931106567383,0.3120793104171753,0.125,0.5,0.25,0.125,
353,-1.1463091373443604,-0.9235188364982605,-0.5466891527175903,0.26434361934661865,0.40263304114341736,0.6643143143143144,0.6643143143143144,0.41801801801801797,0.006466466466466467,0.8682073950767517,0.21978947520256042,1.6210170984268188,0.3127153515815735,0.125,0.625,0.125,0.125,
354,-1.1293302774429321,-0.9468256235122681,-0.44926920533180237,0.26522982120513916,0.39902424812316895,0.6633633633633633,0.6633633633633633,0.41891891891891897,0.006456456456456457,0.868327796459198,0.21816636621952057,1.6241992712020874,0.31466782093048096,0.375,0.375,0.125,0.125,
355,-0.8528332710266113,-0.6712785363197327,-0.44584983587265015,0.2669106125831604,0.3901272416114807,0.6624124124124124,0.6624124124124124,0.41981981981981986,0.006446446446446447,0.8701310157775879,0.2134990245103836,1.6369924545288086,0.31912580132484436,0.25,0.125,0.25,0.375,
356,-1.0755728483200073,-0.8509197235107422,-0.5473035573959351,0.26741325855255127,0.3887634873390198,0.6614614614614615,0.6614614614614615,0.42072072072072075,0.006436436436436436,0.8701596260070801,0.20953884720802307,1.650260329246521,0.3201589584350586,0.125,0.125,0.625,0.125,
357,-0.7647378444671631,-0.5953220129013062,-0.41485798358917236,0.26757124066352844,0.37777218222618103,0.6605105105105105,0.6605105105105105,0.42162162162162165,0.006426426426426426,0.8721259832382202,0.20627649128437042,1.6594464778900146,0.3256164491176605,0.0,0.25,0.5,0.25,
358,-0.9068429470062256,-0.7374960780143738,-0.413752019405365,0.2685583233833313,0.3749508857727051,0.6595595595595596,0.6595595595595596,0.42252252252252254,0.006416416416416416,0.8723325133323669,0.20554417371749878,1.663535475730896,0.3273197412490845,0.25,0.25,0.5,0.0,
359,-1.081741213798523,-0.870792031288147,-0.5110738277435303,0.27136099338531494,0.37129783630371094,0.6586086086086086,0.6586086086086086,0.42342342342342343,0.006406406406406407,0.8731534481048584,0.20082223415374756,1.679581880569458,0.3295027017593384,0.25,0.375,0.125,0.25,
360,-1.1022356748580933,-0.8840711116790771,-0.5268807411193848,0.27255427837371826,0.36603912711143494,0.6576576576576577,0.6576576576576577,0.4243243243243243,0.006396396396396397,0.8745940923690796,0.19564707577228546,1.697153091430664,0.3321993350982666,0.125,0.125,0.5,0.25,-0.5045542120933533
361,-0.9946309924125671,-0.7945335507392883,-0.4831763505935669,0.2737530469894409,0.36130326986312866,0.6567067067067067,0.6567067067067067,0.4252252252252252,0.006386386386386386,0.8755307197570801,0.19159308075904846,1.7106585502624512,0.33466657996177673,0.125,0.25,0.5,0.125,
362,-0.9048075079917908,-0.6792793273925781,-0.5418453216552734,0.27273473143577576,0.3627161383628845,0.6557557557557558,0.6557557557557558,0.4261261261261261,0.006376376376376377,0.875002384185791,0.19404399394989014,1.7017645835876465,0.3339026868343353,0.25,0.125,0.5,0.125,
363,-0.9826098680496216,-0.7486149072647095,-0.5605449676513672,0.2710918188095093,0.3647015690803528,0.6548048048048047,0.6548048048048047,0.4270270270270271,0.006366366366366366,0.8738648295402527,0.20031346380710602,1.6765918731689453,0.33289942145347595,0.25,0.375,0.125,0.25,
364,-0.8380869626998901,-0.6589553952217102,-0.43069568276405334,0.2740437984466553,0.3433171212673187,0.6538538538538539,0.6538538538538539,0.427927927927928,0.006356356356356356,0.8817625045776367,0.18503350019454956,1.739109992980957,0.3438834547996521,0.125,0.125,0.5,0.25,
365,-1.0493804216384888,-0.8269047141075134,-0.5308792591094971,0.2752872407436371,0.3433544635772705,0.652902902902903,0.652902902902903,0.4288288288288288,0.006346346346346347,0.8816906809806824,0.18138065934181213,1.7568104267120361,0.34419021010398865,0.125,0.5,0.125,0.25,
366,-0.9209760427474976,-0.8222507238388062,-0.2416178286075592,0.27541157603263855,0.33598947525024414,0.6519519519519519,0.6519519519519519,0.4297297297297298,0.006336336336336337,0.8834940791130066,0.17845182120800018,1.7723309993743896,0.3477926254272461,0.125,0.375,0.375,0.125,
367,-0.9998503923416138,-0.8108247518539429,-0.45066049695014954,0.27733564376831055,0.32880115509033203,0.651001001001001,0.651001001001001,0.4306306306306307,0.006326326326326326,0.8852071762084961,0.1754530817270279,1.7878915071487427,0.3518800735473633,0.25,0.25,0.25,0.25,
368,-0.9873051047325134,-0.7923077344894409,-0.46350377798080444,0.2772037386894226,0.3268226981163025,0.6500500500500501,0.6500500500500501,0.43153153153153156,0.006316316316316316,0.8844463229179382,0.1731470823287964,1.800550937652588,0.3532164990901947,0.25,0.375,0.25,0.125,
369,-0.8706303238868713,-0.6868721842765808,-0.4363085925579071,0.28036901354789734,0.314771831035614,0.6490990990990991,0.6490990990990991,0.43243243243243246,0.006306306306306306,0.8885854482650757,0.16896753013134003,1.8183326721191406,0.36010003089904785,0.25,0.0,0.625,0.125,
370,-1.0632046461105347,-0.8664557933807373,-0.46534252166748047,0.27968353033065796,0.3138684630393982,0.6481481481481481,0.6481481481481481,0.43333333333333335,0.006296296296296296,0.8883905410766602,0.16912390291690826,1.822700023651123,0.3607443571090698,0.125,0.625,0.125,0.125,
371,-1.093087911605835,-0.8809710741043091,-0.499764084815979,0.2796514630317688,0.3139880299568176,0.6471971971971973,0.6471971971971973,0.43423423423423424,0.006286286286286287,0.8888400793075562,0.1690140664577484,1.8258352279663086,0.360811710357666,0.25,0.5,0.125,0.125,
372,-0.9795244932174683,-0.7900086641311646,-0.44675350189208984,0.2819976508617401,0.31124401092529297,0.6462462462462463,0.6462462462462463,0.43513513513513513,0.006276276276276277,0.8901740312576294,0.16894251108169556,1.8331555128097534,0.3626962900161743,0.125,0.25,0.125,0.5,
373,-1.101597547531128,-0.8811236023902893,-0.5169835090637207,0.2817422151565552,0.3183988332748413,0.6452952952952953,0.6452952952952953,0.436036036036036,0.006266266266266266,0.8877689242362976,0.1733962446451187,1.821008324623108,0.35896533727645874,0.125,0.375,0.125,0.375,
374,-0.935006856918335,-0.7805368900299072,-0.3647302985191345,0.28456780314445496,0.31138408184051514,0.6443443443443444,0.6443443443443444,0.4369369369369369,0.006256256256256256,0.8914229869842529,0.1651143580675125,1.8576393127441406,0.3632371127605438,0.5,0.125,0.25,0.125,
375,-0.9214462041854858,-0.7381531596183777,-0.42991703748703003,0.28415775299072266,0.31659314036369324,0.6433933933933934,0.6433933933933934,0.4378378378378378,0.006246246246246246,0.8897368907928467,0.16946478188037872,1.843949794769287,0.36006224155426025,0.25,0.375,0.375,0.0,
376,-0.9432829022407532,-0.72996985912323,-0.4976079761981964,0.2865561842918396,0.32198604941368103,0.6424424424424424,0.6424424424424424,0.4387387387387388,0.006236236236236236,0.8889362215995789,0.16459763050079346,1.8662800788879395,0.3574509024620056,0.0,0.375,0.5,0.125,
377,-0.9447820782661438,-0.7467310428619385,-0.461838960647583,0.2884249687194824,0.3195870518684387,0.6414914914914915,0.6414914914914915,0.4396396396396396,0.006226226226226227,0.8914596438407898,0.1650393307209015,1.870450735092163,0.3587183356285095,0.125,0.375,0.375,0.125,
378,-1.0901412963867188,-0.8615739941596985,-0.5303235054016113,0.28853753209114075,0.3268173635005951,0.6405405405405405,0.6405405405405405,0.4405405405405406,0.006216216216216216,0.8895009756088257,0.16580508649349213,1.8731848001480103,0.3548297584056854,0.125,0.375,0.375,0.125,
379,-1.029116153717041,-0.8224366903305054,-0.4797840714454651,0.28845641016960144,0.33270370960235596,0.6395895895895896,0.6395895895895896,0.4414414414414415,0.006206206206206206,0.8884447813034058,0.17283810675144196,1.8454185724258423,0.35146403312683105,0.125,0.375,0.125,0.375,
380,-0.9009663462638855,-0.7637556791305542,-0.32175153493881226,0.2906056344509125,0.33130332827568054,0.6386386386386387,0.6386386386386387,0.4423423423423424,0.006196196196196197,0.8891035318374634,0.16621199250221252,1.8791651725769043,0.35223278403282166,0.125,0.375,0.25,0.25,-0.3813183903694153
381,-0.882796049118042,-0.7500296235084534,-0.31094256043434143,0.29364460706710815,0.3240201473236084,0.6376876876876877,0.6376876876876877,0.44324324324324327,0.006186186186186186,0.8921343684196472,0.16478827595710754,1.886826753616333,0.3560808300971985,0.0,0.375,0.5,0.125,
382,-0.9667544364929199,-0.7798150777816772,-0.4324539601802826,0.2946658134460449,0.3312632441520691,0.6367367367367367,0.6367367367367367,0.44414414414414416,0.006176176176176176,0.888979434967041,0.16436715424060822,1.8915624618530273,0.3525330424308777,0.375,0.125,0.25,0.25,
383,-0.9654674530029297,-0.772513747215271,-0.4449978768825531,0.2953517436981201,0.3269253373146057,0.6357857857857858,0.6357857857857858,0.44504504504504505,0.006166166166166167,0.8897797465324402,0.1665128469467163,1.8889122009277344,0.354756236076355,0.375,0.125,0.375,0.125,
384,-1.047634243965149,-0.8429125547409058,-0.47039443254470825,0.29831463098526,0.3212283253669739,0.6348348348348349,0.6348348348348349,0.44594594594594594,0.006156156156156157,0.8921498656272888,0.162103533744812,1.911758303642273,0.35839125514030457,0.125,0.125,0.25,0.5,
385,-1.0241754055023193,-0.8351417183876038,-0.4342118501663208,0.2975355088710785,0.31638669967651367,0.633883883883884,0.633883883883884,0.44684684684684683,0.006146146146146147,0.8940638303756714,0.1612238883972168,1.9178727865219116,0.36075228452682495,0.0,0.25,0.75,0.0,
386,-0.921789288520813,-0.7328031063079834,-0.43320757150650024,0.2953014075756073,0.3169553875923157,0.632932932932933,0.632932932932933,0.4477477477477477,0.006136136136136136,0.8929256796836853,0.1639343500137329,1.9122194051742554,0.360093891620636,0.125,0.375,0.375,0.125,
387,-1.0166550874710083,-0.8082926869392395,-0.4754852056503296,0.2969483733177185,0.3144252896308899,0.6319819819819821,0.6319819819819821,0.4486486486486486,0.006126126126126126,0.8946329951286316,0.16234321892261505,1.9156550168991089,0.3617140054702759,0.0,0.125,0.625,0.25,
388,-0.9256191253662109,-0.7138596773147583,-0.48204490542411804,0.2952389419078827,0.3137913942337036,0.631031031031031,0.631031031031031,0.4495495495495496,0.006116116116116116,0.8959980010986328,0.16085194051265717,1.926926851272583,0.3617910146713257,0.5,0.0,0.375,0.125,
389,-0.8522249460220337,-0.6819714307785034,-0.3889179229736328,0.29289305210113525,0.31462806463241577,0.6300800800800801,0.6300800800800801,0.4504504504504505,0.006106106106106107,0.8960656523704529,0.1654134839773178,1.9043775796890259,0.3609398305416107,0.375,0.25,0.375,0.0,
390,-0.8860859870910645,-0.7678194642066956,-0.2731007933616638,0.29404205083847046,0.3205420970916748,0.6291291291291292,0.6291291291291292,0.4513513513513513,0.006096096096096097,0.8931021690368652,0.16501371562480927,1.9012188911437988,0.357949823141098,0.5,0.25,0.25,0.0,
391,-1.0445102453231812,-0.858385443687439,-0.42265456914901733,0.2935679852962494,0.32349759340286255,0.6281781781781781,0.6281781781781781,0.4522522522522523,0.006086086086086086,0.8916895389556885,0.16286669671535492,1.909671425819397,0.3560597598552704,0.125,0.375,0.375,0.125,
392,-0.8973385095596313,-0.6903975009918213,-0.4677644371986389,0.29715102910995483,0.322239488363266,0.6272272272272272,0.6272272272272272,0.4531531531531532,0.0060760760760760766,0.8943389654159546,0.16055810451507568,1.9200491905212402,0.35702237486839294,0.0,0.0,0.75,0.25,
393,-0.9627319574356079,-0.7298890948295593,-0.5240015983581543,0.2970506548881531,0.32802721858024597,0.6262762762762764,0.6262762762762764,0.4540540540540541,0.006066066066066066,0.8920783400535583,0.16269108653068542,1.9104994535446167,0.3537737727165222,0.25,0.125,0.25,0.375,
394,-1.063053011894226,-0.8420282602310181,-0.49700891971588135,0.29671579599380493,0.3295000493526459,0.6253253253253254,0.6253253253253254,0.45495495495495497,0.006056056056056056,0.8918458819389343,0.15986596047878265,1.9268438816070557,0.3528153598308563,0.25,0.25,0.5,0.0,
395,-0.9862785339355469,-0.7805214524269104,-0.462547242641449,0.299167275428772,0.3289004862308502,0.6243743743743744,0.6243743743743744,0.45585585585585586,0.006046046046046046,0.8942356109619141,0.16142332553863525,1.9292789697647095,0.3533785343170166,0.25,0.125,0.5,0.125,
396,-0.9378965497016907,-0.741832435131073,-0.4404432773590088,0.29774683713912964,0.3314136862754822,0.6234234234234235,0.6234234234234235,0.45675675675675675,0.006036036036036036,0.8932015299797058,0.160061314702034,1.9368948936462402,0.3517378270626068,0.125,0.625,0.125,0.125,
397,-0.9418830275535583,-0.7651963233947754,-0.3972049951553345,0.2983423173427582,0.32993972301483154,0.6224724724724725,0.6224724724724725,0.45765765765765765,0.006026026026026026,0.8928224444389343,0.1594020575284958,1.9479954242706299,0.3526623249053955,0.0,0.125,0.5,0.375,
398,-1.0662553310394287,-0.8472864627838135,-0.48869144916534424,0.3007250428199768,0.33156871795654297,0.6215215215215215,0.6215215215215215,0.45855855855855854,0.006016016016016016,0.8913153409957886,0.15854302048683167,1.9597476720809937,0.3522540032863617,0.0,0.125,0.625,0.25,
399,-0.8831592798233032,-0.6617484092712402,-0.49305951595306396,0.29952043294906616,0.33310598134994507,0.6205705705705706,0.6205705705705706,0.45945945945945943,0.006006006006006006,0.8885593414306641,0.16590899229049683,1.9256548881530762,0.35132282972335815,0.375,0.375,0.125,0.125,
400,-0.9499430656433105,-0.7645463347434998,-0.41377967596054077,0.30256742238998413,0.32768380641937256,0.6196196196196195,0.6196196196196195,0.46036036036036043,0.005995995995995996,0.8913261890411377,0.1562698930501938,1.9765807390213013,0.35478729009628296,0.25,0.25,0.25,0.25,-0.40426358580589294
401,-0.989387571811676,-0.8007646799087524,-0.4199811816215515,0.306540846824646,0.3263206481933594,0.6186686686686687,0.6186686686686687,0.4612612612612613,0.0059859859859859865,0.8926050066947937,0.1554449051618576,1.9841538667678833,0.35651880502700806,0.375,0.125,0.25,0.25,
402,-0.9219720959663391,-0.7162825465202332,-0.45601725578308105,0.30442410707473755,0.32451099157333374,0.6177177177177178,0.6177177177177178,0.4621621621621621,0.005975975975975976,0.8909012675285339,0.15456360578536987,1.9917737245559692,0.3572969436645508,0.375,0.125,0.25,0.25,
403,-1.085924744606018,-0.8665269613265991,-0.48474031686782837,0.3065304160118103,0.32387575507164,0.6167667667667668,0.6167667667667668,0.4630630630630631,0.005965965965965966,0.8914731740951538,0.1565338373184204,1.9805840253829956,0.35821259021759033,0.0,0.125,0.625,0.25,
404,-0.9221286177635193,-0.7114484906196594,-0.4648975133895874,0.30926939845085144,0.317352294921875,0.6158158158158158,0.6158158158158158,0.463963963963964,0.0059559559559559565,0.8951990008354187,0.15223580598831177,2.0054829120635986,0.3624601364135742,0.25,0.125,0.25,0.375,
405,-0.8448731899261475,-0.639766275882721,-0.45200613141059875,0.3048757016658783,0.320209264755249,0.6148648648648649,0.6148648648648649,0.4648648648648649,0.005945945945945946,0.8921326398849487,0.1529724895954132,2.0145444869995117,0.3605513274669647,0.0,0.625,0.25,0.125,
406,-0.9010093808174133,-0.6892051696777344,-0.46544337272644043,0.3048323392868042,0.31738752126693726,0.6139139139139139,0.6139139139139139,0.4657657657657658,0.005935935935935936,0.8924072980880737,0.14900344610214233,2.030097007751465,0.3621731698513031,0.125,0.75,0.125,0.0,
407,-0.9017648696899414,-0.714212954044342,-0.41240617632865906,0.3083721399307251,0.30768245458602905,0.6129629629629629,0.6129629629629629,0.4666666666666667,0.0059259259259259265,0.8971819281578064,0.14989542961120605,2.035046100616455,0.36803191900253296,0.125,0.0,0.375,0.5,
408,-0.8056082725524902,-0.6092458963394165,-0.43042057752609253,0.3083201050758362,0.3064260482788086,0.612012012012012,0.612012012012012,0.46756756756756757,0.005915915915915916,0.895382285118103,0.14834444224834442,2.047041654586792,0.368488073348999,0.125,0.25,0.625,0.0,
409,-0.9389093518257141,-0.777941107749939,-0.35377728939056396,0.31398889422416687,0.2910892367362976,0.6110610610610612,0.6110610610610612,0.46846846846846846,0.005905905905905906,0.9019677042961121,0.14363740384578705,2.0721778869628906,0.37791532278060913,0.25,0.25,0.25,0.25,
410,-1.0373749732971191,-0.8383588194847107,-0.43412184715270996,0.31513917446136475,0.2889421880245209,0.6101101101101101,0.6101101101101101,0.46936936936936935,0.005895895895895896,0.9004321098327637,0.14136718213558197,2.0892488956451416,0.3787172734737396,0.125,0.125,0.5,0.25,
411,-0.8885330557823181,-0.726259708404541,-0.35506772994995117,0.3176935315132141,0.2834506034851074,0.6091591591591592,0.6091591591591592,0.47027027027027024,0.005885885885885886,0.9001070857048035,0.14353713393211365,2.082876205444336,0.38163766264915466,0.25,0.125,0.5,0.125,
412,-0.7533976435661316,-0.7261452078819275,-0.0676407739520073,0.320529043674469,0.27345600724220276,0.6082082082082083,0.6082082082082083,0.47117117117117113,0.005875875875875876,0.9007711410522461,0.13824136555194855,2.113431215286255,0.38709840178489685,0.125,0.5,0.25,0.125,
413,-0.8171482086181641,-0.7184979915618896,-0.21879363059997559,0.32468682527542114,0.2731630802154541,0.6072572572572572,0.6072572572572572,0.47207207207207214,0.005865865865865866,0.8987609148025513,0.13786423206329346,2.1196682453155518,0.38695472478866577,0.25,0.125,0.375,0.25,
414,-0.8855971693992615,-0.7871330976486206,-0.21803301572799683,0.32631915807724,0.27488118410110474,0.6063063063063063,0.6063063063063063,0.472972972972973,0.005855855855855856,0.8949598073959351,0.13746006786823273,2.1202523708343506,0.3852614164352417,0.125,0.375,0.25,0.25,
415,-0.7887535095214844,-0.6418404579162598,-0.31997567415237427,0.327282190322876,0.2801808714866638,0.6053553553553553,0.6053553553553553,0.4738738738738739,0.005845845845845846,0.8900436162948608,0.13735699653625488,2.1197731494903564,0.3815257251262665,0.125,0.5,0.125,0.25,
416,-1.0033479928970337,-0.8229583501815796,-0.3899211287498474,0.33510059118270874,0.2779466509819031,0.6044044044044043,0.6044044044044043,0.4747747747747748,0.005835835835835836,0.8934506177902222,0.13805238902568817,2.1180434226989746,0.383425235748291,0.125,0.25,0.5,0.125,
417,-1.0653501749038696,-0.8506706953048706,-0.4613676071166992,0.33494651317596436,0.2830451726913452,0.6034534534534535,0.6034534534534535,0.4756756756756757,0.005825825825825826,0.8906391859054565,0.1389567106962204,2.1164867877960205,0.3799842298030853,0.5,0.125,0.125,0.25,
418,-0.9706783890724182,-0.7907858490943909,-0.38748693466186523,0.3394835889339447,0.28003138303756714,0.6025025025025026,0.6025025025025026,0.4765765765765766,0.005815815815815816,0.8917399644851685,0.13946925103664398,2.1160712242126465,0.3818055987358093,0.25,0.625,0.125,0.0,
419,-1.1199201345443726,-0.8761297464370728,-0.5208051204681396,0.34233495593070984,0.2894747257232666,0.6015515515515516,0.6015515515515516,0.4774774774774775,0.0058058058058058064,0.8878576159477234,0.13955821096897125,2.1184678077697754,0.3766319453716278,0.125,0.25,0.375,0.25,
420,-0.9464589357376099,-0.7389270663261414,-0.4439835846424103,0.3446238040924072,0.2862902581691742,0.6006006006006006,0.6006006006006006,0.4783783783783784,0.005795795795795796,0.8904153108596802,0.13935962319374084,2.1259334087371826,0.37875625491142273,0.125,0.0,0.625,0.25,-0.41867759823799133
421,-0.8200978636741638,-0.6373205780982971,-0.3916209042072296,0.34073787927627563,0.2947118580341339,0.5996496496496497,0.5996496496496497,0.47927927927927927,0.005785785785785786,0.886393666267395,0.1398731917142868,2.1308820247650146,0.37382397055625916,0.375,0.625,0.0,0.0,
422,-1.0205293893814087,-0.8199251890182495,-0.4281226396560669,0.3427586257457733,0.29921066761016846,0.5986986986986986,0.5986986986986986,0.48018018018018027,0.005775775775775776,0.8865713477134705,0.1424112468957901,2.12477445602417,0.3717869222164154,0.125,0.25,0.375,0.25,
423,-0.800308108329773,-0.6485922932624817,-0.3255629539489746,0.3431704044342041,0.2927708029747009,0.5977477477477477,0.5977477477477477,0.48108108108108105,0.005765765765765766,0.8904449343681335,0.13868404924869537,2.1538565158843994,0.3755968511104584,0.25,0.375,0.25,0.125,
424,-0.9103839993476868,-0.7121834754943848,-0.42147719860076904,0.34640467166900635,0.2950070798397064,0.5967967967967969,0.5967967967967969,0.48198198198198194,0.005755755755755756,0.8897949457168579,0.1378404200077057,2.1674914360046387,0.3748338222503662,0.25,0.125,0.5,0.125,
425,-1.1000921726226807,-0.876168966293335,-0.4740276336669922,0.34785494208335876,0.2977997660636902,0.5958458458458458,0.5958458458458458,0.48288288288288295,0.0057457457457457456,0.8874005079269409,0.13722850382328033,2.1740949153900146,0.37345847487449646,0.125,0.5,0.375,0.0,
426,-0.9640967845916748,-0.7532517910003662,-0.4460270404815674,0.34871774911880493,0.29354459047317505,0.5948948948948949,0.5948948948948949,0.48378378378378384,0.005735735735735736,0.8863991498947144,0.14046131074428558,2.160701274871826,0.3759152293205261,0.0,0.375,0.625,0.0,
427,-0.9230077266693115,-0.7215874791145325,-0.42564213275909424,0.356693834066391,0.2839611768722534,0.593943943943944,0.593943943943944,0.48468468468468473,0.005725725725725725,0.8918060660362244,0.1342555582523346,2.2106218338012695,0.38247889280319214,0.25,0.25,0.25,0.25,
428,-0.890855610370636,-0.7176104784011841,-0.3667401075363159,0.35586997866630554,0.2804543375968933,0.592992992992993,0.592992992992993,0.4855855855855856,0.0057157157157157155,0.8888222575187683,0.1318543404340744,2.225322723388672,0.38453179597854614,0.25,0.5,0.125,0.125,
429,-0.9918810725212097,-0.8002018928527832,-0.4039439558982849,0.3603881597518921,0.2777852416038513,0.592042042042042,0.592042042042042,0.4864864864864865,0.005705705705705706,0.889991044998169,0.13034680485725403,2.2387847900390625,0.38646620512008667,0.0,0.5,0.25,0.25,
430,-1.0848007202148438,-0.8726727962493896,-0.44527241587638855,0.36457738280296326,0.28157028555870056,0.5910910910910911,0.5910910910910911,0.4873873873873874,0.005695695695695695,0.8889443278312683,0.13209465146064758,2.217468023300171,0.3847852349281311,0.375,0.125,0.5,0.0,
431,-0.8983558416366577,-0.7367799282073975,-0.34080368280410767,0.3656300902366638,0.2755717933177948,0.5901401401401402,0.5901401401401402,0.4882882882882883,0.0056856856856856855,0.8908907175064087,0.12761163711547852,2.2528910636901855,0.38905972242355347,0.125,0.375,0.5,0.0,
432,-0.9661942720413208,-0.7737876176834106,-0.4032590985298157,0.3673042058944702,0.2778630256652832,0.5891891891891892,0.5891891891891892,0.4891891891891892,0.005675675675675676,0.8891798853874207,0.1293545663356781,2.2285900115966797,0.3883310556411743,0.25,0.25,0.375,0.125,
433,-0.7879756093025208,-0.6130928993225098,-0.36670053005218506,0.37210866808891296,0.27253541350364685,0.5882382382382383,0.5882382382382383,0.4900900900900901,0.005665665665665666,0.8939580321311951,0.12655256688594818,2.242699384689331,0.3926520347595215,0.125,0.125,0.75,0.0,
434,-0.8995501399040222,-0.7232266664505005,-0.3689942955970764,0.373323529958725,0.27379849553108215,0.5872872872872874,0.5872872872872874,0.49099099099099097,0.005655655655655656,0.8932336568832397,0.12731918692588806,2.225815773010254,0.3924013078212738,0.0,0.375,0.5,0.125,
435,-1.0942318439483643,-0.869176983833313,-0.467562198638916,0.37475311756134033,0.28194236755371094,0.5863363363363363,0.5863363363363363,0.49189189189189186,0.005645645645645646,0.8884415626525879,0.12600412964820862,2.229382276535034,0.38789111375808716,0.0,0.375,0.625,0.0,
436,-1.0174490213394165,-0.8112388849258423,-0.4284665882587433,0.3768485486507416,0.28113311529159546,0.5853853853853854,0.5853853853853854,0.49279279279279276,0.005635635635635636,0.8876529932022095,0.1284300982952118,2.2112748622894287,0.38910242915153503,0.0,0.25,0.5,0.25,
437,-0.8441304564476013,-0.6619999408721924,-0.3788537383079529,0.3794611096382141,0.2772519886493683,0.5844344344344344,0.5844344344344344,0.49369369369369376,0.0056256256256256255,0.8885006308555603,0.12627480924129486,2.219588041305542,0.3924356698989868,0.125,0.5,0.375,0.0,
438,-1.0900287628173828,-0.8596891164779663,-0.47585535049438477,0.3797910213470459,0.2883118689060211,0.5834834834834834,0.5834834834834834,0.49459459459459465,0.005615615615615616,0.8811913728713989,0.12927256524562836,2.1807613372802734,0.385880708694458,0.25,0.25,0.25,0.25,
439,-0.9464269280433655,-0.7181228399276733,-0.47090646624565125,0.382942795753479,0.2881361246109009,0.5825325325325326,0.5825325325325326,0.49549549549549554,0.005605605605605606,0.8805093765258789,0.1269737035036087,2.1909141540527344,0.3865688741207123,0.25,0.25,0.5,0.0,
440,-0.7782274484634399,-0.5954188108444214,-0.37842386960983276,0.3806065022945404,0.2909812927246094,0.5815815815815816,0.5815815815815816,0.49639639639639643,0.0055955955955955955,0.8792277574539185,0.13042132556438446,2.156054973602295,0.38447901606559753,0.375,0.25,0.375,0.0,-0.4208463132381439
441,-0.9790461659431458,-0.7729333639144897,-0.4247288107872009,0.3811314105987549,0.29747891426086426,0.5806306306306306,0.5806306306306306,0.4972972972972973,0.005585585585585586,0.8747298717498779,0.12991906702518463,2.1497929096221924,0.3800494372844696,0.25,0.25,0.25,0.25,
442,-1.0175729990005493,-0.809813380241394,-0.4272584915161133,0.38633090257644653,0.2945747673511505,0.5796796796796797,0.5796796796796797,0.4981981981981982,0.005575575575575575,0.8760333061218262,0.12703648209571838,2.139801263809204,0.3817780017852783,0.125,0.375,0.375,0.125,
443,-0.9080096483230591,-0.71943199634552,-0.38825473189353943,0.38000136613845825,0.3084978759288788,0.5787287287287288,0.5787287287287288,0.4990990990990991,0.0055655655655655655,0.8664054870605469,0.13611577451229095,2.07004976272583,0.371920108795166,0.125,0.625,0.125,0.125,
444,-0.9325029850006104,-0.729768693447113,-0.41578325629234314,0.3880618214607239,0.30014556646347046,0.5777777777777778,0.5777777777777778,0.5,0.005555555555555556,0.8715219497680664,0.1274622678756714,2.1098263263702393,0.37731629610061646,0.25,0.0,0.5,0.25,
445,-1.0102828741073608,-0.8101058006286621,-0.41010186076164246,0.38343095779418945,0.3116954267024994,0.5768268268268268,0.5768268268268268,0.5009009009009009,0.005545545545545545,0.8635251522064209,0.1308513879776001,2.0921285152435303,0.369261234998703,0.0,0.25,0.25,0.5,
446,-0.8537229895591736,-0.662726640701294,-0.3909842371940613,0.38820892572402954,0.3051261603832245,0.575875875875876,0.575875875875876,0.5018018018018018,0.0055355355355355355,0.8659650683403015,0.12790608406066895,2.097992181777954,0.3731989562511444,0.125,0.125,0.25,0.5,
447,-0.8965042233467102,-0.754966139793396,-0.29175424575805664,0.3919859528541565,0.2961612343788147,0.5749249249249249,0.5749249249249249,0.5027027027027028,0.005525525525525526,0.8698290586471558,0.12649847567081451,2.104196786880493,0.3788113594055176,0.0,0.625,0.125,0.25,
448,-0.860930323600769,-0.6606877446174622,-0.4078633189201355,0.3978690505027771,0.29643577337265015,0.573973973973974,0.573973973973974,0.5036036036036036,0.005515515515515516,0.8670350313186646,0.12425467371940613,2.113626718521118,0.37882596254348755,0.0,0.375,0.625,0.0,
449,-1.0397676229476929,-0.8337938189506531,-0.4184678792953491,0.4002191722393036,0.29416269063949585,0.5730230230230231,0.5730230230230231,0.5045045045045045,0.0055055055055055055,0.8665189743041992,0.12499497085809708,2.0999374389648438,0.3801954686641693,0.375,0.125,0.375,0.125,
450,-0.9538446068763733,-0.7596757411956787,-0.39431262016296387,0.4037795662879944,0.2899969816207886,0.5720720720720721,0.5720720720720721,0.5054054054054055,0.005495495495495496,0.8673571348190308,0.12070539593696594,2.1262617111206055,0.382748544216156,0.25,0.125,0.625,0.0,
451,-0.8743998408317566,-0.6813086271286011,-0.39148685336112976,0.40752750635147095,0.28855568170547485,0.5711211211211211,0.5711211211211211,0.5063063063063064,0.005485485485485486,0.8667761087417603,0.11984912306070328,2.1233859062194824,0.38382667303085327,0.125,0.125,0.5,0.25,
452,-1.0390757322311401,-0.8344922661781311,-0.4135103225708008,0.4071664810180664,0.2922535836696625,0.5701701701701702,0.5701701701701702,0.5072072072072072,0.0054754754754754754,0.8651397228240967,0.120402991771698,2.1298446655273438,0.3813762664794922,0.0,0.375,0.5,0.125,
453,-0.8684884905815125,-0.6881794333457947,-0.3650774657726288,0.4053872525691986,0.29740679264068604,0.5692192192192193,0.5692192192192193,0.5081081081081081,0.005465465465465466,0.8626769781112671,0.11912557482719421,2.1334829330444336,0.3778526186943054,0.125,0.375,0.5,0.0,
454,-0.8230617046356201,-0.6410773992538452,-0.3676202893257141,0.41284164786338806,0.28855249285697937,0.5682682682682683,0.5682682682682683,0.509009009009009,0.005455455455455455,0.8695701956748962,0.11844839155673981,2.1338305473327637,0.3839859366416931,0.0,0.5,0.5,0.0,
455,-0.9102538228034973,-0.725691556930542,-0.3721230626106262,0.41060012578964233,0.2951105535030365,0.5673173173173174,0.5673173173173174,0.5099099099099099,0.005445445445445445,0.8658723831176758,0.11790911853313446,2.1327316761016846,0.37959346175193787,0.125,0.375,0.25,0.25,
456,-0.8357192873954773,-0.6582543849945068,-0.3576390743255615,0.41173332929611206,0.2983020842075348,0.5663663663663664,0.5663663663663664,0.5108108108108108,0.005435435435435436,0.8634077906608582,0.11753172427415848,2.1330511569976807,0.3776589334011078,0.0,0.375,0.5,0.125,
457,-1.0613905191421509,-0.844819188117981,-0.4335128664970398,0.41412481665611267,0.30154281854629517,0.5654154154154154,0.5654154154154154,0.5117117117117117,0.005425425425425425,0.8605319261550903,0.11988157033920288,2.1168670654296875,0.37584322690963745,0.25,0.375,0.125,0.25,
458,-0.9138489365577698,-0.7156530618667603,-0.3969303369522095,0.4156951308250427,0.3024526834487915,0.5644644644644645,0.5644644644644645,0.5126126126126126,0.005415415415415415,0.8597040176391602,0.11736057698726654,2.132305383682251,0.37529075145721436,0.125,0.375,0.125,0.375,
459,-0.7501022815704346,-0.5585315227508545,-0.38330867886543274,0.41937482357025146,0.29965561628341675,0.5635135135135135,0.5635135135135135,0.5135135135135136,0.005405405405405405,0.8615403175354004,0.11931058764457703,2.124420404434204,0.3770354688167572,0.0,0.25,0.75,0.0,
460,-0.9253581762313843,-0.729121208190918,-0.39177796244621277,0.42062968015670776,0.3029797077178955,0.5625625625625625,0.5625625625625625,0.5144144144144144,0.005395395395395395,0.8589667081832886,0.1163211241364479,2.14544939994812,0.37474149465560913,0.375,0.125,0.25,0.25,-0.3814091086387634
461,-0.971669614315033,-0.7693231105804443,-0.4029921889305115,0.4226805567741394,0.30452466011047363,0.5616116116116117,0.5616116116116117,0.5153153153153153,0.005385385385385385,0.8572208285331726,0.11631038039922714,2.146225929260254,0.37372374534606934,0.0,0.5,0.25,0.25,
462,-1.040950894355774,-0.8197106122970581,-0.43888986110687256,0.42785078287124634,0.30218255519866943,0.5606606606606607,0.5606606606606607,0.5162162162162163,0.005375375375375376,0.8574704527854919,0.1155150979757309,2.1457207202911377,0.3754070997238159,0.75,0.125,0.0,0.125,
463,-1.0569071769714355,-0.839918851852417,-0.4298337697982788,0.43328651785850525,0.2961394786834717,0.5597097097097097,0.5597097097097097,0.5171171171171172,0.005365365365365366,0.8606303930282593,0.11519909650087357,2.147463083267212,0.379435271024704,0.0,0.25,0.625,0.125,
464,-1.0596613883972168,-0.8498393297195435,-0.4153536856174469,0.43059787154197693,0.30326929688453674,0.5587587587587588,0.5587587587587588,0.5180180180180181,0.005355355355355355,0.8546280860900879,0.11480067670345306,2.1495237350463867,0.3742562532424927,0.0,0.5,0.125,0.375,
465,-0.9126681089401245,-0.7061035633087158,-0.4083321690559387,0.4345859885215759,0.300373911857605,0.5578078078078078,0.5578078078078078,0.518918918918919,0.005345345345345346,0.8547987937927246,0.11449582874774933,2.1450624465942383,0.3758879601955414,0.25,0.125,0.5,0.125,
466,-0.9294531345367432,-0.7587038278579712,-0.3386799693107605,0.43917688727378845,0.29601144790649414,0.5568568568568568,0.5568568568568568,0.5198198198198198,0.005335335335335336,0.8572378158569336,0.11404383182525635,2.1488656997680664,0.3789769411087036,0.25,0.375,0.125,0.25,
467,-0.9458564519882202,-0.7518279552459717,-0.38292837142944336,0.4383234679698944,0.3036035895347595,0.5559059059059059,0.5559059059059059,0.5207207207207207,0.005325325325325325,0.8534299731254578,0.11423826217651367,2.14318585395813,0.37397897243499756,0.125,0.5,0.375,0.0,
468,-0.9586309194564819,-0.7473309636116028,-0.4154585897922516,0.44162052869796753,0.30648723244667053,0.5549549549549551,0.5549549549549551,0.5216216216216216,0.005315315315315316,0.8517645597457886,0.11453920602798462,2.1387453079223633,0.3725442886352539,0.125,0.25,0.25,0.375,
469,-0.8872435092926025,-0.7066748142242432,-0.355979859828949,0.44296497106552124,0.3088739514350891,0.554004004004004,0.554004004004004,0.5225225225225225,0.005305305305305305,0.8514253497123718,0.11607064306735992,2.133450508117676,0.37132561206817627,0.25,0.0,0.625,0.125,
470,-0.9138678312301636,-0.6837003231048584,-0.45032334327697754,0.4400207996368408,0.32122141122817993,0.5530530530530531,0.5530530530530531,0.5234234234234234,0.005295295295295295,0.843329131603241,0.11955159157514572,2.0984973907470703,0.3637654781341553,0.125,0.125,0.625,0.125,
471,-1.0340908765792847,-0.8072861433029175,-0.44316720962524414,0.44219493865966797,0.32214581966400146,0.5521021021021022,0.5521021021021022,0.5243243243243243,0.005285285285285286,0.8429044485092163,0.11621374636888504,2.1195640563964844,0.3638342320919037,0.125,0.5,0.375,0.0,
472,-0.971264123916626,-0.779880166053772,-0.37488436698913574,0.44537633657455444,0.3165273666381836,0.5511511511511511,0.5511511511511511,0.5252252252252253,0.005275275275275275,0.8468627333641052,0.11501893401145935,2.137226104736328,0.3682018220424652,0.375,0.375,0.25,0.0,
473,-0.7329522967338562,-0.5458841919898987,-0.366064190864563,0.4458882212638855,0.3180164396762848,0.5502002002002002,0.5502002002002002,0.5261261261261261,0.005265265265265265,0.8463622331619263,0.11433329433202744,2.1396353244781494,0.3679623305797577,0.375,0.125,0.5,0.0,
474,-0.9398956894874573,-0.7648515105247498,-0.34257185459136963,0.44984567165374756,0.3136392831802368,0.5492492492492492,0.5492492492492492,0.5270270270270271,0.005255255255255255,0.8486870527267456,0.1130027249455452,2.1429238319396973,0.3713819980621338,0.125,0.375,0.5,0.0,
475,-0.9307141304016113,-0.7036346197128296,-0.4405395984649658,0.4549385905265808,0.310738205909729,0.5482982982982983,0.5482982982982983,0.527927927927928,0.005245245245245245,0.8477799892425537,0.1155463308095932,2.109243154525757,0.37335681915283203,0.125,0.0,0.875,0.0,
476,-0.9378089904785156,-0.7469096183776855,-0.3713802099227905,0.45111602544784546,0.3135468065738678,0.5473473473473474,0.5473473473473474,0.5288288288288289,0.005235235235235235,0.8442367315292358,0.10969428718090057,2.1502606868743896,0.3715920150279999,0.0,0.5,0.25,0.25,
477,-1.0100668668746948,-0.8130497932434082,-0.3821946382522583,0.4568624496459961,0.3055534064769745,0.5463963963963965,0.5463963963963965,0.5297297297297298,0.005225225225225226,0.8460569381713867,0.10786113888025284,2.1512398719787598,0.37699007987976074,0.125,0.25,0.625,0.0,
478,-0.9436850547790527,-0.7245960235595703,-0.4232628345489502,0.4538978338241577,0.3140031099319458,0.5454454454454455,0.5454454454454455,0.5306306306306307,0.005215215215215215,0.837653636932373,0.10980938374996185,2.1237738132476807,0.3710671365261078,0.25,0.125,0.625,0.0,
479,-0.9137269854545593,-0.7341489791870117,-0.3479642868041992,0.4625966250896454,0.29680776596069336,0.5444944944944945,0.5444944944944945,0.5315315315315315,0.005205205205205205,0.8462833166122437,0.10412523150444031,2.161750555038452,0.3834674060344696,0.25,0.0,0.25,0.5,
480,-1.0120733976364136,-0.7999953627586365,-0.4085520803928375,0.4616352915763855,0.30500999093055725,0.5435435435435436,0.5435435435435436,0.5324324324324324,0.005195195195195196,0.8384200930595398,0.1029847040772438,2.1577672958374023,0.37755462527275085,0.25,0.375,0.125,0.25,-0.3947805166244507
481,-0.9515753388404846,-0.7373896241188049,-0.4118831157684326,0.45826172828674316,0.3109090030193329,0.5425925925925926,0.5425925925925926,0.5333333333333333,0.005185185185185186,0.833267092704773,0.10676389187574387,2.1147518157958984,0.37290066480636597,0.125,0.625,0.25,0.0,
482,-0.881584107875824,-0.7130273580551147,-0.3255481421947479,0.4669508934020996,0.2945655286312103,0.5416416416416416,0.5416416416416416,0.5342342342342342,0.005175175175175175,0.8419593572616577,0.10094444453716278,2.152956485748291,0.38454073667526245,0.25,0.125,0.375,0.25,
483,-0.9918686747550964,-0.7858361005783081,-0.39524132013320923,0.461768239736557,0.3089924454689026,0.5406906906906908,0.5406906906906908,0.5351351351351351,0.005165165165165166,0.8313853144645691,0.10274116694927216,2.121511220932007,0.37402281165122986,0.5,0.25,0.0,0.25,
484,-0.9136602282524109,-0.6933491826057434,-0.4211918115615845,0.46250689029693604,0.3078613877296448,0.5397397397397398,0.5397397397397398,0.5360360360360361,0.005155155155155155,0.8315922617912292,0.10395311564207077,2.1076388359069824,0.3746505677700043,0.0,0.375,0.375,0.25,
485,-0.8274552226066589,-0.660417914390564,-0.3209972083568573,0.46796226501464844,0.2910229563713074,0.5387887887887888,0.5387887887887888,0.5369369369369369,0.005145145145145145,0.8421401381492615,0.09903384000062943,2.1420705318450928,0.38689374923706055,0.25,0.375,0.375,0.0,
486,-0.94032222032547,-0.7404100894927979,-0.38179826736450195,0.46215128898620605,0.30602023005485535,0.5378378378378379,0.5378378378378379,0.5378378378378379,0.005135135135135135,0.8324379920959473,0.09884151071310043,2.1366472244262695,0.3755757808685303,0.125,0.375,0.5,0.0,
487,-1.0146862268447876,-0.7872081995010376,-0.43243107199668884,0.46146631240844727,0.31241801381111145,0.5368868868868869,0.5368868868868869,0.5387387387387388,0.005125125125125125,0.8275307416915894,0.10590831190347672,2.0671913623809814,0.370402991771698,0.125,0.375,0.375,0.125,
488,-0.9926807880401611,-0.7630466222763062,-0.4357876777648926,0.4582046866416931,0.319041907787323,0.5359359359359359,0.5359359359359359,0.5396396396396397,0.005115115115115115,0.8235663175582886,0.10585319250822067,2.06174373626709,0.3656681478023529,0.125,0.375,0.5,0.0,
489,-0.9466325044631958,-0.7461420297622681,-0.38082361221313477,0.4690468907356262,0.29655665159225464,0.534984984984985,0.534984984984985,0.5405405405405406,0.005105105105105105,0.8361862897872925,0.09877995401620865,2.1168179512023926,0.38110262155532837,0.25,0.0,0.375,0.375,
490,-0.7910121083259583,-0.5935666561126709,-0.3745748698711395,0.46715301275253296,0.29847007989883423,0.534034034034034,0.534034034034034,0.5414414414414415,0.005095095095095095,0.8354700803756714,0.09873467683792114,2.1113181114196777,0.3795282542705536,0.0,0.125,0.75,0.125,
491,-0.9866806864738464,-0.7696743607521057,-0.41006559133529663,0.467284619808197,0.3013454079627991,0.533083083083083,0.533083083083083,0.5423423423423424,0.005085085085085085,0.8332556486129761,0.09656085819005966,2.1265246868133545,0.3770539164543152,0.125,0.5,0.25,0.125,
492,-0.9073188900947571,-0.6864431500434875,-0.4167618155479431,0.4577662944793701,0.3204093873500824,0.5321321321321322,0.5321321321321322,0.5432432432432432,0.005075075075075076,0.8230389356613159,0.10093572735786438,2.088020086288452,0.3636626601219177,0.375,0.25,0.375,0.0,
493,-0.8644233345985413,-0.6629354357719421,-0.3801334798336029,0.46653103828430176,0.29964813590049744,0.5311811811811813,0.5311811811811813,0.5441441441441441,0.005065065065065065,0.834067702293396,0.10088212788105011,2.0811736583709717,0.3776354193687439,0.0,0.25,0.625,0.125,
494,-1.022416353225708,-0.8283918499946594,-0.36591726541519165,0.46617552638053894,0.3060368597507477,0.5302302302302302,0.5302302302302302,0.545045045045045,0.005055055055055055,0.8307241201400757,0.10019052773714066,2.0841472148895264,0.37292444705963135,0.25,0.25,0.5,0.0,
495,-0.8441353440284729,-0.6982399225234985,-0.2772905230522156,0.4585588872432709,0.31768351793289185,0.5292792792792793,0.5292792792792793,0.5459459459459459,0.0050450450450450456,0.8257824778556824,0.11021427810192108,2.0151925086975098,0.3649863600730896,0.125,0.375,0.25,0.25,
496,-0.7731049656867981,-0.6217936277389526,-0.2864202558994293,0.46928101778030396,0.2953844964504242,0.5283283283283283,0.5283283283283283,0.5468468468468469,0.005035035035035035,0.8397459387779236,0.095668725669384,2.123420476913452,0.3813220262527466,0.125,0.125,0.375,0.375,
497,-0.9195125699043274,-0.7101645469665527,-0.39212650060653687,0.4647333025932312,0.3103051483631134,0.5273773773773773,0.5273773773773773,0.5477477477477478,0.005025025025025025,0.8319169282913208,0.0970379039645195,2.0960967540740967,0.3708535134792328,0.125,0.375,0.375,0.125,
498,-0.9714891314506531,-0.7440505623817444,-0.42466798424720764,0.4592375159263611,0.3251881003379822,0.5264264264264265,0.5264264264264265,0.5486486486486486,0.0050150150150150155,0.8248666524887085,0.10427209734916687,2.029994249343872,0.3607293963432312,0.125,0.375,0.25,0.25,
499,-0.9490026831626892,-0.7363104820251465,-0.39705851674079895,0.461387038230896,0.3201841711997986,0.5254754754754755,0.5254754754754755,0.5495495495495496,0.005005005005005005,0.8293333053588867,0.10158511996269226,2.0510363578796387,0.3643868565559387,0.25,0.25,0.375,0.125,
500,-0.9644608497619629,-0.771955668926239,-0.35954761505126953,0.4681495130062103,0.30695199966430664,0.5245245245245245,0.5245245245245245,0.5504504504504505,0.004994994994994994,0.8375811576843262,0.09836729615926743,2.0687758922576904,0.3735821843147278,0.0,0.25,0.5,0.25,-0.3605482578277588
501,-0.8335322737693787,-0.6497712731361389,-0.34302353858947754,0.4711337983608246,0.3016866147518158,0.5235735735735736,0.5235735735735736,0.5513513513513514,0.004984984984984985,0.8422161340713501,0.09472271800041199,2.091998338699341,0.37751492857933044,0.25,0.25,0.5,0.0,
502,-0.8646054863929749,-0.6523418426513672,-0.39424729347229004,0.46623581647872925,0.31407833099365234,0.5226226226226227,0.5226226226226227,0.5522522522522523,0.004974974974974975,0.8362199664115906,0.10053864121437073,2.038879871368408,0.36885255575180054,0.125,0.125,0.75,0.0,
503,-0.8695660829544067,-0.7012455463409424,-0.3142133355140686,0.4607720375061035,0.31997889280319214,0.5216716716716717,0.5216716716716717,0.5531531531531532,0.004964964964964965,0.8353056907653809,0.09440694004297256,2.093714475631714,0.3655880093574524,0.125,0.25,0.25,0.375,
504,-0.8451417684555054,-0.6451520919799805,-0.37073272466659546,0.46860337257385254,0.3094353675842285,0.5207207207207207,0.5207207207207207,0.5540540540540541,0.0049549549549549555,0.8409895300865173,0.0912381187081337,2.1104001998901367,0.3724016547203064,0.0,0.125,0.75,0.125,
505,-0.9327523112297058,-0.7312886714935303,-0.3729054927825928,0.46423983573913574,0.31865137815475464,0.5197697697697697,0.5197697697697697,0.5549549549549551,0.004944944944944945,0.8355466723442078,0.10060874372720718,2.0344998836517334,0.3660202920436859,0.125,0.25,0.625,0.0,
506,-0.9312856197357178,-0.7294760346412659,-0.3729047179222107,0.46216291189193726,0.3190937638282776,0.5188188188188187,0.5188188188188187,0.5558558558558558,0.004934934934934935,0.8355820178985596,0.09310068190097809,2.0799038410186768,0.3657471835613251,0.375,0.25,0.375,0.0,
507,-0.8773922920227051,-0.6756976842880249,-0.371957391500473,0.4684075117111206,0.30882808566093445,0.5178678678678679,0.5178678678678679,0.5567567567567567,0.004924924924924925,0.8409824371337891,0.09570847451686859,2.052891492843628,0.37235236167907715,0.5,0.125,0.375,0.0,
508,-0.9347450733184814,-0.7162938117980957,-0.4014132022857666,0.46965599060058594,0.30915650725364685,0.516916916916917,0.516916916916917,0.5576576576576576,0.004914914914914915,0.8408343195915222,0.09405598789453506,2.0605247020721436,0.3719748854637146,0.25,0.125,0.625,0.0,
509,-0.907987117767334,-0.7134100794792175,-0.35797616839408875,0.4673088490962982,0.3081512451171875,0.5159659659659661,0.5159659659659661,0.5585585585585585,0.004904904904904905,0.8418601751327515,0.09582988172769547,2.0417323112487793,0.3724033832550049,0.125,0.25,0.625,0.0,
510,-0.8351730108261108,-0.6443436145782471,-0.350681871175766,0.46674013137817383,0.3078208565711975,0.515015015015015,0.515015015015015,0.5594594594594595,0.004894894894894895,0.8428354263305664,0.08650239557027817,2.1108555793762207,0.37269553542137146,0.25,0.375,0.375,0.0,
511,-0.8021821975708008,-0.6044596433639526,-0.36236584186553955,0.4700115919113159,0.30368945002555847,0.5140640640640641,0.5140640640640641,0.5603603603603604,0.004884884884884885,0.8453453779220581,0.08541985601186752,2.1150760650634766,0.375135600566864,0.5,0.125,0.375,0.0,
512,-0.8465249538421631,-0.6557482481002808,-0.3494000732898712,0.4663184583187103,0.30547434091567993,0.5131131131131131,0.5131131131131131,0.5612612612612613,0.004874874874874875,0.8446850776672363,0.08653812855482101,2.0954086780548096,0.3737037181854248,0.0,0.375,0.625,0.0,
513,-0.9024884104728699,-0.7145333290100098,-0.3438623249530792,0.4644467830657959,0.3091813921928406,0.5121621621621621,0.5121621621621621,0.5621621621621622,0.0048648648648648655,0.8427819013595581,0.09318505227565765,2.037018060684204,0.3709426522254944,0.25,0.375,0.25,0.125,
514,-0.7304297685623169,-0.5744953155517578,-0.2862471640110016,0.47185248136520386,0.29499298334121704,0.5112112112112113,0.5112112112112113,0.5630630630630631,0.004854854854854856,0.8514477014541626,0.08412732928991318,2.103904962539673,0.38137421011924744,0.0,0.25,0.625,0.125,
515,-0.8056304454803467,-0.6076633334159851,-0.3604826033115387,0.46730345487594604,0.3068103790283203,0.5102602602602602,0.5102602602602602,0.563963963963964,0.004844844844844844,0.8411999940872192,0.09381090849637985,2.019660472869873,0.3720393776893616,0.125,0.25,0.625,0.0,
516,-0.872554361820221,-0.6875267028808594,-0.3367723226547241,0.477426141500473,0.2894963026046753,0.5093093093093093,0.5093093093093093,0.5648648648648649,0.004834834834834835,0.8489316701889038,0.08572380244731903,2.085475206375122,0.3838704824447632,0.25,0.125,0.625,0.0,
517,-0.7763073444366455,-0.5929529666900635,-0.3333970904350281,0.4728592336177826,0.29887422919273376,0.5083583583583584,0.5083583583583584,0.5657657657657658,0.004824824824824825,0.8419348001480103,0.08084976673126221,2.124807119369507,0.37738198041915894,0.25,0.375,0.375,0.0,
518,-0.7989941835403442,-0.6177416443824768,-0.32900726795196533,0.4749959111213684,0.2897869944572449,0.5074074074074075,0.5074074074074075,0.5666666666666667,0.004814814814814815,0.8446789979934692,0.0824241042137146,2.102335214614868,0.38343584537506104,0.0,0.625,0.375,0.0,
519,-0.8514329195022583,-0.6836503744125366,-0.3046906590461731,0.4833553731441498,0.2827497124671936,0.5064564564564565,0.5064564564564565,0.5675675675675675,0.0048048048048048055,0.8458709716796875,0.07912539690732956,2.1323370933532715,0.38834890723228455,0.125,0.25,0.5,0.125,
520,-0.9012313485145569,-0.7242848873138428,-0.3201766312122345,0.4842396676540375,0.27419883012771606,0.5055055055055055,0.5055055055055055,0.5684684684684685,0.004794794794794795,0.8478374481201172,0.08393891900777817,2.084247350692749,0.3934806287288666,0.125,0.125,0.75,0.0,-0.3233601748943329
521,-0.9414138197898865,-0.7405647039413452,-0.3618289530277252,0.4771396815776825,0.2882169187068939,0.5045545545545546,0.5045545545545546,0.5693693693693694,0.004784784784784785,0.8365552425384521,0.0895424410700798,2.0337281227111816,0.38270431756973267,0.0,0.5,0.25,0.25,
522,-0.8430919647216797,-0.6638170480728149,-0.32328876852989197,0.4835335612297058,0.2778313457965851,0.5036036036036036,0.5036036036036036,0.5702702702702703,0.004774774774774775,0.8404151797294617,0.08121644705533981,2.1113250255584717,0.39004629850387573,0.125,0.375,0.375,0.125,
523,-0.7708271741867065,-0.6334848403930664,-0.2491961270570755,0.4913998544216156,0.2649911344051361,0.5026526526526527,0.5026526526526527,0.5711711711711711,0.004764764764764765,0.8453043699264526,0.0781230479478836,2.136608362197876,0.39924001693725586,0.125,0.25,0.5,0.125,
524,-0.848122239112854,-0.6490770578384399,-0.3568847179412842,0.48775386810302734,0.2799433469772339,0.5017017017017018,0.5017017017017018,0.572072072072072,0.004754754754754755,0.8347217440605164,0.08074816316366196,2.1068973541259766,0.38781529664993286,0.125,0.5,0.375,0.0,
525,-0.8723543286323547,-0.6734650135040283,-0.35599464178085327,0.4938291907310486,0.27428922057151794,0.5007507507507507,0.5007507507507507,0.572972972972973,0.0047447447447447446,0.8363293409347534,0.0838257372379303,2.0801286697387695,0.3914092779159546,0.25,0.125,0.5,0.125,
526,-0.8282729387283325,-0.6551909446716309,-0.3103751540184021,0.4959378242492676,0.26860928535461426,0.4997997997997998,0.4997997997997998,0.5738738738738739,0.004734734734734735,0.8388990163803101,0.07932836562395096,2.122973918914795,0.39584648609161377,0.0,0.375,0.5,0.125,
527,-0.9082950949668884,-0.7015901207923889,-0.3685877323150635,0.4924532175064087,0.2823205888271332,0.49884884884884884,0.49884884884884884,0.5747747747747748,0.004724724724724725,0.8287172317504883,0.09103856235742569,2.016705274581909,0.3850676417350769,0.375,0.625,0.0,0.0,
528,-0.7880251407623291,-0.6158425807952881,-0.30779796838760376,0.5029521584510803,0.2637956440448761,0.49789789789789796,0.49789789789789796,0.5756756756756757,0.004714714714714715,0.8385340571403503,0.0791219100356102,2.1248769760131836,0.3993603587150574,0.0,0.25,0.625,0.125,
529,-0.8660495281219482,-0.6497266292572021,-0.3841065466403961,0.4988883435726166,0.2796822786331177,0.4969469469469471,0.4969469469469471,0.5765765765765766,0.004704704704704706,0.8269882202148438,0.08230706304311752,2.0900492668151855,0.3871203660964966,0.375,0.125,0.5,0.0,
530,-0.8641040325164795,-0.6738797426223755,-0.33813217282295227,0.5054477453231812,0.2666555345058441,0.495995995995996,0.495995995995996,0.5774774774774776,0.004694694694694694,0.8331608772277832,0.07930649816989899,2.1208198070526123,0.3965439796447754,0.375,0.125,0.375,0.125,
531,-0.900577187538147,-0.7016572952270508,-0.3527669906616211,0.49996697902679443,0.27707070112228394,0.4950450450450451,0.4950450450450451,0.5783783783783784,0.0046846846846846845,0.8254141807556152,0.09014595299959183,2.026344060897827,0.38788771629333496,0.25,0.375,0.125,0.25,
532,-0.9345131516456604,-0.7339309453964233,-0.3549158573150635,0.5149462223052979,0.2605953812599182,0.4940940940940941,0.4940940940940941,0.5792792792792792,0.004674674674674675,0.8348573446273804,0.08173700422048569,2.086327075958252,0.40026673674583435,0.375,0.125,0.25,0.25,
533,-0.7496629357337952,-0.5952435731887817,-0.27467769384384155,0.5180162787437439,0.25267988443374634,0.4931431431431432,0.4931431431431432,0.5801801801801801,0.004664664664664665,0.8395504355430603,0.07698642462491989,2.132627487182617,0.40651607513427734,0.5,0.125,0.375,0.0,
534,-0.9037388563156128,-0.7118839621543884,-0.33881670236587524,0.5161375999450684,0.2622670829296112,0.4921921921921921,0.4921921921921921,0.5810810810810811,0.0046546546546546545,0.832892894744873,0.08170000463724136,2.0794742107391357,0.3984406888484955,0.375,0.25,0.375,0.0,
535,-0.8520656824111938,-0.6856319904327393,-0.29450446367263794,0.5204112529754639,0.2545412480831146,0.49124124124124124,0.49124124124124124,0.581981981981982,0.004644644644644645,0.8367513418197632,0.07688205689191818,2.1217193603515625,0.4043252170085907,0.25,0.25,0.5,0.0,
536,-0.8334452509880066,-0.6610153317451477,-0.3043598234653473,0.5193018317222595,0.2569410502910614,0.49029029029029025,0.49029029029029025,0.5828828828828829,0.004634634634634634,0.8352839946746826,0.07562481611967087,2.1292572021484375,0.40226054191589355,0.0,0.375,0.5,0.125,
537,-0.7829535007476807,-0.6224576234817505,-0.28358376026153564,0.514366865158081,0.26769620180130005,0.4893393393393394,0.4893393393393394,0.5837837837837838,0.0046246246246246245,0.8288944959640503,0.0757865309715271,2.1206345558166504,0.39374789595603943,0.125,0.25,0.375,0.25,
538,-0.8170933723449707,-0.6393669247627258,-0.3125774562358856,0.5191472768783569,0.2637084126472473,0.4883883883883885,0.4883883883883885,0.5846846846846847,0.004614614614614615,0.8333274126052856,0.07911556214094162,2.0875165462493896,0.3972814977169037,0.375,0.125,0.5,0.0,
539,-0.8659920692443848,-0.6710351705551147,-0.34157952666282654,0.5214747786521912,0.2666003108024597,0.4874374374374374,0.4874374374374374,0.5855855855855856,0.004604604604604604,0.833220362663269,0.07779959589242935,2.098402976989746,0.39532971382141113,0.0,0.0,0.875,0.125,
540,-0.8408888578414917,-0.6549689173698425,-0.32562360167503357,0.5202478766441345,0.2663537263870239,0.4864864864864865,0.4864864864864865,0.5864864864864865,0.0045945945945945945,0.833619236946106,0.07995156198740005,2.085092544555664,0.395587295293808,0.125,0.375,0.5,0.0,-0.32859042286872864
541,-0.8851051330566406,-0.6905117034912109,-0.33994007110595703,0.5221017599105835,0.2689487636089325,0.4855355355355355,0.4855355355355355,0.5873873873873874,0.004584584584584585,0.8331059813499451,0.07644234597682953,2.119635581970215,0.39400023221969604,0.125,0.25,0.375,0.25,
542,-0.8339141011238098,-0.6448778510093689,-0.3298928439617157,0.531583309173584,0.2604040503501892,0.48458458458458464,0.48458458458458464,0.5882882882882883,0.004574574574574575,0.8397929072380066,0.07394411414861679,2.14308500289917,0.40097278356552124,0.125,0.375,0.5,0.0,
543,-0.7479947209358215,-0.580968976020813,-0.292028546333313,0.5299073457717896,0.2615532875061035,0.48363363363363365,0.48363363363363365,0.5891891891891892,0.004564564564564565,0.8399827480316162,0.07213444262742996,2.166893482208252,0.4004507064819336,0.25,0.25,0.5,0.0,
544,-0.8488227128982544,-0.6578882932662964,-0.33224546909332275,0.5286573171615601,0.27125614881515503,0.48268268268268266,0.48268268268268266,0.5900900900900902,0.004554554554554554,0.8345476388931274,0.07534967362880707,2.1351158618927,0.3929165303707123,0.25,0.125,0.5,0.125,
545,-0.9105867743492126,-0.7207076549530029,-0.3299877345561981,0.5309297442436218,0.2727805972099304,0.4817317317317318,0.4817317317317318,0.5909909909909911,0.004544544544544544,0.8347606062889099,0.07638275623321533,2.120911121368408,0.3919413983821869,0.0,0.375,0.5,0.125,
546,-0.9441209435462952,-0.7487820386886597,-0.3387000560760498,0.5317632555961609,0.27235716581344604,0.4807807807807808,0.4807807807807808,0.591891891891892,0.0045345345345345345,0.8358243703842163,0.07458820939064026,2.143890619277954,0.3924563527107239,0.125,0.375,0.5,0.0,
547,-0.9116637110710144,-0.7113803029060364,-0.34660136699676514,0.5258461833000183,0.28002116084098816,0.4798298298298299,0.4798298298298299,0.5927927927927928,0.004524524524524525,0.830126941204071,0.07910893857479095,2.102158784866333,0.38638418912887573,0.375,0.375,0.25,0.0,
548,-0.9251065850257874,-0.7244811058044434,-0.34654873609542847,0.535578191280365,0.27004504203796387,0.4788788788788789,0.4788788788788789,0.5936936936936936,0.004514514514514515,0.8364214897155762,0.07259977608919144,2.1658191680908203,0.393829882144928,0.25,0.5,0.25,0.0,
549,-0.8747462630271912,-0.6759610772132874,-0.3429490327835083,0.5344123840332031,0.27232232689857483,0.47792792792792793,0.47792792792792793,0.5945945945945946,0.0045045045045045045,0.8349722623825073,0.07319553196430206,2.161639928817749,0.3921087980270386,0.125,0.125,0.625,0.125,
550,-0.9383071660995483,-0.7358148097991943,-0.34864699840545654,0.5388790369033813,0.2703424096107483,0.47697697697697694,0.47697697697697694,0.5954954954954955,0.004494494494494495,0.836425244808197,0.07431694120168686,2.1601901054382324,0.3935326039791107,0.375,0.125,0.375,0.125,
551,-0.8971787691116333,-0.6965494155883789,-0.3449922800064087,0.5376149415969849,0.2711826264858246,0.47602602602602606,0.47602602602602606,0.5963963963963964,0.004484484484484484,0.8354424238204956,0.07337329536676407,2.161142349243164,0.39299339056015015,0.0,0.125,0.625,0.25,
552,-0.7704123258590698,-0.5842676162719727,-0.32016390562057495,0.5376449823379517,0.26826274394989014,0.47507507507507507,0.47507507507507507,0.5972972972972973,0.0044744744744744745,0.8379135131835938,0.06785207241773605,2.2262604236602783,0.3956640958786011,0.125,0.25,0.375,0.25,
553,-0.7439864277839661,-0.5771419405937195,-0.2872917354106903,0.5430054664611816,0.2588663697242737,0.4741241241241242,0.4741241241241242,0.5981981981981982,0.004464464464464465,0.8438993692398071,0.06709789484739304,2.2346556186676025,0.40324538946151733,0.25,0.25,0.5,0.0,
554,-0.7806612849235535,-0.6085008978843689,-0.29575997591018677,0.5431905388832092,0.2609567642211914,0.4731731731731732,0.4731731731731732,0.5990990990990992,0.004454454454454454,0.8422425985336304,0.0671093612909317,2.2337167263031006,0.4013614058494568,0.375,0.125,0.5,0.0,
555,-0.7964980006217957,-0.6312627792358398,-0.28372108936309814,0.5457749366760254,0.2571786046028137,0.4722222222222222,0.4722222222222222,0.6,0.0044444444444444444,0.8449043035507202,0.07063199579715729,2.1944594383239746,0.404518723487854,0.125,0.25,0.625,0.0,
556,-0.8679179549217224,-0.678260862827301,-0.32410168647766113,0.5393428802490234,0.2704203128814697,0.47127127127127133,0.47127127127127133,0.6009009009009009,0.004434434434434435,0.8365122675895691,0.06964976340532303,2.199892044067383,0.39460986852645874,0.0,0.25,0.375,0.375,
557,-0.8236321210861206,-0.6560938954353333,-0.28675180673599243,0.5452534556388855,0.26171132922172546,0.47032032032032034,0.47032032032032034,0.6018018018018018,0.004424424424424425,0.8417881727218628,0.06829728186130524,2.2133450508117676,0.4016817510128021,0.0,0.5,0.375,0.125,
558,-0.846145749092102,-0.6648404002189636,-0.3092525601387024,0.5419328212738037,0.2689715325832367,0.46936936936936946,0.46936936936936946,0.6027027027027027,0.004414414414414415,0.8369566202163696,0.06621220707893372,2.2369916439056396,0.3964054584503174,0.0,0.375,0.625,0.0,
559,-0.8443406224250793,-0.6497311592102051,-0.330799400806427,0.5519838929176331,0.26311546564102173,0.46841841841841836,0.46841841841841836,0.6036036036036037,0.004404404404404404,0.8409909009933472,0.06758417934179306,2.2162926197052,0.4010953903198242,0.0,0.25,0.75,0.0,
560,-0.8488180041313171,-0.6247757077217102,-0.3791462779045105,0.5440303683280945,0.27626466751098633,0.4674674674674675,0.4674674674674675,0.6045045045045045,0.004394394394394394,0.8321773409843445,0.0763312578201294,2.121607780456543,0.3904723823070526,0.25,0.0,0.75,0.0,-0.30599915981292725
561,-0.8446536660194397,-0.6649619936943054,-0.30510199069976807,0.5491436719894409,0.26110386848449707,0.4665165165165165,0.4665165165165165,0.6054054054054054,0.004384384384384384,0.8415533304214478,0.06525266170501709,2.2382149696350098,0.4025041460990906,0.25,0.25,0.5,0.0,
562,-0.7145930528640747,-0.5493966341018677,-0.280676007270813,0.5541973114013672,0.25550130009651184,0.4655655655655656,0.4655655655655656,0.6063063063063063,0.004374374374374375,0.846660315990448,0.06581001728773117,2.2282915115356445,0.40755003690719604,0.25,0.125,0.625,0.0,
563,-0.885140061378479,-0.6741305589675903,-0.3560005724430084,0.5444813370704651,0.2780337631702423,0.46461461461461473,0.46461461461461473,0.6072072072072071,0.004364364364364365,0.8320711851119995,0.06746320426464081,2.2044408321380615,0.3899974226951599,0.125,0.375,0.375,0.125,
564,-0.856235146522522,-0.665446400642395,-0.3220195770263672,0.5566747188568115,0.2610011100769043,0.4636636636636636,0.4636636636636636,0.6081081081081081,0.004354354354354354,0.8443424105644226,0.07070760428905487,2.1732378005981445,0.4034962058067322,0.125,0.0,0.75,0.125,
565,-0.8231635689735413,-0.6423096060752869,-0.30524972081184387,0.5531290173530579,0.26429569721221924,0.46271271271271275,0.46271271271271275,0.609009009009009,0.004344344344344344,0.8431157469749451,0.0653318539261818,2.2308828830718994,0.40149450302124023,0.25,0.25,0.375,0.125,
566,-0.8213497400283813,-0.6283714771270752,-0.32473310828208923,0.5529625415802002,0.26830050349235535,0.46176176176176176,0.46176176176176176,0.6099099099099099,0.004334334334334334,0.8403531908988953,0.06388196349143982,2.246739625930786,0.3986148238182068,0.125,0.25,0.625,0.0,
567,-0.7842091917991638,-0.6231188774108887,-0.27196943759918213,0.5554242134094238,0.2629680335521698,0.4608108108108109,0.4608108108108109,0.6108108108108108,0.004324324324324324,0.8436242938041687,0.06231272593140602,2.269846200942993,0.40299272537231445,0.125,0.375,0.5,0.0,
568,-0.8717589974403381,-0.6806121468544006,-0.3207525908946991,0.55625319480896,0.2661425769329071,0.4598598598598599,0.4598598598598599,0.6117117117117117,0.004314314314314315,0.8417307734489441,0.06763625144958496,2.2093377113342285,0.4002184569835663,0.0,0.375,0.5,0.125,
569,-0.7752553820610046,-0.6144020557403564,-0.27081894874572754,0.5527451038360596,0.26745831966400146,0.4589089089089089,0.4589089089089089,0.6126126126126127,0.004304304304304304,0.8405134081840515,0.06233469396829605,2.279052257537842,0.39902132749557495,0.375,0.375,0.25,0.0,
570,-0.7898355722427368,-0.6319167017936707,-0.26561516523361206,0.5541112422943115,0.26601076126098633,0.457957957957958,0.457957957957958,0.6135135135135136,0.004294294294294294,0.8431047201156616,0.06213226541876793,2.2888903617858887,0.39997658133506775,0.25,0.375,0.375,0.0,
571,-0.6880937814712524,-0.5559322834014893,-0.22336801886558533,0.5540570020675659,0.2705267369747162,0.457007007007007,0.457007007007007,0.6144144144144144,0.004284284284284285,0.8427600860595703,0.06345528364181519,2.2834627628326416,0.39625608921051025,0.25,0.375,0.375,0.0,
572,-0.7792706489562988,-0.6301053762435913,-0.25064632296562195,0.553932785987854,0.2693597972393036,0.45605605605605615,0.45605605605605615,0.6153153153153152,0.004274274274274275,0.8446458578109741,0.059211473912000656,2.342406749725342,0.3969792127609253,0.375,0.25,0.125,0.25,
573,-0.7162941694259644,-0.5394994616508484,-0.2951412796974182,0.544463038444519,0.27544280886650085,0.45510510510510516,0.45510510510510516,0.6162162162162161,0.004264264264264265,0.8379582762718201,0.06809069961309433,2.2443463802337646,0.39157041907310486,0.375,0.25,0.125,0.25,
574,-0.6633661985397339,-0.5238370895385742,-0.234114870429039,0.5615975260734558,0.2557963728904724,0.45415415415415417,0.45415415415415417,0.6171171171171171,0.004254254254254254,0.8538244962692261,0.06284978985786438,2.3056325912475586,0.40689414739608765,0.0,0.0,0.75,0.25,
575,-0.7172937393188477,-0.5587155818939209,-0.2647377550601959,0.5503050088882446,0.2698984146118164,0.4532032032032032,0.4532032032032032,0.618018018018018,0.004244244244244244,0.8448683023452759,0.06020396575331688,2.341128349304199,0.395569384098053,0.25,0.375,0.25,0.125,
576,-0.6744080781936646,-0.5385080575942993,-0.2276957929134369,0.5511314868927002,0.26915574073791504,0.4522522522522523,0.4522522522522523,0.6189189189189189,0.004234234234234234,0.8480916023254395,0.060743581503629684,2.3363075256347656,0.39636528491973877,0.125,0.375,0.5,0.0,
577,-0.8074247241020203,-0.6143852472305298,-0.3197501301765442,0.5422054529190063,0.28576117753982544,0.4513013013013013,0.4513013013013013,0.6198198198198198,0.004224224224224225,0.8384793996810913,0.07244116812944412,2.209689140319824,0.38298484683036804,0.125,0.875,0.0,0.0,
578,-0.7927353978157043,-0.6279405355453491,-0.2738000750541687,0.5490338802337646,0.2844786047935486,0.4503503503503504,0.4503503503503504,0.6207207207207207,0.004214214214214215,0.8414179682731628,0.06977710872888565,2.242393970489502,0.3835299015045166,0.25,0.25,0.375,0.125,
579,-0.8134034872055054,-0.6249943971633911,-0.31146591901779175,0.5477021932601929,0.29021936655044556,0.44939939939939944,0.44939939939939944,0.6216216216216216,0.004204204204204204,0.83866947889328,0.0631088837981224,2.3130435943603516,0.37932121753692627,0.0,0.25,0.625,0.125,
580,-0.7924478650093079,-0.6017152070999146,-0.3146103620529175,0.5563830137252808,0.2785799503326416,0.44844844844844844,0.44844844844844844,0.6225225225225225,0.004194194194194194,0.8450189828872681,0.06498780101537704,2.2958083152770996,0.3873693346977234,0.125,0.25,0.5,0.125,-0.3069723844528198
581,-0.7992919683456421,-0.5942676663398743,-0.337130606174469,0.5596920251846313,0.2808951735496521,0.44749749749749756,0.44749749749749756,0.6234234234234234,0.004184184184184184,0.8429347276687622,0.06066947430372238,2.3510446548461914,0.3858705759048462,0.0,0.375,0.5,0.125,
582,-0.7667996883392334,-0.5602902770042419,-0.33910423517227173,0.5539266467094421,0.28894200921058655,0.4465465465465466,0.4465465465465466,0.6243243243243243,0.004174174174174174,0.8349949717521667,0.0695088729262352,2.239777088165283,0.3795282244682312,0.0,0.375,0.625,0.0,
583,-0.7803266048431396,-0.5898241996765137,-0.31299152970314026,0.554467499256134,0.2878876328468323,0.4455955955955957,0.4455955955955957,0.6252252252252252,0.004164164164164165,0.8352317810058594,0.0621807724237442,2.337984323501587,0.38058802485466003,0.375,0.25,0.25,0.125,
584,-0.7842222452163696,-0.6407317519187927,-0.23727494478225708,0.5689539909362793,0.2710050940513611,0.4446446446446446,0.4446446446446446,0.6261261261261262,0.004154154154154154,0.8457009792327881,0.06199217215180397,2.341207265853882,0.3927784562110901,0.25,0.25,0.25,0.25,
585,-0.7620671987533569,-0.6038356423377991,-0.2604624629020691,0.5654048323631287,0.27423354983329773,0.4436936936936937,0.4436936936936937,0.6270270270270271,0.004144144144144144,0.8428045511245728,0.06314723938703537,2.320192813873291,0.39050793647766113,0.0,0.375,0.375,0.25,
586,-0.8191710114479065,-0.6221172213554382,-0.3221072852611542,0.5551130771636963,0.2911427617073059,0.4427427427427427,0.4427427427427427,0.627927927927928,0.004134134134134135,0.8302337527275085,0.06766050308942795,2.2783710956573486,0.3778422474861145,0.0,0.375,0.625,0.0,
587,-0.7812520265579224,-0.6150144338607788,-0.27245253324508667,0.5663032531738281,0.27529406547546387,0.44179179179179184,0.44179179179179184,0.6288288288288288,0.004124124124124125,0.8411568403244019,0.06136369705200195,2.3530468940734863,0.3894890248775482,0.25,0.375,0.375,0.0,
588,-0.8807563781738281,-0.676604151725769,-0.33240026235580444,0.5628513693809509,0.28544920682907104,0.44084084084084096,0.44084084084084096,0.6297297297297296,0.004114114114114114,0.8339221477508545,0.06667522341012955,2.278038501739502,0.3817509114742279,0.0,0.5,0.5,0.0,
589,-0.6711826324462891,-0.5517557859420776,-0.19730371236801147,0.5787355303764343,0.2623736560344696,0.43988988988988986,0.43988988988988986,0.6306306306306306,0.004104104104104104,0.8486496806144714,0.059061456471681595,2.380265235900879,0.3995154798030853,0.125,0.25,0.625,0.0,
590,-0.8448941707611084,-0.6440879106521606,-0.32614946365356445,0.5662126541137695,0.2849271893501282,0.438938938938939,0.438938938938939,0.6315315315315315,0.004094094094094094,0.8326969146728516,0.06785524636507034,2.2705905437469482,0.3823157250881195,0.25,0.0,0.625,0.125,
591,-0.6112220883369446,-0.4871978461742401,-0.20414747297763824,0.570650577545166,0.2754625678062439,0.437987987987988,0.437987987987988,0.6324324324324324,0.004084084084084084,0.8404092192649841,0.06106756627559662,2.353649854660034,0.3903491199016571,0.25,0.25,0.5,0.0,
592,-0.735969066619873,-0.5821807980537415,-0.2510295510292053,0.5606343150138855,0.2913086712360382,0.4370370370370371,0.4370370370370371,0.6333333333333333,0.004074074074074075,0.8297281265258789,0.06244596466422081,2.333466053009033,0.378483384847641,0.0,0.375,0.5,0.125,
593,-0.8029178380966187,-0.6109603047370911,-0.31089597940444946,0.5672927498817444,0.2917802035808563,0.4360860860860861,0.4360860860860861,0.6342342342342342,0.004064064064064065,0.8300468921661377,0.06153509020805359,2.3458521366119385,0.378156840801239,0.25,0.5,0.25,0.0,
594,-0.7163417935371399,-0.5633658170700073,-0.24897447228431702,0.5723761320114136,0.283599317073822,0.43513513513513513,0.43513513513513513,0.6351351351351352,0.004054054054054053,0.835141658782959,0.06165696308016777,2.3438334465026855,0.3838949203491211,0.125,0.125,0.75,0.0,
595,-0.6650903820991516,-0.5580268502235413,-0.17634566128253937,0.5746256709098816,0.2774820923805237,0.43418418418418425,0.43418418418418425,0.6360360360360361,0.004044044044044044,0.838275134563446,0.060358963906764984,2.3621716499328613,0.388477623462677,0.25,0.0,0.75,0.0,
596,-0.7143194675445557,-0.5203171968460083,-0.3129267692565918,0.5589998364448547,0.30573248863220215,0.43323323323323326,0.43323323323323326,0.6369369369369369,0.004034034034034034,0.8209272623062134,0.06675706058740616,2.2811460494995117,0.3688066899776459,0.125,0.25,0.5,0.125,
597,-0.6543697714805603,-0.5287730693817139,-0.20501036942005157,0.5652852058410645,0.2891964614391327,0.4322822822822824,0.4322822822822824,0.6378378378378378,0.004024024024024024,0.8335328102111816,0.061886437237262726,2.34497332572937,0.38052529096603394,0.25,0.375,0.375,0.0,
598,-0.7174195647239685,-0.5663732290267944,-0.24462002515792847,0.5597816705703735,0.2954932153224945,0.4313313313313313,0.4313313313313313,0.6387387387387388,0.004014014014014014,0.8300361633300781,0.0645001158118248,2.3130855560302734,0.37587499618530273,0.25,0.375,0.375,0.0,
599,-0.6757428050041199,-0.49141961336135864,-0.2963124215602875,0.563784658908844,0.29526013135910034,0.4303803803803804,0.4303803803803804,0.6396396396396397,0.004004004004004004,0.8313155174255371,0.06596413999795914,2.2832956314086914,0.3759557604789734,0.125,0.125,0.625,0.125,
600,-0.7522842884063721,-0.5867059230804443,-0.26650750637054443,0.5676606893539429,0.28633013367652893,0.4294294294294294,0.4294294294294294,0.6405405405405405,0.003993993993993994,0.8394381403923035,0.06254292279481888,2.331505537033081,0.3823152482509613,0.25,0.125,0.5,0.125,-0.26602455973625183
601,-0.7085742354393005,-0.5524525046348572,-0.2513079047203064,0.56852126121521,0.28125953674316406,0.42847847847847853,0.42847847847847853,0.6414414414414414,0.0039839839839839845,0.8456727862358093,0.06177375465631485,2.3440041542053223,0.3855738639831543,0.125,0.125,0.5,0.25,
602,-0.6840983033180237,-0.5242622494697571,-0.2567138075828552,0.5640010833740234,0.2820783257484436,0.42752752752752754,0.42752752752752754,0.6423423423423423,0.003973973973973975,0.8476888537406921,0.056767743080854416,2.412362813949585,0.38480743765830994,0.25,0.125,0.5,0.125,
603,-0.8538792133331299,-0.6606995463371277,-0.3082314431667328,0.5622475147247314,0.28593990206718445,0.42657657657657655,0.42657657657657655,0.6432432432432433,0.003963963963963963,0.846850574016571,0.0635017529129982,2.326354742050171,0.38115227222442627,0.0,0.375,0.375,0.25,
604,-0.7880434989929199,-0.5942590832710266,-0.308758020401001,0.5576907396316528,0.2895147204399109,0.42562562562562567,0.42562562562562567,0.6441441441441441,0.003953953953953954,0.8461203575134277,0.06131080538034439,2.346043109893799,0.37833327054977417,0.125,0.375,0.375,0.125,
605,-0.7338902950286865,-0.5644326210021973,-0.27043429017066956,0.5661003589630127,0.2751920819282532,0.4246746746746747,0.4246746746746747,0.645045045045045,0.003943943943943944,0.8615816831588745,0.05502300709486008,2.438560962677002,0.3889969289302826,0.25,0.5,0.25,0.0,
606,-0.7494705319404602,-0.5719385743141174,-0.2826331853866577,0.5606359839439392,0.28282803297042847,0.4237237237237238,0.4237237237237238,0.6459459459459459,0.003933933933933934,0.8605598211288452,0.06009076535701752,2.364341974258423,0.3834664225578308,0.125,0.125,0.75,0.0,
607,-0.7007172703742981,-0.5148873329162598,-0.2951297163963318,0.5562083125114441,0.28912264108657837,0.4227727727727728,0.4227727727727728,0.6468468468468468,0.0039239239239239245,0.861059844493866,0.05484329164028168,2.4422457218170166,0.37956225872039795,0.25,0.25,0.5,0.0,
608,-0.7815449833869934,-0.60733562707901,-0.27678096294403076,0.5529128909111023,0.29108572006225586,0.4218218218218218,0.4218218218218218,0.6477477477477478,0.003913913913913913,0.8634252548217773,0.05792604759335518,2.397763729095459,0.37809979915618896,0.25,0.125,0.625,0.0,
609,-0.7785818576812744,-0.5804785490036011,-0.3132985830307007,0.5468946695327759,0.2982378602027893,0.42087087087087083,0.42087087087087083,0.6486486486486487,0.0039039039039039033,0.8605689406394958,0.0635099858045578,2.3268163204193115,0.37335917353630066,0.125,0.5,0.375,0.0,
610,-0.6853360533714294,-0.5043525099754333,-0.286346971988678,0.5555306673049927,0.28498393297195435,0.41991991991991995,0.41991991991991995,0.6495495495495496,0.0038938938938938936,0.8751835227012634,0.057093024253845215,2.419057846069336,0.38305819034576416,0.0,0.25,0.75,0.0,
611,-0.7167300581932068,-0.5635049939155579,-0.24315619468688965,0.557895839214325,0.2769182622432709,0.41896896896896896,0.41896896896896896,0.6504504504504505,0.003883883883883884,0.8849446177482605,0.053805213421583176,2.4792187213897705,0.3894515633583069,0.125,0.25,0.625,0.0,
612,-0.7058844566345215,-0.5671695470809937,-0.2204107642173767,0.5636586546897888,0.26663392782211304,0.4180180180180181,0.4180180180180181,0.6513513513513514,0.003873873873873874,0.8950628042221069,0.052782341837882996,2.4978466033935547,0.397144079208374,0.0,0.5,0.375,0.125,
613,-0.7292935848236084,-0.5615856647491455,-0.2646760642528534,0.5560084581375122,0.2779284715652466,0.4170670670670671,0.4170670670670671,0.6522522522522523,0.0038638638638638636,0.8875951766967773,0.05303352698683739,2.4956276416778564,0.3887358605861664,0.0,0.25,0.5,0.25,
614,-0.7021608352661133,-0.5386365652084351,-0.2578601539134979,0.5548877716064453,0.2759449779987335,0.4161161161161161,0.4161161161161161,0.6531531531531531,0.003853853853853854,0.8903051614761353,0.054111238569021225,2.4765257835388184,0.39009150862693787,0.25,0.25,0.5,0.0,
615,-0.7266520857810974,-0.5896146297454834,-0.2169572114944458,0.557060718536377,0.2723047435283661,0.4151651651651652,0.4151651651651652,0.654054054054054,0.003843843843843844,0.8935966491699219,0.049771759659051895,2.5479273796081543,0.39267122745513916,0.375,0.375,0.25,0.0,
616,-0.7545609474182129,-0.5992013216018677,-0.2446226179599762,0.5533728003501892,0.27355992794036865,0.4142142142142142,0.4142142142142142,0.6549549549549549,0.0038338338338338345,0.8920125961303711,0.054678406566381454,2.475177049636841,0.39119648933410645,0.5,0.25,0.125,0.125,
617,-0.6981566548347473,-0.5190936326980591,-0.28057968616485596,0.54735267162323,0.2863835096359253,0.41326326326326335,0.41326326326326335,0.6558558558558558,0.003823823823823824,0.8823206424713135,0.054831381887197495,2.4785280227661133,0.38157224655151367,0.0,0.375,0.625,0.0,
618,-0.7587873935699463,-0.5880810022354126,-0.26735997200012207,0.5573669672012329,0.27584055066108704,0.41231231231231225,0.41231231231231225,0.6567567567567568,0.0038138138138138133,0.8940460085868835,0.05245416611433029,2.5186774730682373,0.3891780972480774,0.0,0.375,0.625,0.0,
619,-0.7070786952972412,-0.5240470767021179,-0.2858313322067261,0.5537630319595337,0.2841126620769501,0.41136136136136137,0.41136136136136137,0.6576576576576577,0.0038038038038038036,0.8896957635879517,0.05039050802588463,2.558427333831787,0.3835209310054779,0.0,0.375,0.5,0.125,
620,-0.7470295429229736,-0.5659648180007935,-0.282467782497406,0.5498429536819458,0.2870881259441376,0.4104104104104105,0.4104104104104105,0.6585585585585586,0.003793793793793794,0.8884369730949402,0.05273095518350601,2.525207757949829,0.3811482787132263,0.25,0.25,0.5,0.0,-0.24395449459552765
621,-0.671056866645813,-0.5210253000259399,-0.23490333557128906,0.5540187358856201,0.2781398296356201,0.4094594594594595,0.4094594594594595,0.6594594594594594,0.003783783783783784,0.8970617651939392,0.054421063512563705,2.5075719356536865,0.3873531222343445,0.25,0.125,0.625,0.0,
622,-0.68025803565979,-0.5125061273574829,-0.26148656010627747,0.551602840423584,0.2841807007789612,0.4085085085085086,0.4085085085085086,0.6603603603603603,0.0037737737737737745,0.8942586779594421,0.04871150106191635,2.6051149368286133,0.3833225965499878,0.0,0.125,0.25,0.625,
623,-0.5933866500854492,-0.48226630687713623,-0.17536111176013947,0.5652627944946289,0.2711658179759979,0.4075575575575575,0.4075575575575575,0.6612612612612613,0.003763763763763763,0.9105967283248901,0.0503012016415596,2.581425666809082,0.3929312229156494,0.0,0.375,0.5,0.125,
624,-0.651978075504303,-0.5021288394927979,-0.2337130904197693,0.5544053316116333,0.28256407380104065,0.40660660660660664,0.40660660660660664,0.6621621621621622,0.0037537537537537533,0.8992729187011719,0.055091723799705505,2.5149765014648438,0.38395053148269653,0.125,0.375,0.5,0.0,
625,-0.738680899143219,-0.5493729114532471,-0.29297778010368347,0.5512936115264893,0.289084792137146,0.40565565565565564,0.40565565565565564,0.6630630630630631,0.0037437437437437436,0.8935093879699707,0.05406968668103218,2.5315775871276855,0.3785363435745239,0.0,0.125,0.625,0.25,
626,-0.6007953882217407,-0.4694368243217468,-0.2051590234041214,0.5555770993232727,0.2785235643386841,0.40470470470470477,0.40470470470470477,0.663963963963964,0.003733733733733734,0.9026026129722595,0.05026569589972496,2.6068196296691895,0.3859421908855438,0.5,0.0,0.375,0.125,
627,-0.6399461030960083,-0.4979097545146942,-0.2209092080593109,0.5568537712097168,0.27647995948791504,0.4037537537537538,0.4037537537537538,0.6648648648648648,0.003723723723723724,0.902122974395752,0.05177192762494087,2.5849974155426025,0.38644522428512573,0.125,0.375,0.25,0.25,
628,-0.673687219619751,-0.525153636932373,-0.23032987117767334,0.5574402213096619,0.2741988003253937,0.4028028028028028,0.4028028028028028,0.6657657657657658,0.0037137137137137136,0.9016892910003662,0.054430004209280014,2.5506367683410645,0.38742882013320923,0.375,0.0,0.5,0.125,
629,-0.6127593517303467,-0.47991448640823364,-0.20639106631278992,0.5628378391265869,0.26645609736442566,0.4018518518518519,0.4018518518518519,0.6666666666666666,0.003703703703703704,0.9070463180541992,0.04984332621097565,2.6261134147644043,0.3924843668937683,0.25,0.125,0.625,0.0,
630,-0.5627228021621704,-0.4592586159706116,-0.16203093528747559,0.556921124458313,0.26453062891960144,0.4009009009009009,0.4009009009009009,0.6675675675675675,0.003693693693693694,0.9062256813049316,0.04891044646501541,2.6485393047332764,0.3939836919307709,0.25,0.125,0.625,0.0,
631,-0.7570762634277344,-0.5622730255126953,-0.2985727787017822,0.557957649230957,0.27279233932495117,0.39994994994995003,0.39994994994995003,0.6684684684684684,0.0036836836836836844,0.8980523943901062,0.05615054816007614,2.540620803833008,0.3871333599090576,0.0,0.25,0.625,0.125,
632,-0.651871383190155,-0.4977497458457947,-0.23730629682540894,0.5521799921989441,0.26954084634780884,0.39899899899899904,0.39899899899899904,0.6693693693693693,0.003673673673673674,0.8974787592887878,0.059370007365942,2.495262622833252,0.38905736804008484,0.0,0.625,0.375,0.0,
633,-0.6515807509422302,-0.4909643530845642,-0.24662430584430695,0.5574642419815063,0.26461827754974365,0.39804804804804805,0.39804804804804805,0.6702702702702703,0.0036636636636636633,0.9013554453849792,0.05316798761487007,2.5884103775024414,0.3925178050994873,0.25,0.25,0.375,0.125,
634,-0.6711040139198303,-0.5111274123191833,-0.24525773525238037,0.563504159450531,0.2574443221092224,0.39709709709709706,0.39709709709709706,0.6711711711711712,0.0036536536536536535,0.9077545404434204,0.048549093306064606,2.670199394226074,0.3975699841976166,0.0,0.125,0.875,0.0,
635,-0.6540586352348328,-0.5003266334533691,-0.23561790585517883,0.5615324974060059,0.25741565227508545,0.3961461461461462,0.3961461461461462,0.6720720720720721,0.003643643643643644,0.906734824180603,0.04775271564722061,2.6873679161071777,0.3973354995250702,0.0,0.5,0.5,0.0,
636,-0.6451913714408875,-0.4793291687965393,-0.2533823251724243,0.5555407404899597,0.2638612985610962,0.3951951951951953,0.3951951951951953,0.672972972972973,0.003633633633633634,0.8995665311813354,0.054754700511693954,2.564924955368042,0.3921167254447937,0.25,0.0,0.625,0.125,
637,-0.6238322257995605,-0.4793355464935303,-0.22113151848316193,0.5742027163505554,0.2437402904033661,0.3942442442442443,0.3942442442442443,0.6738738738738739,0.0036236236236236244,0.9214250445365906,0.04813118651509285,2.6766879558563232,0.4069875180721283,0.0,0.125,0.875,0.0,
638,-0.7046619057655334,-0.5221874713897705,-0.277300089597702,0.5600850582122803,0.2616715431213379,0.3932932932932933,0.3932932932932933,0.6747747747747748,0.003613613613613613,0.9048704504966736,0.0518236868083477,2.6165504455566406,0.3937087953090668,0.25,0.25,0.5,0.0,
639,-0.6574881076812744,-0.5106583833694458,-0.22412732243537903,0.5625070333480835,0.25806599855422974,0.39234234234234233,0.39234234234234233,0.6756756756756757,0.0036036036036036032,0.9100396037101746,0.0518229641020298,2.6027607917785645,0.39668363332748413,0.25,0.25,0.5,0.0,
640,-0.7261777520179749,-0.5463805198669434,-0.27254951000213623,0.5625495910644531,0.2581833004951477,0.39139139139139145,0.39139139139139145,0.6765765765765765,0.0035935935935935935,0.9109479188919067,0.05194171145558357,2.609281539916992,0.3964613378047943,0.375,0.0,0.5,0.125,-0.23910285532474518
641,-0.7537629008293152,-0.5640871524810791,-0.2867308259010315,0.5671756267547607,0.2545417249202728,0.39044044044044046,0.39044044044044046,0.6774774774774774,0.003583583583583584,0.9165891408920288,0.0511203333735466,2.61079478263855,0.39908546209335327,0.375,0.0,0.625,0.0,
642,-0.6092865467071533,-0.47218871116638184,-0.20882713794708252,0.5640953779220581,0.2550121247768402,0.3894894894894896,0.3894894894894896,0.6783783783783783,0.003573573573573574,0.9181312322616577,0.04575270786881447,2.7118167877197266,0.3994767665863037,0.0,0.375,0.375,0.25,
643,-0.5786576867103577,-0.4314347505569458,-0.22343605756759644,0.567325234413147,0.2530874013900757,0.3885385385385385,0.3885385385385385,0.6792792792792793,0.0035635635635635635,0.9238061904907227,0.04731213301420212,2.678473711013794,0.40087831020355225,0.125,0.0,0.875,0.0,
644,-0.7256889939308167,-0.540574848651886,-0.27887678146362305,0.5694953799247742,0.2548585832118988,0.3875875875875876,0.3875875875875876,0.6801801801801802,0.0035535535535535538,0.9230396747589111,0.049716781824827194,2.6366934776306152,0.39882326126098633,0.0,0.25,0.75,0.0,
645,-0.6413058042526245,-0.48112785816192627,-0.24188092350959778,0.5655226707458496,0.2558577060699463,0.3866366366366367,0.3866366366366367,0.6810810810810811,0.003543543543543544,0.9228846430778503,0.0470925010740757,2.679415225982666,0.39807555079460144,0.125,0.125,0.625,0.125,
646,-0.6986135244369507,-0.5214606523513794,-0.26645174622535706,0.5647403001785278,0.2566922903060913,0.38568568568568573,0.38568568568568573,0.6819819819819819,0.0035335335335335335,0.9226893186569214,0.05155665799975395,2.605961322784424,0.3970402181148529,0.375,0.25,0.25,0.125,
647,-0.626074492931366,-0.48431462049484253,-0.21420662105083466,0.565447211265564,0.2525779604911804,0.38473473473473485,0.38473473473473485,0.6828828828828828,0.0035235235235235238,0.9288530349731445,0.046579696238040924,2.6842727661132812,0.4007241129875183,0.375,0.25,0.25,0.125,
648,-0.6981200575828552,-0.5203044414520264,-0.2666670083999634,0.5656510591506958,0.25395962595939636,0.38378378378378375,0.38378378378378375,0.6837837837837838,0.003513513513513513,0.9275456666946411,0.04691601172089577,2.674224615097046,0.39877849817276,0.125,0.5,0.375,0.0,
649,-0.5896111130714417,-0.4409252107143402,-0.22371560335159302,0.5649265646934509,0.2509516477584839,0.38283283283283287,0.38283283283283287,0.6846846846846847,0.0035035035035035035,0.9318928718566895,0.047023311257362366,2.676541805267334,0.40145158767700195,0.0,0.375,0.625,0.0,
650,-0.5771525502204895,-0.4201897382736206,-0.2355102300643921,0.563714861869812,0.25303059816360474,0.3818818818818819,0.3818818818818819,0.6855855855855856,0.0034934934934934938,0.9303630590438843,0.0449443981051445,2.707056760787964,0.3999347686767578,0.125,0.375,0.5,0.0,
651,-0.5544960498809814,-0.4074592590332031,-0.22073671221733093,0.5655568838119507,0.252584844827652,0.380930930930931,0.380930930930931,0.6864864864864865,0.003483483483483484,0.9311589002609253,0.0463489331305027,2.681521415710449,0.4002472162246704,0.25,0.25,0.375,0.125,
652,-0.6319199800491333,-0.5016570687294006,-0.19594693183898926,0.5725231170654297,0.24398836493492126,0.37997997997998,0.37997997997998,0.6873873873873874,0.0034734734734734743,0.9390789270401001,0.04529085010290146,2.6983373165130615,0.4070636034011841,0.125,0.25,0.5,0.125,
653,-0.5568425059318542,-0.4685136079788208,-0.13465645909309387,0.5799335241317749,0.2345031201839447,0.379029029029029,0.379029029029029,0.6882882882882884,0.003463463463463463,0.947939395904541,0.04365929588675499,2.7187209129333496,0.4149775505065918,0.125,0.125,0.75,0.0,
654,-0.6008363962173462,-0.45379212498664856,-0.21976150572299957,0.5689581632614136,0.24481579661369324,0.37807807807807814,0.37807807807807814,0.6891891891891891,0.003453453453453453,0.9348254203796387,0.0495372898876667,2.617600202560425,0.406684011220932,0.0,0.375,0.5,0.125,
655,-0.6275133490562439,-0.47245603799819946,-0.23112240433692932,0.5679770708084106,0.24821612238883972,0.37712712712712715,0.37712712712712715,0.69009009009009,0.0034434434434434434,0.9313539266586304,0.04526510089635849,2.685476541519165,0.4044162631034851,0.375,0.125,0.375,0.125,
656,-0.6289547085762024,-0.4666635990142822,-0.24124735593795776,0.5738447904586792,0.24384509027004242,0.37617617617617627,0.37617617617617627,0.6909909909909909,0.0034334334334334337,0.9363330602645874,0.045809123665094376,2.6700916290283203,0.4080425202846527,0.25,0.375,0.375,0.0,
657,-0.529163122177124,-0.3701813220977783,-0.23621141910552979,0.5689966082572937,0.25030627846717834,0.37522522522522517,0.37522522522522517,0.6918918918918919,0.003423423423423423,0.9298518896102905,0.04514380544424057,2.682573080062866,0.40358275175094604,0.0,0.125,0.75,0.125,
658,-0.6420605182647705,-0.49102896451950073,-0.22434978187084198,0.5760289430618286,0.2430088222026825,0.3742742742742743,0.3742742742742743,0.6927927927927928,0.0034134134134134134,0.9386695623397827,0.046137645840644836,2.651639223098755,0.40935763716697693,0.125,0.375,0.5,0.0,
659,-0.6309931874275208,-0.47769245505332947,-0.22729384899139404,0.5838834047317505,0.23843692243099213,0.3733233233233233,0.3733233233233233,0.6936936936936937,0.0034034034034034037,0.945673942565918,0.04377773776650429,2.69380259513855,0.4138016402721405,0.0,0.25,0.75,0.0,
660,-0.602937638759613,-0.4619659185409546,-0.20924559235572815,0.5824758410453796,0.2392568588256836,0.3723723723723724,0.3723723723723724,0.6945945945945946,0.003393393393393394,0.9447283744812012,0.043527256697416306,2.693181276321411,0.41343969106674194,0.0,0.0,1.0,0.0,-0.20432811975479126
661,-0.652803897857666,-0.49579793214797974,-0.2320413589477539,0.5823888778686523,0.2407255619764328,0.37142142142142154,0.37142142142142154,0.6954954954954955,0.0033833833833833834,0.9425945281982422,0.04445405676960945,2.675917387008667,0.4124165177345276,0.25,0.125,0.375,0.25,
662,-0.49536141753196716,-0.4030718207359314,-0.13881909847259521,0.581556499004364,0.2421727180480957,0.37047047047047044,0.37047047047047044,0.6963963963963964,0.003373373373373373,0.9404475688934326,0.04149433597922325,2.7290937900543213,0.4121689200401306,0.25,0.0,0.625,0.125,
663,-0.4929177463054657,-0.39809274673461914,-0.14226441085338593,0.5807914733886719,0.24221661686897278,0.36951951951951956,0.36951951951951956,0.6972972972972973,0.003363363363363363,0.9399411678314209,0.04421403631567955,2.672024726867676,0.41239890456199646,0.125,0.5,0.25,0.125,
664,-0.5082347393035889,-0.3901967406272888,-0.175394207239151,0.5819307565689087,0.24705559015274048,0.36856856856856857,0.36856856856856857,0.6981981981981982,0.0033533533533533534,0.936394453048706,0.046404726803302765,2.632082223892212,0.4087810516357422,0.25,0.25,0.5,0.0,
665,-0.6018261909484863,-0.46382343769073486,-0.20377129316329956,0.5852733850479126,0.24968111515045166,0.3676176176176177,0.3676176176176177,0.6990990990990991,0.0033433433433433437,0.9349390864372253,0.0423792265355587,2.6980347633361816,0.4072187840938568,0.25,0.125,0.625,0.0,
666,-0.5796788334846497,-0.44358962774276733,-0.20071712136268616,0.5972787737846375,0.24218659102916718,0.3666666666666667,0.3666666666666667,0.7,0.003333333333333334,0.9442543983459473,0.04476673901081085,2.650416612625122,0.4134487509727478,0.125,0.0,0.75,0.125,
667,-0.6293220520019531,-0.48193225264549255,-0.21677273511886597,0.5818271040916443,0.2612800598144531,0.3657157157157157,0.3657157157157157,0.700900900900901,0.0033233233233233225,0.9244117736816406,0.04495127126574516,2.642392873764038,0.3988693654537201,0.125,0.5,0.25,0.125,
668,-0.582773745059967,-0.43730688095092773,-0.213814377784729,0.5783847570419312,0.2672063112258911,0.3647647647647647,0.3647647647647647,0.7018018018018019,0.003313313313313313,0.9205030202865601,0.04614955931901932,2.611356258392334,0.39478999376296997,0.25,0.5,0.125,0.125,
669,-0.5185824036598206,-0.36551159620285034,-0.224469393491745,0.5722190141677856,0.27741995453834534,0.36381381381381384,0.36381381381381384,0.7027027027027027,0.003303303303303303,0.9117563962936401,0.04923376068472862,2.557516098022461,0.38733959197998047,0.5,0.375,0.125,0.0,
670,-0.5719044804573059,-0.4241870939731598,-0.2165028303861618,0.5811862945556641,0.270072340965271,0.36286286286286296,0.36286286286286296,0.7036036036036036,0.0032932932932932934,0.9212319254875183,0.048849377781152725,2.556878089904785,0.39286285638809204,0.125,0.25,0.625,0.0,
671,-0.630465567111969,-0.485234797000885,-0.21271108090877533,0.5821105241775513,0.27139216661453247,0.36191191191191197,0.36191191191191197,0.7045045045045044,0.0032832832832832837,0.9216046333312988,0.043228521943092346,2.648808240890503,0.39206600189208984,0.375,0.25,0.25,0.125,
672,-0.529732346534729,-0.3853946328163147,-0.21120327711105347,0.5818278193473816,0.27417606115341187,0.360960960960961,0.360960960960961,0.7054054054054054,0.003273273273273273,0.9190399050712585,0.045554712414741516,2.594353437423706,0.3902149200439453,0.25,0.25,0.5,0.0,
673,-0.5835154056549072,-0.4223918914794922,-0.23473088443279266,0.5840526223182678,0.27624136209487915,0.36001001001001,0.36001001001001,0.7063063063063063,0.0032632632632632634,0.9182308912277222,0.045715153217315674,2.587904214859009,0.38882455229759216,0.25,0.125,0.625,0.0,
674,-0.5802021026611328,-0.41420209407806396,-0.24132806062698364,0.5854725241661072,0.27643102407455444,0.3590590590590591,0.3590590590590591,0.7072072072072072,0.0032532532532532537,0.9193145632743835,0.047589752823114395,2.5497608184814453,0.38884061574935913,0.25,0.25,0.5,0.0,
675,-0.5820719599723816,-0.4447055757045746,-0.20058408379554749,0.5845414996147156,0.2773064374923706,0.3581081081081081,0.3581081081081081,0.7081081081081081,0.003243243243243243,0.9205141067504883,0.046574667096138,2.580209255218506,0.3889922499656677,0.25,0.625,0.125,0.0,
676,-0.5358723998069763,-0.4106321334838867,-0.18315765261650085,0.5961397886276245,0.2692670524120331,0.35715715715715723,0.35715715715715723,0.709009009009009,0.0032332332332332334,0.9323670268058777,0.04477476701140404,2.6156699657440186,0.3957631289958954,0.125,0.125,0.625,0.125,
677,-0.5159949064254761,-0.3856123089790344,-0.19024477899074554,0.5891149044036865,0.2775261402130127,0.35620620620620624,0.35620620620620624,0.70990990990991,0.0032232232232232228,0.924544095993042,0.04340420663356781,2.6428873538970947,0.38984188437461853,0.125,0.25,0.5,0.125,
678,-0.536104142665863,-0.3979094624519348,-0.2009495198726654,0.5922707915306091,0.27393221855163574,0.35525525525525525,0.35525525525525525,0.7108108108108109,0.003213213213213213,0.9278112649917603,0.04208008199930191,2.674213409423828,0.3931613862514496,0.375,0.25,0.375,0.0,
679,-0.6121430397033691,-0.44747933745384216,-0.23785533010959625,0.5966315269470215,0.2709622085094452,0.3543043043043044,0.3543043043043044,0.7117117117117117,0.0032032032032032033,0.9287382960319519,0.04578389599919319,2.6021032333374023,0.39489468932151794,0.125,0.25,0.625,0.0,
680,-0.5291665196418762,-0.4193471372127533,-0.1604912132024765,0.6033920645713806,0.26219457387924194,0.3533533533533534,0.3533533533533534,0.7126126126126126,0.0031931931931931936,0.937781035900116,0.04157820716500282,2.68322491645813,0.4021437168121338,0.125,0.25,0.5,0.125,-0.2177862972021103
681,-0.5780168175697327,-0.4378698170185089,-0.20276394486427307,0.604752242565155,0.2602728605270386,0.3524024024024025,0.3524024024024025,0.7135135135135134,0.003183183183183184,0.9394423961639404,0.04110138118267059,2.693392038345337,0.40407490730285645,0.25,0.0,0.625,0.125,
682,-0.5918154716491699,-0.4334757328033447,-0.22804370522499084,0.5988212823867798,0.2677874267101288,0.3514514514514514,0.3514514514514514,0.7144144144144144,0.0031731731731731725,0.9305438995361328,0.042415618896484375,2.672295093536377,0.39845988154411316,0.25,0.25,0.375,0.125,
683,-0.6851754784584045,-0.5158337354660034,-0.24311597645282745,0.6010177135467529,0.2661776840686798,0.3505005005005005,0.3505005005005005,0.7153153153153153,0.0031631631631631628,0.9315657019615173,0.04199528321623802,2.6730947494506836,0.39937934279441833,0.375,0.0,0.625,0.0,
684,-0.5827834010124207,-0.4393842816352844,-0.20648834109306335,0.6091808676719666,0.2570333778858185,0.34954954954954953,0.34954954954954953,0.7162162162162162,0.003153153153153153,0.9434651136398315,0.04138677939772606,2.6980650424957275,0.40721625089645386,0.125,0.0,0.625,0.25,
685,-0.5429481267929077,-0.3940374255180359,-0.2139996886253357,0.5965007543563843,0.2677253186702728,0.34859859859859865,0.34859859859859865,0.7171171171171171,0.0031431431431431433,0.932843804359436,0.043523091822862625,2.6616735458374023,0.39886313676834106,0.375,0.375,0.25,0.0,
686,-0.49684828519821167,-0.3904779553413391,-0.15435540676116943,0.6080893278121948,0.255438894033432,0.3476476476476478,0.3476476476476478,0.718018018018018,0.0031331331331331336,0.9493796229362488,0.04059581086039543,2.719191312789917,0.40921109914779663,0.375,0.0,0.625,0.0,
687,-0.45154017210006714,-0.37915003299713135,-0.10684120655059814,0.616655170917511,0.2494169920682907,0.34669669669669667,0.34669669669669667,0.7189189189189189,0.003123123123123123,0.961434543132782,0.038058895617723465,2.769943952560425,0.4150409698486328,0.25,0.0,0.75,0.0,
688,-0.5050736665725708,-0.35357865691185,-0.21681120991706848,0.5962559580802917,0.27138277888298035,0.3457457457457458,0.3457457457457458,0.7198198198198198,0.0031131131131131133,0.9379925727844238,0.04392603784799576,2.6520493030548096,0.3965354859828949,0.0,0.375,0.5,0.125,
689,-0.5480531454086304,-0.41715651750564575,-0.18790285289287567,0.603001594543457,0.26577186584472656,0.3447947947947948,0.3447947947947948,0.7207207207207207,0.0031031031031031036,0.9477900862693787,0.041082531213760376,2.7162668704986572,0.4010339677333832,0.125,0.25,0.625,0.0,
690,-0.5599772334098816,-0.4168626368045807,-0.20469164848327637,0.5969638228416443,0.2748836874961853,0.3438438438438439,0.3438438438438439,0.7216216216216216,0.003093093093093093,0.9400371313095093,0.03950103744864464,2.745115280151367,0.39378854632377625,0.25,0.25,0.5,0.0,
691,-0.45727068185806274,-0.3179980218410492,-0.19929587841033936,0.5746602416038513,0.2951381802558899,0.34289289289289293,0.34289289289289293,0.7225225225225225,0.0030830830830830833,0.9175306558609009,0.052405018359422684,2.5234055519104004,0.37791454792022705,0.125,0.5,0.125,0.25,
692,-0.5788644552230835,-0.41181328892707825,-0.23738685250282288,0.5948827266693115,0.28518927097320557,0.34194194194194194,0.34194194194194194,0.7234234234234235,0.0030730730730730727,0.9315902590751648,0.0440724641084671,2.648715019226074,0.3850341737270355,0.25,0.25,0.375,0.125,
693,-0.578445315361023,-0.42100536823272705,-0.22383643686771393,0.593811571598053,0.28713226318359375,0.34099099099099095,0.34099099099099095,0.7243243243243244,0.003063063063063063,0.928521990776062,0.04255123436450958,2.6827011108398438,0.38327741622924805,0.125,0.375,0.5,0.0,
694,-0.5150979161262512,-0.38773196935653687,-0.1820000261068344,0.6007604598999023,0.27909165620803833,0.34004004004004007,0.34004004004004007,0.7252252252252253,0.0030530530530530533,0.9355148077011108,0.044373683631420135,2.6491246223449707,0.38878655433654785,0.25,0.25,0.125,0.375,
695,-0.4268569350242615,-0.3350960612297058,-0.13275113701820374,0.5988876819610596,0.28107351064682007,0.3390890890890892,0.3390890890890892,0.7261261261261261,0.0030430430430430436,0.931554913520813,0.04185871407389641,2.7084126472473145,0.3869101405143738,0.125,0.375,0.375,0.125,
696,-0.42930853366851807,-0.350830614566803,-0.11424663662910461,0.6029906272888184,0.2753593623638153,0.3381381381381382,0.3381381381381382,0.7270270270270269,0.003033033033033034,0.9340672492980957,0.042268816381692886,2.702523708343506,0.390216588973999,0.375,0.375,0.25,0.0,
697,-0.38977086544036865,-0.31915968656539917,-0.10329218208789825,0.6044646501541138,0.2750791907310486,0.3371871871871872,0.3371871871871872,0.7279279279279279,0.0030230230230230224,0.9302220344543457,0.04119616746902466,2.7287395000457764,0.3896620273590088,0.125,0.125,0.625,0.125,
698,-0.56081622838974,-0.4161660671234131,-0.2046802043914795,0.6066769361495972,0.2698715627193451,0.3362362362362362,0.3362362362362362,0.7288288288288288,0.0030130130130130127,0.931248664855957,0.0435299389064312,2.681305408477783,0.39279839396476746,0.25,0.25,0.375,0.125,
699,-0.6152874231338501,-0.4542924165725708,-0.22679832577705383,0.6118996739387512,0.26689252257347107,0.33528528528528534,0.33528528528528534,0.7297297297297297,0.003003003003003003,0.9324859380722046,0.04567743092775345,2.656055212020874,0.39466390013694763,0.25,0.25,0.375,0.125,
700,-0.41102394461631775,-0.31756293773651123,-0.13391263782978058,0.6173225045204163,0.2531992495059967,0.33433433433433435,0.33433433433433435,0.7306306306306306,0.0029929929929929933,0.9450584650039673,0.03990017995238304,2.7675347328186035,0.40569186210632324,0.125,0.25,0.625,0.0,-0.19188806414604187
701,-0.4738920032978058,-0.3491784334182739,-0.17654716968536377,0.6092595458030701,0.26188379526138306,0.33338338338338347,0.33338338338338347,0.7315315315315315,0.0029829829829829835,0.9323703050613403,0.043765872716903687,2.6899490356445312,0.3984636664390564,0.125,0.375,0.5,0.0,
702,-0.4925493896007538,-0.3603041172027588,-0.1865854263305664,0.6088230013847351,0.2605953514575958,0.3324324324324325,0.3324324324324325,0.7324324324324325,0.002972972972972973,0.9303048849105835,0.042814701795578,2.7119252681732178,0.3989357352256775,0.125,0.375,0.375,0.125,
703,-0.5093368887901306,-0.3771517276763916,-0.18622088432312012,0.6106148958206177,0.25675833225250244,0.3314814814814815,0.3314814814814815,0.7333333333333334,0.0029629629629629632,0.9310648441314697,0.04079246520996094,2.749650239944458,0.40172550082206726,0.125,0.375,0.25,0.25,
704,-0.4587230682373047,-0.32919713854789734,-0.18227452039718628,0.6177767515182495,0.24819958209991455,0.3305305305305306,0.3305305305305306,0.7342342342342342,0.0029529529529529527,0.9374499320983887,0.03928028419613838,2.78703236579895,0.40795549750328064,0.125,0.0,0.875,0.0,
705,-0.4953717589378357,-0.33558014035224915,-0.22329823672771454,0.6096538305282593,0.25685691833496094,0.3295795795795796,0.3295795795795796,0.7351351351351351,0.002942942942942943,0.9255601763725281,0.046830981969833374,2.6302947998046875,0.4001067876815796,0.0,0.375,0.625,0.0,
706,-0.45193973183631897,-0.31630903482437134,-0.1902027577161789,0.601408064365387,0.26014983654022217,0.32862862862862874,0.32862862862862874,0.736036036036036,0.0029329329329329332,0.919825553894043,0.046172887086868286,2.6538147926330566,0.3975629210472107,0.375,0.125,0.375,0.125,
707,-0.5854126214981079,-0.42251741886138916,-0.22683292627334595,0.6275928020477295,0.24319922924041748,0.32767767767767764,0.32767767767767764,0.736936936936937,0.0029229229229229227,0.9428554773330688,0.03903364762663841,2.791754961013794,0.41092702746391296,0.125,0.0,0.75,0.125,
708,-0.5539005398750305,-0.39906013011932373,-0.21566732227802277,0.6192841529846191,0.2483190894126892,0.32672672672672676,0.32672672672672676,0.7378378378378379,0.002912912912912913,0.9358412623405457,0.04315720498561859,2.69994854927063,0.4067680239677429,0.0,0.5,0.5,0.0,
709,-0.40161043405532837,-0.3364030718803406,-0.09397999197244644,0.6207569241523743,0.24172958731651306,0.32577577577577577,0.32577577577577577,0.7387387387387387,0.0029029029029029032,0.9428461790084839,0.038086019456386566,2.8130385875701904,0.4133260250091553,0.25,0.125,0.625,0.0,
710,-0.4410886764526367,-0.33461129665374756,-0.14965228736400604,0.6186200976371765,0.24217605590820312,0.3248248248248249,0.3248248248248249,0.7396396396396396,0.0028928928928928935,0.9381917715072632,0.041935995221138,2.7293548583984375,0.4116339087486267,0.0,0.5,0.375,0.125,
711,-0.48718351125717163,-0.3630182445049286,-0.17340022325515747,0.6176566481590271,0.24640029668807983,0.323873873873874,0.323873873873874,0.7405405405405405,0.002882882882882884,0.9332398176193237,0.0416896790266037,2.732386589050293,0.4081004858016968,0.0,0.25,0.75,0.0,
712,-0.5055167078971863,-0.37153372168540955,-0.18638524413108826,0.6214472651481628,0.24254125356674194,0.3229229229229229,0.3229229229229229,0.7414414414414414,0.0028728728728728723,0.9368826746940613,0.0423925518989563,2.7178385257720947,0.4111268222332001,0.125,0.125,0.75,0.0,
713,-0.39987483620643616,-0.27296653389930725,-0.17673492431640625,0.6057739853858948,0.25552937388420105,0.321971971971972,0.321971971971972,0.7423423423423423,0.0028628628628628626,0.9192593097686768,0.04791742190718651,2.6280832290649414,0.4005725383758545,0.0,0.375,0.375,0.25,
714,-0.4549630284309387,-0.3308468461036682,-0.1726704090833664,0.6194055676460266,0.245287224650383,0.32102102102102104,0.32102102102102104,0.7432432432432432,0.002852852852852853,0.9315513372421265,0.03916775807738304,2.780863046646118,0.40897783637046814,0.25,0.375,0.375,0.0,
715,-0.5543302893638611,-0.4047490358352661,-0.20669341087341309,0.6274303793907166,0.24447450041770935,0.32007007007007016,0.32007007007007016,0.7441441441441441,0.002842842842842843,0.9339909553527832,0.03898468241095543,2.7841339111328125,0.40967878699302673,0.125,0.125,0.625,0.125,
716,-0.47751182317733765,-0.3364889919757843,-0.19490543007850647,0.6329388618469238,0.23975050449371338,0.31911911911911917,0.31911911911911917,0.745045045045045,0.0028328328328328335,0.9379155039787292,0.04058833420276642,2.754084587097168,0.41338059306144714,0.25,0.0,0.75,0.0,
717,-0.4870273172855377,-0.36260491609573364,-0.17238110303878784,0.6353926062583923,0.23709796369075775,0.3181681681681682,0.3181681681681682,0.745945945945946,0.002822822822822823,0.9395614862442017,0.04051535576581955,2.746952533721924,0.41601699590682983,0.25,0.125,0.625,0.0,
718,-0.35935503244400024,-0.2585524916648865,-0.1405763030052185,0.6264450550079346,0.24243533611297607,0.3172172172172172,0.3172172172172172,0.7468468468468469,0.002812812812812813,0.9304365515708923,0.03821666166186333,2.7948508262634277,0.41207751631736755,0.125,0.5,0.375,0.0,
719,-0.46520259976387024,-0.3475635051727295,-0.1628388613462448,0.6465884447097778,0.2311040461063385,0.3162662662662663,0.3162662662662663,0.7477477477477478,0.0028028028028028026,0.9473299980163574,0.03788484260439873,2.803406238555908,0.4210282564163208,0.0,0.375,0.625,0.0,
720,-0.43297067284584045,-0.33349478244781494,-0.1385793685913086,0.6264698505401611,0.2521750032901764,0.3153153153153154,0.3153153153153154,0.7486486486486487,0.002792792792792793,0.9257335066795349,0.03821386769413948,2.802572727203369,0.4037369191646576,0.125,0.25,0.5,0.125,-0.1618991196155548
721,-0.29046598076820374,-0.21798181533813477,-0.10230821371078491,0.6284312009811401,0.24521192908287048,0.3143643643643643,0.3143643643643643,0.7495495495495496,0.0027827827827827823,0.9337612986564636,0.03706774488091469,2.837568759918213,0.4092983901500702,0.125,0.5,0.375,0.0,
722,-0.4522331953048706,-0.3435512185096741,-0.1505434662103653,0.6237618327140808,0.25638988614082336,0.31341341341341344,0.31341341341341344,0.7504504504504504,0.0027727727727727726,0.9242763519287109,0.04267344996333122,2.729158401489258,0.3991328179836273,0.0,0.5,0.5,0.0,
723,-0.4778185784816742,-0.3585444688796997,-0.16443738341331482,0.6325595378875732,0.2528523802757263,0.31246246246246245,0.31246246246246245,0.7513513513513513,0.002762762762762763,0.9315781593322754,0.04393019527196884,2.707643747329712,0.4013102054595947,0.25,0.125,0.625,0.0,
724,-0.38829800486564636,-0.2756398022174835,-0.15545006096363068,0.6364956498146057,0.2527354061603546,0.3115115115115116,0.3115115115115116,0.7522522522522522,0.002752752752752753,0.9354629516601562,0.037812672555446625,2.8336257934570312,0.4022098481655121,0.125,0.125,0.625,0.125,
725,-0.4209839105606079,-0.3136756718158722,-0.14819791913032532,0.6323403120040894,0.257315456867218,0.3105605605605606,0.3105605605605606,0.7531531531531531,0.0027427427427427434,0.9308632612228394,0.03859131410717964,2.81569504737854,0.3983841836452484,0.375,0.0,0.5,0.125,
726,-0.496853768825531,-0.3813712000846863,-0.15884986519813538,0.6390374898910522,0.25524839758872986,0.3096096096096096,0.3096096096096096,0.7540540540540541,0.002732732732732732,0.9349968433380127,0.041437022387981415,2.752324104309082,0.39921659231185913,0.125,0.25,0.25,0.375,
727,-0.38687288761138916,-0.28978657722473145,-0.13429339230060577,0.636276364326477,0.2566760778427124,0.3086586586586587,0.3086586586586587,0.754954954954955,0.0027227227227227223,0.9343346357345581,0.03815162926912308,2.830575942993164,0.39864930510520935,0.0,0.125,0.75,0.125,
728,-0.383719801902771,-0.26698729395866394,-0.16019412875175476,0.6303406357765198,0.2641232907772064,0.3077077077077077,0.3077077077077077,0.7558558558558559,0.0027127127127127126,0.9255487322807312,0.04235248640179634,2.7418453693389893,0.39224475622177124,0.0,0.25,0.75,0.0,
729,-0.3915664851665497,-0.28240031003952026,-0.14992168545722961,0.633956253528595,0.25746864080429077,0.30675675675675684,0.30675675675675684,0.7567567567567567,0.002702702702702703,0.9306426048278809,0.04105165973305702,2.7624528408050537,0.3968772292137146,0.125,0.125,0.625,0.125,
730,-0.44692128896713257,-0.32696855068206787,-0.1640496701002121,0.6235356330871582,0.26617294549942017,0.30580580580580585,0.30580580580580585,0.7576576576576576,0.002692692692692693,0.9194431304931641,0.045922644436359406,2.6731441020965576,0.39015886187553406,0.125,0.375,0.25,0.25,
731,-0.4257563054561615,-0.35966822504997253,-0.09288472682237625,0.6185879707336426,0.2710946202278137,0.30485485485485486,0.30485485485485486,0.7585585585585586,0.0026826826826826826,0.9125697016716003,0.048116378486156464,2.6321933269500732,0.38587304949760437,0.25,0.375,0.25,0.125,
732,-0.3518410325050354,-0.3093774914741516,-0.06139226257801056,0.6426682472229004,0.2443728893995285,0.30390390390390387,0.30390390390390387,0.7594594594594595,0.002672672672672673,0.9421048164367676,0.03733266144990921,2.8480148315429688,0.4067622125148773,0.125,0.125,0.625,0.125,
733,-0.40649303793907166,-0.2832465171813965,-0.16760587692260742,0.6368430852890015,0.24986588954925537,0.302952952952953,0.302952952952953,0.7603603603603604,0.0026626626626626623,0.9343910217285156,0.03624627739191055,2.8758482933044434,0.40269941091537476,0.125,0.125,0.625,0.125,
734,-0.48749205470085144,-0.3384339511394501,-0.20130008459091187,0.6372537016868591,0.24934318661689758,0.302002002002002,0.302002002002002,0.7612612612612613,0.0026526526526526525,0.9328511953353882,0.04232283681631088,2.7395310401916504,0.401864618062973,0.125,0.0,0.75,0.125,
735,-0.45453399419784546,-0.3362191617488861,-0.1606852114200592,0.6343885660171509,0.24768900871276855,0.3010510510510511,0.3010510510510511,0.7621621621621621,0.002642642642642643,0.9339444041252136,0.03659869730472565,2.8673861026763916,0.4042801856994629,0.375,0.125,0.5,0.0,
736,-0.4102354347705841,-0.3061321973800659,-0.14182688295841217,0.6372069120407104,0.24420517683029175,0.30010010010010013,0.30010010010010013,0.7630630630630632,0.0026326326326326322,0.9375799894332886,0.03552038222551346,2.8943684101104736,0.407336562871933,0.25,0.25,0.5,0.0,
737,-0.4214065670967102,-0.31909123063087463,-0.13932117819786072,0.6314265131950378,0.24650073051452637,0.29914914914914914,0.29914914914914914,0.7639639639639639,0.0026226226226226225,0.9330259561538696,0.04027252271771431,2.7786636352539062,0.40531668066978455,0.0,0.125,0.375,0.5,
738,-0.29279276728630066,-0.2640286684036255,-0.04278411716222763,0.6571261286735535,0.22431693971157074,0.29819819819819826,0.29819819819819826,0.7648648648648648,0.002612612612612613,0.9631922245025635,0.034691277891397476,2.904024124145508,0.4243287444114685,0.125,0.0,0.875,0.0,
739,-0.4447755217552185,-0.33299314975738525,-0.15139171481132507,0.6286744475364685,0.2512036859989166,0.29724724724724727,0.29724724724724727,0.7657657657657657,0.002602602602602603,0.930351734161377,0.03719346225261688,2.8446919918060303,0.4021528661251068,0.125,0.625,0.25,0.0,
740,-0.45011842250823975,-0.32826173305511475,-0.16439950466156006,0.6243206858634949,0.256430447101593,0.2962962962962964,0.2962962962962964,0.7666666666666666,0.0025925925925925934,0.9248384237289429,0.04439578205347061,2.6882171630859375,0.39786526560783386,0.0,0.375,0.5,0.125,-0.13618139922618866
741,-0.39481499791145325,-0.29442259669303894,-0.1360863447189331,0.6409326195716858,0.24078211188316345,0.2953453453453453,0.2953453453453453,0.7675675675675676,0.002582582582582582,0.944994330406189,0.03818182647228241,2.806056022644043,0.41108840703964233,0.125,0.125,0.75,0.0,
742,-0.36522799730300903,-0.27691951394081116,-0.12015377730131149,0.6434358954429626,0.2370612621307373,0.2943943943943944,0.2943943943943944,0.7684684684684685,0.0025725725725725722,0.9499229788780212,0.03632868453860283,2.8502745628356934,0.41453489661216736,0.0,0.0,0.75,0.25,
743,-0.49981212615966797,-0.3660942316055298,-0.17918401956558228,0.6308488845825195,0.2524188756942749,0.2934434434434434,0.2934434434434434,0.7693693693693694,0.0025625625625625625,0.9315117597579956,0.04374527931213379,2.6816794872283936,0.40122729539871216,0.125,0.125,0.5,0.25,
744,-0.4407210052013397,-0.32492101192474365,-0.1556781828403473,0.6303293108940125,0.25053513050079346,0.29249249249249254,0.29249249249249254,0.7702702702702703,0.002552552552552553,0.934012770652771,0.038696106523275375,2.7880101203918457,0.4036201238632202,0.125,0.5,0.375,0.0,
745,-0.3695788085460663,-0.27467840909957886,-0.12828242778778076,0.6407115459442139,0.23982831835746765,0.29154154154154166,0.29154154154154166,0.7711711711711712,0.002542542542542543,0.9474911689758301,0.03756267949938774,2.813689708709717,0.41271066665649414,0.0,0.375,0.625,0.0,
746,-0.41470929980278015,-0.3033471405506134,-0.14950604736804962,0.6356378197669983,0.24574880301952362,0.29059059059059056,0.29059059059059056,0.7720720720720721,0.0025325325325325325,0.9412274360656738,0.03728890419006348,2.8143794536590576,0.40778324007987976,0.0,0.25,0.75,0.0,
747,-0.43515342473983765,-0.3033066391944885,-0.17588432133197784,0.6279364824295044,0.25230640172958374,0.2896396396396397,0.2896396396396397,0.772972972972973,0.0025225225225225228,0.9337538480758667,0.03791056200861931,2.79380202293396,0.4025043845176697,0.25,0.25,0.5,0.0,
748,-0.32815828919410706,-0.28906333446502686,-0.05572104826569557,0.6361722946166992,0.24277417361736298,0.2886886886886887,0.2886886886886887,0.7738738738738739,0.002512512512512512,0.9453768730163574,0.034917451441287994,2.8630218505859375,0.410535991191864,0.0,0.375,0.5,0.125,
749,-0.28699660301208496,-0.25838959217071533,-0.042140260338783264,0.6325992941856384,0.2459149807691574,0.2877377377377378,0.2877377377377378,0.7747747747747747,0.0025025025025025025,0.942766547203064,0.03643501549959183,2.8278791904449463,0.40870922803878784,0.125,0.125,0.625,0.125,
750,-0.27392929792404175,-0.23929418623447418,-0.049768563359975815,0.6368733644485474,0.23817645013332367,0.2867867867867868,0.2867867867867868,0.7756756756756756,0.0024924924924924928,0.9500917196273804,0.033543314784765244,2.8890295028686523,0.4153762459754944,0.0,0.125,0.75,0.125,
751,-0.41489461064338684,-0.2791569232940674,-0.17999762296676636,0.6282417178153992,0.24846875667572021,0.2858358358358358,0.2858358358358358,0.7765765765765766,0.002482482482482482,0.9356818199157715,0.03684725984930992,2.7995970249176025,0.40586692094802856,0.0,0.375,0.625,0.0,
752,-0.3457949161529541,-0.2700151801109314,-0.10243697464466095,0.649928092956543,0.2255782186985016,0.28488488488488495,0.28488488488488495,0.7774774774774775,0.0024724724724724725,0.9641860723495483,0.03258654102683067,2.904869318008423,0.4262963533401489,0.125,0.125,0.75,0.0,
753,-0.4235680103302002,-0.2981244623661041,-0.1662527471780777,0.6375843286514282,0.23940031230449677,0.28393393393393396,0.28393393393393396,0.7783783783783784,0.0024624624624624628,0.9457801580429077,0.03788042813539505,2.774315595626831,0.4127492606639862,0.125,0.25,0.625,0.0,
754,-0.3293001353740692,-0.25315243005752563,-0.10268096625804901,0.6475033760070801,0.2281492054462433,0.2829829829829831,0.2829829829829831,0.7792792792792792,0.002452452452452453,0.9591569900512695,0.03619330748915672,2.810767412185669,0.4228024184703827,0.25,0.125,0.5,0.125,
755,-0.3604258596897125,-0.2417403757572174,-0.15732184052467346,0.6218461394309998,0.25350868701934814,0.2820320320320321,0.2820320320320321,0.7801801801801801,0.0024424424424424433,0.9264260530471802,0.04047650471329689,2.700955629348755,0.40124329924583435,0.0,0.5,0.25,0.25,
756,-0.4135350286960602,-0.3058898448944092,-0.1428176760673523,0.6484898328781128,0.23295871913433075,0.2810810810810811,0.2810810810810811,0.7810810810810811,0.002432432432432432,0.9516916275024414,0.03460897132754326,2.8295114040374756,0.4176521897315979,0.125,0.125,0.75,0.0,
757,-0.4155202805995941,-0.3118032217025757,-0.13769543170928955,0.6391943693161011,0.24098628759384155,0.2801301301301301,0.2801301301301301,0.781981981981982,0.002422422422422422,0.9403301477432251,0.036325838416814804,2.7799525260925293,0.41096991300582886,0.0,0.375,0.5,0.125,
758,-0.3024275600910187,-0.2411085069179535,-0.0832470953464508,0.6537148952484131,0.22766676545143127,0.2791791791791792,0.2791791791791792,0.7828828828828829,0.0024124124124124124,0.9560068845748901,0.03405057638883591,2.8305530548095703,0.422139972448349,0.125,0.375,0.375,0.125,
759,-0.32736340165138245,-0.24249474704265594,-0.1133054718375206,0.6474745273590088,0.2382844090461731,0.27822822822822824,0.27822822822822824,0.7837837837837838,0.0024024024024024027,0.943523108959198,0.03406153619289398,2.8195648193359375,0.41327810287475586,0.125,0.375,0.5,0.0,
760,-0.32980623841285706,-0.23891876637935638,-0.1208815723657608,0.6430048942565918,0.242814838886261,0.27727727727727736,0.27727727727727736,0.7846846846846847,0.002392392392392393,0.9365431666374207,0.033937208354473114,2.812723398208618,0.40889453887939453,0.0,0.5,0.5,0.0,-0.12551771104335785
761,-0.44756248593330383,-0.3309606909751892,-0.15342655777931213,0.659070611000061,0.23577353358268738,0.27632632632632637,0.27632632632632637,0.7855855855855857,0.0023823823823823824,0.948150634765625,0.03984522446990013,2.6787636280059814,0.4141985774040222,0.125,0.125,0.625,0.125,
762,-0.3381231427192688,-0.21786800026893616,-0.1581212878227234,0.6315400004386902,0.2606866657733917,0.2753753753753754,0.2753753753753754,0.7864864864864864,0.002372372372372372,0.9170259237289429,0.04161537066102028,2.6405789852142334,0.3947288393974304,0.25,0.125,0.5,0.125,
763,-0.26864710450172424,-0.19616395235061646,-0.09708541631698608,0.652652382850647,0.24188658595085144,0.2744244244244245,0.2744244244244245,0.7873873873873873,0.002362362362362362,0.9384142756462097,0.03854015842080116,2.691322088241577,0.4094862639904022,0.25,0.0,0.75,0.0,
764,-0.3289705812931061,-0.2857053875923157,-0.059929486364126205,0.659094512462616,0.24260902404785156,0.2734734734734735,0.2734734734734735,0.7882882882882882,0.0023523523523523524,0.9394928812980652,0.039061639457941055,2.665452241897583,0.4089459776878357,0.0,0.125,0.875,0.0,
765,-0.3342738151550293,-0.249320387840271,-0.11269482970237732,0.6585540771484375,0.24415168166160583,0.2725225225225226,0.2725225225225226,0.7891891891891891,0.0023423423423423427,0.9371424913406372,0.03811023384332657,2.6744418144226074,0.4077247083187103,0.0,0.25,0.5,0.25,
766,-0.29752087593078613,-0.22313480079174042,-0.09917033463716507,0.6668812036514282,0.24120333790779114,0.2715715715715715,0.2715715715715715,0.7900900900900901,0.002332332332332332,0.9439010620117188,0.03335367143154144,2.7847557067871094,0.4113672971725464,0.0,0.125,0.875,0.0,
767,-0.3292017877101898,-0.2253415733575821,-0.13644883036613464,0.6460968852043152,0.256914347410202,0.27062062062062064,0.27062062062062064,0.790990990990991,0.0023223223223223224,0.9208625555038452,0.037599459290504456,2.6858456134796143,0.3981177806854248,0.25,0.375,0.375,0.0,
768,-0.4381990134716034,-0.3042297065258026,-0.17431838810443878,0.6520658731460571,0.2564232647418976,0.26966966966966976,0.26966966966966976,0.7918918918918919,0.0023123123123123127,0.9230015277862549,0.04099453613162041,2.6116390228271484,0.39833521842956543,0.25,0.25,0.5,0.0,
769,-0.2930971682071686,-0.23270413279533386,-0.081138975918293,0.6641391515731812,0.2404325008392334,0.2687187187187188,0.2687187187187188,0.7927927927927928,0.002302302302302303,0.9393283724784851,0.03574008122086525,2.7227344512939453,0.41141277551651,0.25,0.125,0.625,0.0,
770,-0.2884596884250641,-0.23498216271400452,-0.07242149859666824,0.663137674331665,0.24828705191612244,0.2677677677677679,0.2677677677677679,0.7936936936936937,0.0022922922922922933,0.933102011680603,0.03578145429491997,2.717456817626953,0.4053771197795868,0.0,0.125,0.875,0.0,
771,-0.32774409651756287,-0.27552342414855957,-0.07066284120082855,0.6694613695144653,0.23997318744659424,0.2668168168168168,0.2668168168168168,0.7945945945945946,0.002282282282282282,0.9401146769523621,0.03320342302322388,2.768063545227051,0.41205868124961853,0.0,0.125,0.375,0.5,
772,-0.2696501910686493,-0.20770147442817688,-0.08274443447589874,0.6693786978721619,0.2353074550628662,0.2658658658658659,0.2658658658658659,0.7954954954954955,0.002272272272272272,0.9395203590393066,0.03742431104183197,2.6703603267669678,0.4153493344783783,0.125,0.125,0.625,0.125,
773,-0.28249627351760864,-0.1867886483669281,-0.12517443299293518,0.6528162956237793,0.25039926171302795,0.2649149149149149,0.2649149149149149,0.7963963963963964,0.0022622622622622624,0.9188551902770996,0.03587285056710243,2.694944381713867,0.4035383462905884,0.0,0.25,0.625,0.125,
774,-0.3679018020629883,-0.26801422238349915,-0.13004866242408752,0.6847492456436157,0.22576096653938293,0.26396396396396404,0.26396396396396404,0.7972972972972973,0.0022522522522522527,0.9466983675956726,0.03269978612661362,2.758107900619507,0.423508882522583,0.0,0.0,1.0,0.0,
775,-0.35563012957572937,-0.25062015652656555,-0.13636747002601624,0.6727972030639648,0.23297378420829773,0.26301301301301305,0.26301301301301305,0.7981981981981981,0.002242242242242243,0.9321126937866211,0.03759819269180298,2.650861978530884,0.41680145263671875,0.125,0.25,0.625,0.0,
776,-0.3378678560256958,-0.2505625784397125,-0.11396771669387817,0.6872982978820801,0.2232021540403366,0.26206206206206206,0.26206206206206206,0.7990990990990992,0.0022322322322322315,0.9440675973892212,0.032602742314338684,2.755422830581665,0.42613667249679565,0.125,0.375,0.5,0.0,
777,-0.3295656144618988,-0.23417994379997253,-0.12400398403406143,0.6762551665306091,0.2314746379852295,0.2611111111111112,0.2611111111111112,0.8,0.002222222222222222,0.929915189743042,0.03116505779325962,2.781015634536743,0.4186495244503021,0.125,0.0,0.75,0.125,
778,-0.3367539048194885,-0.23002861440181732,-0.13801828026771545,0.6764177680015564,0.23172995448112488,0.2601601601601602,0.2601601601601602,0.8009009009009009,0.002212212212212212,0.9265416860580444,0.03431795910000801,2.7143115997314453,0.41801732778549194,0.125,0.25,0.5,0.125,
779,0.2055632472038269,-0.1600601077079773,0.4513052701950073,0.6860007643699646,0.2255256474018097,0.2592092092092093,0.2592092092092093,0.8018018018018017,0.0022022022022022024,0.9338607788085938,0.029708324000239372,2.8162319660186768,0.42408567667007446,0.0,0.5,0.5,0.0,
780,-0.1239815279841423,-0.18154652416706085,0.06695110350847244,0.6808578372001648,0.23305904865264893,0.2582582582582583,0.2582582582582583,0.8027027027027026,0.0021921921921921926,0.9248613119125366,0.032137058675289154,2.758180856704712,0.4174612760543823,0.25,0.25,0.5,0.0,-0.01734456978738308
781,-0.30520761013031006,-0.24202382564544678,-0.0832819789648056,0.6965615153312683,0.22218754887580872,0.25730730730730733,0.25730730730730733,0.8036036036036036,0.002182182182182182,0.9381803274154663,0.03663785383105278,2.6463098526000977,0.42637571692466736,0.0,0.0,0.875,0.125,
782,-0.21752071380615234,-0.1327267587184906,-0.11016979813575745,0.6886531710624695,0.23422889411449432,0.25635635635635634,0.25635635635635634,0.8045045045045045,0.0021721721721721723,0.9273044466972351,0.030656583607196808,2.788191080093384,0.4170324504375458,0.125,0.125,0.5,0.25,
783,-0.2462550401687622,-0.1510433554649353,-0.12309075146913528,0.6733943819999695,0.2470283955335617,0.25540540540540546,0.25540540540540546,0.8054054054054054,0.0021621621621621626,0.9110404849052429,0.03705822676420212,2.652294874191284,0.4063038229942322,0.0,0.375,0.625,0.0,
784,-0.3566100299358368,-0.2489212602376938,-0.13830997049808502,0.7027906179428101,0.23189227283000946,0.25445445445445447,0.25445445445445447,0.8063063063063063,0.002152152152152153,0.9334284663200378,0.0316646546125412,2.7579195499420166,0.4191383719444275,0.25,0.125,0.625,0.0,
785,-0.2780846357345581,-0.19888216257095337,-0.1029762402176857,0.6925551891326904,0.24371203780174255,0.2535035035035035,0.2535035035035035,0.8072072072072073,0.0021421421421421415,0.9237551689147949,0.030428115278482437,2.796126365661621,0.40985727310180664,0.125,0.25,0.5,0.125,
786,-0.26339074969291687,-0.20821347832679749,-0.0731445699930191,0.6925517320632935,0.24548254907131195,0.2525525525525526,0.2525525525525526,0.8081081081081082,0.0021321321321321317,0.9249250292778015,0.03746068850159645,2.6416430473327637,0.40778154134750366,0.0,0.25,0.75,0.0,
787,-0.22725282609462738,-0.198091059923172,-0.04093228653073311,0.694777250289917,0.24784205853939056,0.2516016016016016,0.2516016016016016,0.809009009009009,0.002122122122122122,0.9270029067993164,0.03415868058800697,2.7089011669158936,0.405941903591156,0.0,0.5,0.25,0.25,
788,-0.30131766200065613,-0.23122015595436096,-0.09157658368349075,0.6838430762290955,0.2626916170120239,0.25065065065065073,0.25065065065065073,0.8099099099099099,0.0021121121121121123,0.9139355421066284,0.034962065517902374,2.7010817527770996,0.3945925235748291,0.125,0.125,0.625,0.125,
789,-0.13083918392658234,-0.14290036261081696,0.009907801635563374,0.6893724799156189,0.25786876678466797,0.24969969969969974,0.24969969969969974,0.8108108108108107,0.0021021021021021026,0.9209954738616943,0.035680945962667465,2.6942758560180664,0.3979808986186981,0.125,0.5,0.25,0.125,
790,-0.2116014063358307,-0.19376304745674133,-0.027013860642910004,0.6883484721183777,0.2649008631706238,0.24874874874874875,0.24874874874874875,0.8117117117117117,0.002092092092092091,0.915881335735321,0.04153210297226906,2.587226390838623,0.3924254775047302,0.125,0.25,0.375,0.25,
791,-0.15249302983283997,-0.15250051021575928,-0.005022376775741577,0.6892002820968628,0.26537618041038513,0.24779779779779776,0.24779779779779776,0.8126126126126126,0.0020820820820820814,0.9168992042541504,0.037324462085962296,2.672713041305542,0.3927193582057953,0.125,0.5,0.25,0.125,
792,-0.24448749423027039,-0.18541060388088226,-0.07774791121482849,0.6757621765136719,0.2771853506565094,0.24684684684684688,0.24684684684684688,0.8135135135135135,0.0020720720720720717,0.901123046875,0.04100288078188896,2.5977823734283447,0.38390129804611206,0.125,0.125,0.5,0.25,
793,-0.17074044048786163,-0.18540352582931519,0.013006657361984253,0.6877666711807251,0.26520615816116333,0.245895895895896,0.245895895895896,0.8144144144144144,0.002062062062062062,0.9135448336601257,0.03833657503128052,2.6603565216064453,0.3924613893032074,0.25,0.25,0.25,0.25,
794,-0.2576628029346466,-0.2063153088092804,-0.06801511347293854,0.6853559017181396,0.26998695731163025,0.244944944944945,0.244944944944945,0.8153153153153153,0.0020520520520520523,0.9079901576042175,0.040062449872493744,2.6257951259613037,0.388906329870224,0.5,0.125,0.25,0.125,
795,-0.28158336877822876,-0.19111621379852295,-0.11595714092254639,0.6722046732902527,0.28062692284584045,0.24399399399399402,0.24399399399399402,0.8162162162162162,0.002042042042042041,0.8947407603263855,0.038201335817575455,2.6706151962280273,0.38146013021469116,0.25,0.125,0.5,0.125,
796,-0.10256421566009521,-0.10313005745410919,-0.004312390461564064,0.6791142821311951,0.2709592282772064,0.24304304304304303,0.24304304304304303,0.8171171171171171,0.002032032032032031,0.9036377668380737,0.036730825901031494,2.709146738052368,0.3886750638484955,0.125,0.5,0.25,0.125,
797,-0.10748586803674698,-0.1276991069316864,0.019787468016147614,0.6876105070114136,0.26363763213157654,0.24209209209209215,0.24209209209209215,0.818018018018018,0.0020220220220220214,0.911399245262146,0.03546442091464996,2.7470061779022217,0.3941911458969116,0.25,0.25,0.375,0.125,
798,-0.2751537263393402,-0.21388080716133118,-0.07978766411542892,0.6826860904693604,0.26931488513946533,0.24114114114114116,0.24114114114114116,0.8189189189189189,0.0020120120120120117,0.9028865098953247,0.039957448840141296,2.6588997840881348,0.38940152525901794,0.0,0.5,0.375,0.125,
799,-0.2940032482147217,-0.24820302426815033,-0.0607786625623703,0.6881346702575684,0.26496952772140503,0.24019019019019028,0.24019019019019028,0.8198198198198198,0.002002002002002002,0.9074649810791016,0.0373607836663723,2.7025773525238037,0.39302557706832886,0.0,0.25,0.5,0.25,
800,-0.07536032795906067,-0.0810169130563736,0.0020349016413092613,0.6905090808868408,0.26110076904296875,0.23923923923923918,0.23923923923923918,0.8207207207207208,0.0019919919919919923,0.910784900188446,0.03518287464976311,2.7661921977996826,0.39655447006225586,0.125,0.375,0.375,0.125,-0.05729474127292633
801,-0.1299549788236618,-0.11230041086673737,-0.026284150779247284,0.6966969966888428,0.2560211420059204,0.2382882882882883,0.2382882882882883,0.8216216216216217,0.0019819819819819826,0.9154175519943237,0.034767601639032364,2.7843258380889893,0.40014219284057617,0.0,0.0,0.875,0.125,
802,-0.26541006565093994,-0.1848166286945343,-0.10285630822181702,0.6872596740722656,0.26529359817504883,0.23733733733733742,0.23733733733733742,0.8225225225225226,0.001971971971971973,0.9033812880516052,0.03631466254591942,2.748991012573242,0.393094539642334,0.0,0.125,0.625,0.25,
803,-0.2652343213558197,-0.18820208311080933,-0.09835880249738693,0.6927962303161621,0.2599438428878784,0.23638638638638643,0.23638638638638643,0.8234234234234235,0.0019619619619619614,0.9084176421165466,0.03763914853334427,2.7229044437408447,0.3971046805381775,0.125,0.25,0.625,0.0,
804,-0.1461641490459442,-0.13800746202468872,-0.014559497125446796,0.7047909498214722,0.24693500995635986,0.23543543543543555,0.23543543543543555,0.8243243243243242,0.0019519519519519517,0.9230040907859802,0.03499110788106918,2.802654266357422,0.40787801146507263,0.375,0.0,0.625,0.0,
805,-0.2801305949687958,-0.20220297574996948,-0.09911324083805084,0.7058936953544617,0.24923110008239746,0.23448448448448445,0.23448448448448445,0.8252252252252252,0.001941941941941942,0.9196090698242188,0.032051291316747665,2.876523494720459,0.40591102838516235,0.0,0.25,0.5,0.25,
806,-0.33358708024024963,-0.22838351130485535,-0.13209065794944763,0.6973551511764526,0.25727540254592896,0.23353353353353357,0.23353353353353357,0.8261261261261261,0.0019319319319319322,0.9084447622299194,0.03782389312982559,2.7364351749420166,0.39926713705062866,0.25,0.25,0.5,0.0,
807,-0.26741597056388855,-0.17341244220733643,-0.11845063418149948,0.6803431510925293,0.2650778293609619,0.23258258258258258,0.23258258258258258,0.827027027027027,0.0019219219219219225,0.8955719470977783,0.03848826885223389,2.7248401641845703,0.3933514356613159,0.25,0.5,0.25,0.0,
808,-0.31297188997268677,-0.22483886778354645,-0.11108512431383133,0.7041794657707214,0.2491142600774765,0.2316316316316317,0.2316316316316317,0.8279279279279279,0.0019119119119119128,0.9170216917991638,0.03418496251106262,2.8320653438568115,0.40656089782714844,0.125,0.125,0.75,0.0,
809,-0.11960446834564209,-0.09489939361810684,-0.03435545414686203,0.7102853655815125,0.24188219010829926,0.2306806806806807,0.2306806806806807,0.8288288288288288,0.001901901901901903,0.9268121719360352,0.03234802186489105,2.8847107887268066,0.4129502475261688,0.125,0.125,0.75,0.0,
810,-0.20179399847984314,-0.1539786458015442,-0.06227720528841019,0.6934839487075806,0.25458917021751404,0.22972972972972971,0.22972972972972971,0.8297297297297298,0.0018918918918918916,0.9123358726501465,0.03169245272874832,2.8992679119110107,0.40221425890922546,0.25,0.125,0.5,0.125,
811,-0.2769838571548462,-0.18984216451644897,-0.10961982607841492,0.6917595863342285,0.26101088523864746,0.22877877877877884,0.22877877877877884,0.8306306306306307,0.001881881881881882,0.908935546875,0.0391731895506382,2.724592924118042,0.39667829871177673,0.125,0.375,0.5,0.0,
812,-0.16618120670318604,-0.11257973313331604,-0.06917472928762436,0.6920571327209473,0.2624056935310364,0.22782782782782784,0.22782782782782784,0.8315315315315315,0.0018718718718718722,0.9099738001823425,0.037723734974861145,2.769564628601074,0.3955332934856415,0.0,0.25,0.75,0.0,
813,-0.2950294613838196,-0.20789268612861633,-0.10935147106647491,0.7068653106689453,0.25748342275619507,0.22687687687687697,0.22687687687687697,0.8324324324324324,0.0018618618618618625,0.9194154739379883,0.03321535512804985,2.8731603622436523,0.39903831481933594,0.25,0.25,0.375,0.125,
814,-0.1800127625465393,-0.12704893946647644,-0.06834861636161804,0.6869529485702515,0.272122323513031,0.22592592592592597,0.22592592592592597,0.8333333333333333,0.0018518518518518528,0.9033032655715942,0.03502459079027176,2.8274247646331787,0.38840898871421814,0.125,0.375,0.5,0.0,
815,-0.24829696118831635,-0.17793825268745422,-0.08906038850545883,0.69991534948349,0.2649383544921875,0.22497497497497498,0.22497497497497498,0.8342342342342343,0.0018418418418418413,0.9114803671836853,0.03833245113492012,2.76762318611145,0.3928731083869934,0.25,0.125,0.5,0.125,
816,-0.2647452652454376,-0.17627373337745667,-0.11074995249509811,0.6908180117607117,0.27541860938072205,0.224024024024024,0.224024024024024,0.8351351351351352,0.0018318318318318316,0.8995132446289062,0.03616597130894661,2.803544759750366,0.38529273867607117,0.125,0.25,0.625,0.0,
817,-0.30869945883750916,-0.22389677166938782,-0.1062023788690567,0.6931891441345215,0.2723446488380432,0.2230730730730731,0.2230730730730731,0.836036036036036,0.001821821821821822,0.9005305171012878,0.03797566145658493,2.7605080604553223,0.38677915930747986,0.375,0.25,0.375,0.0,
818,-0.2587895095348358,-0.15780803561210632,-0.12545840442180634,0.6832449436187744,0.278137743473053,0.22212212212212223,0.22212212212212223,0.8369369369369369,0.0018118118118118122,0.8893965482711792,0.04413953423500061,2.6504852771759033,0.3816750943660736,0.25,0.0,0.75,0.0,
819,-0.22427716851234436,-0.15119457244873047,-0.0918869748711586,0.6970734000205994,0.2647779881954193,0.22117117117117124,0.22117117117117124,0.8378378378378378,0.0018018018018018025,0.9013241529464722,0.035082634538412094,2.8350400924682617,0.3914045989513397,0.25,0.25,0.375,0.125,
820,-0.19360984861850739,-0.15968628227710724,-0.04486279562115669,0.7261096835136414,0.24035613238811493,0.22022022022022025,0.22022022022022025,0.8387387387387387,0.001791791791791791,0.9269986152648926,0.0349360853433609,2.840397834777832,0.40927553176879883,0.125,0.5,0.125,0.25,-0.07226265966892242
821,-0.17804819345474243,-0.13570517301559448,-0.05498095229268074,0.7003857493400574,0.25732332468032837,0.21926926926926926,0.21926926926926926,0.8396396396396396,0.0017817817817817813,0.9027859568595886,0.0373922623693943,2.786938190460205,0.3958756625652313,0.0,0.375,0.625,0.0,
822,-0.19551695883274078,-0.14607958495616913,-0.0632464811205864,0.7184116244316101,0.24510042369365692,0.21831831831831838,0.21831831831831838,0.8405405405405405,0.0017717717717717716,0.9168615341186523,0.03536396473646164,2.8300249576568604,0.4052632749080658,0.0,0.125,0.75,0.125,
823,-0.18488267064094543,-0.1462855339050293,-0.050263918936252594,0.7195340991020203,0.24293622374534607,0.2173673673673674,0.2173673673673674,0.8414414414414414,0.0017617617617617619,0.9174227714538574,0.03376607969403267,2.874594211578369,0.4067634046077728,0.125,0.125,0.375,0.375,
824,-0.15671463310718536,-0.08696096390485764,-0.08730358630418777,0.7065768241882324,0.2548081874847412,0.2164164164164165,0.2164164164164165,0.8423423423423423,0.0017517517517517522,0.9033376574516296,0.03482859209179878,2.857884168624878,0.39790913462638855,0.125,0.25,0.625,0.0,
825,-0.1996973752975464,-0.14540711045265198,-0.06882968544960022,0.70885169506073,0.2515275478363037,0.2154654654654654,0.2154654654654654,0.8432432432432433,0.0017417417417417407,0.9045254588127136,0.03648978844285011,2.803068161010742,0.40021222829818726,0.125,0.375,0.25,0.25,
826,-0.22334709763526917,-0.15381568670272827,-0.08680382370948792,0.7132148742675781,0.2508436143398285,0.21451451451451453,0.21451451451451453,0.8441441441441442,0.001731731731731731,0.9054891467094421,0.03367448225617409,2.8754451274871826,0.4011024832725525,0.125,0.125,0.5,0.25,
827,-0.17550238966941833,-0.12619398534297943,-0.06268440932035446,0.7248382568359375,0.2414764165878296,0.21356356356356365,0.21356356356356365,0.8450450450450451,0.0017217217217217213,0.9145802855491638,0.03413441404700279,2.8612608909606934,0.40828657150268555,0.25,0.0,0.75,0.0,
828,-0.1357450634241104,-0.10528174042701721,-0.040339235216379166,0.7232324481010437,0.24235382676124573,0.21261261261261266,0.21261261261261266,0.845945945945946,0.0017117117117117116,0.9126079082489014,0.03366147726774216,2.8821756839752197,0.40802058577537537,0.0,0.5,0.5,0.0,
829,-0.17036013305187225,-0.11498745530843735,-0.06981302797794342,0.7100126147270203,0.25400397181510925,0.21166166166166178,0.21166166166166178,0.8468468468468467,0.0017017017017017019,0.8972764015197754,0.03440631181001663,2.846017837524414,0.3987935483455658,0.125,0.25,0.625,0.0,
830,-0.20404252409934998,-0.1507445126771927,-0.06720511615276337,0.7239316701889038,0.24502995610237122,0.21071071071071068,0.21071071071071068,0.8477477477477477,0.0016916916916916921,0.9074799418449402,0.033612556755542755,2.8717048168182373,0.4057982861995697,0.25,0.375,0.375,0.0,
831,-0.12256580591201782,-0.12770885229110718,0.0018845722079277039,0.7440800666809082,0.2292405068874359,0.2097597597597598,0.2097597597597598,0.8486486486486486,0.0016816816816816824,0.9267076253890991,0.03003149852156639,2.9593470096588135,0.4193657338619232,0.125,0.125,0.75,0.0,
832,-0.1485545039176941,-0.12326604872941971,-0.034085486084222794,0.7223030924797058,0.24614112079143524,0.2088088088088088,0.2088088088088088,0.8495495495495495,0.001671671671671671,0.9056453704833984,0.030029749497771263,2.9513967037200928,0.40553340315818787,0.125,0.375,0.375,0.125,
833,-0.18355296552181244,-0.14403066039085388,-0.0507279634475708,0.7262680530548096,0.2412501573562622,0.20785785785785793,0.20785785785785793,0.8504504504504504,0.0016616616616616613,0.9085462093353271,0.034966643899679184,2.827615737915039,0.40854376554489136,0.0,0.625,0.375,0.0,
834,-0.07810837030410767,-0.08759036660194397,0.006992984563112259,0.7419556379318237,0.23030541837215424,0.20690690690690694,0.20690690690690694,0.8513513513513513,0.0016516516516516516,0.9225208163261414,0.029735412448644638,2.9481770992279053,0.41877612471580505,0.0,0.375,0.5,0.125,
835,-0.13761891424655914,-0.1183108538389206,-0.026722267270088196,0.7596572637557983,0.2218979448080063,0.20595595595595595,0.20595595595595595,0.8522522522522523,0.0016416416416416418,0.9329376220703125,0.03195193409919739,2.8831710815429688,0.4258686900138855,0.25,0.0,0.75,0.0,
836,-0.21709541976451874,-0.1579843908548355,-0.07349245250225067,0.7365049719810486,0.2387578934431076,0.20500500500500507,0.20500500500500507,0.8531531531531532,0.0016316316316316321,0.9124139547348022,0.033278755843639374,2.8525729179382324,0.41100937128067017,0.125,0.25,0.625,0.0,
837,-0.24830035865306854,-0.1895299255847931,-0.07299730181694031,0.7389569282531738,0.23748694360256195,0.20405405405405408,0.20405405405405408,0.854054054054054,0.0016216216216216224,0.9153347015380859,0.03231377154588699,2.8682055473327637,0.4123023748397827,0.25,0.25,0.5,0.0,
838,-0.18454670906066895,-0.15706536173820496,-0.03640247508883476,0.7251585721969604,0.24724647402763367,0.2031031031031032,0.2031031031031032,0.8549549549549549,0.0016116116116116127,0.9052804708480835,0.03370998799800873,2.832350492477417,0.40492624044418335,0.125,0.5,0.375,0.0,
839,-0.2046898901462555,-0.1464066207408905,-0.07225687056779861,0.7401089668273926,0.23728474974632263,0.2021521521521522,0.2021521521521522,0.8558558558558558,0.001601601601601603,0.9165207743644714,0.0316564179956913,2.8830349445343018,0.41245007514953613,0.125,0.25,0.5,0.125,
840,-0.07665707170963287,-0.04502493143081665,-0.04127075523138046,0.7113444805145264,0.25946852564811707,0.20120120120120122,0.20120120120120122,0.8567567567567568,0.0015915915915915915,0.8938648104667664,0.028426915407180786,2.9750373363494873,0.39678332209587097,0.125,0.375,0.375,0.125,-0.06114490330219269
841,-0.13176283240318298,-0.09576157480478287,-0.046039629727602005,0.7465871572494507,0.23041999340057373,0.20025025025025023,0.20025025025025023,0.8576576576576577,0.0015815815815815818,0.921630859375,0.029067082330584526,2.9567296504974365,0.41813749074935913,0.25,0.0,0.75,0.0,
842,-0.20511269569396973,-0.1356097161769867,-0.0851033627986908,0.7340213060379028,0.2409670650959015,0.19929929929929935,0.19929929929929935,0.8585585585585586,0.001571571571571572,0.9068325757980347,0.03172250837087631,2.8896312713623047,0.40899938344955444,0.0,0.375,0.625,0.0,
843,-0.12301719933748245,-0.10418687015771866,-0.026041198521852493,0.7254487872123718,0.24181950092315674,0.19834834834834847,0.19834834834834847,0.8594594594594595,0.0015615615615615624,0.9013735055923462,0.033604055643081665,2.8479557037353516,0.407540887594223,0.125,0.375,0.5,0.0,
844,-0.18685856461524963,-0.1284867823123932,-0.07208577543497086,0.7155061960220337,0.25378119945526123,0.19739739739739737,0.19739739739739737,0.8603603603603605,0.001551551551551551,0.891560971736908,0.03342873230576515,2.852983236312866,0.3998284339904785,0.25,0.375,0.375,0.0,
845,-0.13638092577457428,-0.11041741818189621,-0.034265100955963135,0.7295560240745544,0.24230697751045227,0.1964464464464465,0.1964464464464465,0.8612612612612612,0.0015415415415415412,0.9018742442131042,0.032402850687503815,2.868319272994995,0.4072645604610443,0.375,0.0,0.625,0.0,
846,-0.22744019329547882,-0.14478236436843872,-0.10016198456287384,0.7141811847686768,0.2604247033596039,0.1954954954954955,0.1954954954954955,0.8621621621621621,0.0015315315315315315,0.8857336044311523,0.037956587970256805,2.741384744644165,0.3936769962310791,0.25,0.25,0.5,0.0,
847,-0.16909988224506378,-0.13001637160778046,-0.049346260726451874,0.7430197596549988,0.2374902218580246,0.19454454454454462,0.19454454454454462,0.863063063063063,0.0015215215215215218,0.9125633239746094,0.027757426723837852,3.00618314743042,0.4128139019012451,0.125,0.25,0.625,0.0,
848,-0.1827295422554016,-0.12035740911960602,-0.07632943242788315,0.7396392822265625,0.24557718634605408,0.19359359359359363,0.19359359359359363,0.8639639639639639,0.001511511511511512,0.906376302242279,0.0341762974858284,2.832228899002075,0.40554091334342957,0.125,0.0,0.875,0.0,
849,-0.12894918024539948,-0.08767203986644745,-0.05187336727976799,0.7451744079589844,0.24674221873283386,0.19264264264264264,0.19264264264264264,0.8648648648648649,0.0015015015015015006,0.9116236567497253,0.029331838712096214,2.963637351989746,0.40648066997528076,0.0,0.125,0.75,0.125,
850,-0.21295790374279022,-0.14694014191627502,-0.08048991113901138,0.7337796092033386,0.2573201656341553,0.19169169169169165,0.19169169169169165,0.8657657657657658,0.001491491491491491,0.8998786807060242,0.03469317778944969,2.8225295543670654,0.3969418406486511,0.125,0.375,0.5,0.0,
851,-0.10629463195800781,-0.0836343765258789,-0.030361060053110123,0.733108401298523,0.2566572427749634,0.19074074074074077,0.19074074074074077,0.8666666666666667,0.0014814814814814812,0.9014648199081421,0.03127174451947212,2.9164927005767822,0.39789342880249023,0.25,0.375,0.25,0.125,
852,-0.08948816359043121,-0.06311414390802383,-0.03457937389612198,0.7405238151550293,0.25362634658813477,0.1897897897897899,0.1897897897897899,0.8675675675675676,0.0014714714714714715,0.9069201350212097,0.031265903264284134,2.9101102352142334,0.4003872573375702,0.0,0.625,0.125,0.25,
853,-0.1374497264623642,-0.10379710793495178,-0.04300053417682648,0.7414995431900024,0.2608317732810974,0.1888388388388389,0.1888388388388389,0.8684684684684685,0.0014614614614614618,0.9041575193405151,0.03493063896894455,2.8285250663757324,0.3949233889579773,0.125,0.125,0.75,0.0,
854,-0.16000421345233917,-0.11394955962896347,-0.057276252657175064,0.7349653244018555,0.2672799229621887,0.1878878878878879,0.1878878878878879,0.8693693693693694,0.0014514514514514503,0.8985623121261597,0.034509699791669846,2.829740047454834,0.39030811190605164,0.375,0.125,0.5,0.0,
855,-0.104241281747818,-0.09635426104068756,-0.013193225488066673,0.7591447234153748,0.25003963708877563,0.18693693693693691,0.18693693693693691,0.8702702702702703,0.0014414414414414406,0.9178832769393921,0.03570835292339325,2.8028063774108887,0.4031258523464203,0.25,0.125,0.625,0.0,
856,-0.11478301137685776,-0.07206147164106369,-0.053311787545681,0.7403625249862671,0.2662375569343567,0.18598598598598604,0.18598598598598604,0.8711711711711712,0.0014314314314314309,0.9022135138511658,0.030767293646931648,2.9270834922790527,0.3918491005897522,0.125,0.25,0.5,0.125,
857,-0.02660437487065792,-0.03221940994262695,0.0023850928992033005,0.7709101438522339,0.24392734467983246,0.18503503503503504,0.18503503503503504,0.872072072072072,0.0014214214214214212,0.9289752840995789,0.028053145855665207,3.0069069862365723,0.40899986028671265,0.0,0.125,0.75,0.125,
858,-0.13219250738620758,-0.10391207039356232,-0.036603741347789764,0.7543948888778687,0.26088839769363403,0.18408408408408417,0.18408408408408417,0.8729729729729729,0.0014114114114114115,0.9127498865127563,0.02942904271185398,2.963873863220215,0.3965925872325897,0.125,0.25,0.375,0.25,
859,-0.15091753005981445,-0.10822868347167969,-0.05308057367801666,0.7515634894371033,0.2643643617630005,0.18313313313313317,0.18313313313313317,0.8738738738738739,0.0014014014014014017,0.9093324542045593,0.03488651290535927,2.8210136890411377,0.3936215043067932,0.0,0.25,0.625,0.125,
860,-0.1747506558895111,-0.1269117295742035,-0.05896441265940666,0.7523943781852722,0.2694767415523529,0.18218218218218218,0.18218218218218218,0.8747747747747748,0.0013913913913913903,0.9074752330780029,0.032502707093954086,2.882463216781616,0.39046669006347656,0.0,0.125,0.875,0.0,-0.01598949357867241
861,-0.11846905201673508,-0.10617353022098541,-0.018229853361845016,0.757100522518158,0.26220667362213135,0.1812312312312313,0.1812312312312313,0.8756756756756757,0.0013813813813813806,0.9143165946006775,0.03041749820113182,2.9323787689208984,0.3959072232246399,0.0,0.5,0.375,0.125,
862,-0.08811905980110168,-0.04983093589544296,-0.04809774458408356,0.7306956052780151,0.2871171832084656,0.18028028028028031,0.18028028028028031,0.8765765765765765,0.0013713713713713709,0.89164799451828,0.026720868423581123,3.0441648960113525,0.37917786836624146,0.25,0.25,0.5,0.0,
863,-0.1865130066871643,-0.13705193996429443,-0.06063041463494301,0.753051221370697,0.2715585231781006,0.17932932932932943,0.17932932932932943,0.8774774774774774,0.0013613613613613611,0.9078353643417358,0.034460194408893585,2.8433828353881836,0.3897601068019867,0.0,0.25,0.625,0.125,
864,-0.02598034404218197,-0.04674314707517624,0.01962844282388687,0.7840677499771118,0.24620525538921356,0.17837837837837833,0.17837837837837833,0.8783783783783784,0.0013513513513513514,0.9374164342880249,0.02645549178123474,3.0545361042022705,0.4099922776222229,0.0,0.125,0.75,0.125,
865,-0.1673181653022766,-0.12592196464538574,-0.05124621093273163,0.7672892808914185,0.2634332478046417,0.17742742742742745,0.17742742742742745,0.8792792792792793,0.0013413413413413417,0.9193720817565918,0.028822679072618484,2.9815759658813477,0.3964678645133972,0.25,0.125,0.625,0.0,
866,-0.09673389792442322,-0.08486625552177429,-0.017588680610060692,0.7694219350814819,0.25892072916030884,0.17647647647647646,0.17647647647647646,0.8801801801801802,0.001331331331331332,0.9235110282897949,0.031088152900338173,2.9296016693115234,0.3996214270591736,0.125,0.25,0.625,0.0,
867,-0.12781891226768494,-0.10211222618818283,-0.0333537794649601,0.7644562125205994,0.26706206798553467,0.17552552552552558,0.17552552552552558,0.8810810810810811,0.0013213213213213223,0.9189357161521912,0.02841869741678238,2.995062828063965,0.3948594927787781,0.0,0.25,0.75,0.0,
868,-0.13605591654777527,-0.12124291062355042,-0.020998414605855942,0.7661113739013672,0.2702615261077881,0.1745745745745747,0.1745745745745747,0.881981981981982,0.0013113113113113126,0.9191673994064331,0.028952136635780334,2.986337184906006,0.39298027753829956,0.0,0.125,0.625,0.25,
869,0.13032466173171997,0.06662268936634064,0.06821375340223312,0.7981781959533691,0.24385419487953186,0.1736236236236236,0.1736236236236236,0.882882882882883,0.0013013013013013011,0.9503490328788757,0.026130614802241325,3.0680885314941406,0.4136328399181366,0.125,0.375,0.5,0.0,
870,-0.13104800879955292,-0.10983368009328842,-0.02812913991510868,0.7698613405227661,0.2651631832122803,0.17267267267267272,0.17267267267267272,0.8837837837837837,0.0012912912912912914,0.9257211685180664,0.02944318577647209,2.9735052585601807,0.3961491286754608,0.0,0.375,0.5,0.125,
871,-0.048205286264419556,-0.04630020260810852,-0.006315981969237328,0.7659978270530701,0.27011120319366455,0.17172172172172173,0.17172172172172173,0.8846846846846846,0.0012812812812812817,0.9241040945053101,0.024870827794075012,3.112460136413574,0.3934206962585449,0.25,0.25,0.375,0.125,
872,-0.01009804755449295,-0.04347272217273712,0.03358541056513786,0.7714850306510925,0.2651151418685913,0.17077077077077085,0.17077077077077085,0.8855855855855855,0.001271271271271272,0.9299601316452026,0.028002558276057243,3.0148329734802246,0.39631742238998413,0.0,0.25,0.375,0.375,
873,-0.13628531992435455,-0.09805183112621307,-0.04730364307761192,0.769405722618103,0.273013174533844,0.16981981981981986,0.16981981981981986,0.8864864864864864,0.0012612612612612623,0.9256623983383179,0.028820276260375977,2.987914562225342,0.39107948541641235,0.25,0.25,0.5,0.0,
874,-0.03507274389266968,-0.0349869467318058,-0.004256906919181347,0.7672485113143921,0.2731705904006958,0.16886886886886887,0.16886886886886887,0.8873873873873874,0.0012512512512512508,0.9255398511886597,0.02683604694902897,3.039936065673828,0.3908357620239258,0.125,0.375,0.375,0.125,
875,-0.024355573579669,-0.041163019835948944,0.015000825747847557,0.797616720199585,0.2492353767156601,0.167917917917918,0.167917917917918,0.8882882882882883,0.001241241241241241,0.9548144340515137,0.024078188464045525,3.1312010288238525,0.40958642959594727,0.0,0.375,0.625,0.0,
876,-0.0037261098623275757,-0.02623259648680687,0.02131529524922371,0.7947074770927429,0.25746870040893555,0.166966966966967,0.166966966966967,0.8891891891891892,0.0012312312312312314,0.9507407546043396,0.024741066619753838,3.1059460639953613,0.4046837091445923,0.375,0.25,0.375,0.0,
877,-0.05295425280928612,-0.0372183695435524,-0.02181863971054554,0.7692648768424988,0.2745228111743927,0.16601601601601612,0.16601601601601612,0.8900900900900901,0.0012212212212212217,0.9289349317550659,0.02761749178171158,3.0107762813568115,0.3898967504501343,0.0,0.25,0.625,0.125,
878,-0.003378811292350292,-0.007781987078487873,0.0008868500590324402,0.7837346792221069,0.2663732171058655,0.16506506506506513,0.16506506506506513,0.890990990990991,0.001211211211211212,0.9421316981315613,0.02394840680062771,3.129929304122925,0.3968757092952728,0.0,0.25,0.625,0.125,
879,-0.05381660535931587,-0.04476268216967583,-0.014321193099021912,0.7728421688079834,0.27906930446624756,0.16411411411411414,0.16411411411411414,0.8918918918918919,0.0012012012012012005,0.9308309555053711,0.026443786919116974,3.0512776374816895,0.38753819465637207,0.0,0.25,0.625,0.125,
880,0.0091658690944314,0.0007789577357470989,0.005258648656308651,0.7726644277572632,0.27716368436813354,0.16316316316316315,0.16316316316316315,0.8927927927927928,0.0011911911911911908,0.9350988864898682,0.025272538885474205,3.0876307487487793,0.3890509605407715,0.0,0.375,0.625,0.0,-0.015439897775650024
881,-0.07177186012268066,-0.06155646592378616,-0.015603364445269108,0.7661888599395752,0.2824225425720215,0.16221221221221227,0.16221221221221227,0.8936936936936937,0.001181181181181181,0.9306713938713074,0.02747686393558979,3.0195424556732178,0.3853658139705658,0.0,0.25,0.75,0.0,
882,-0.04541412368416786,-0.05070984363555908,0.0017990772612392902,0.7650729417800903,0.2790241837501526,0.16126126126126128,0.16126126126126128,0.8945945945945946,0.0011711711711711714,0.9313251376152039,0.029664231464266777,2.963808298110962,0.38623103499412537,0.0,0.375,0.625,0.0,
883,-0.09220170229673386,-0.0795033723115921,-0.018346961587667465,0.7559722661972046,0.2853483557701111,0.1603103103103104,0.1603103103103104,0.8954954954954955,0.0011611611611611616,0.9239844679832458,0.03311290219426155,2.8795204162597656,0.38106870651245117,0.0,0.625,0.375,0.0,
884,-0.01983467862010002,-0.03736800700426102,0.01553343329578638,0.7708491683006287,0.27218493819236755,0.1593593593593594,0.1593593593593594,0.8963963963963965,0.0011511511511511502,0.9400027990341187,0.026496144011616707,3.0576112270355225,0.3919234871864319,0.25,0.125,0.625,0.0,
885,-0.028896044939756393,-0.055610112845897675,0.025860626250505447,0.7839867472648621,0.26147595047950745,0.15840840840840842,0.15840840840840842,0.8972972972972973,0.0011411411411411405,0.9518791437149048,0.028597163036465645,3.0012829303741455,0.40010881423950195,0.0,0.25,0.75,0.0,
886,0.03756612911820412,0.006816692650318146,0.030131615698337555,0.7504319548606873,0.2836434841156006,0.15745745745745754,0.15745745745745754,0.8981981981981982,0.0011311311311311308,0.9255205988883972,0.027805065736174583,3.019019842147827,0.3838650584220886,0.125,0.125,0.75,0.0,
887,-0.08163593709468842,-0.05509028211236,-0.033756621181964874,0.7317361235618591,0.2984521985054016,0.15650650650650655,0.15650650650650655,0.899099099099099,0.001121121121121121,0.9079824686050415,0.030948584899306297,2.926929235458374,0.3718286454677582,0.125,0.5,0.375,0.0,
888,-0.00972661841660738,-0.02640828676521778,0.0146101713180542,0.7675396203994751,0.2679693400859833,0.15555555555555567,0.15555555555555567,0.8999999999999999,0.0011111111111111113,0.9422224760055542,0.02625303529202938,3.065687417984009,0.3947868347167969,0.0,0.25,0.75,0.0,
889,-0.04270506650209427,-0.03986763209104538,-0.007131991907954216,0.7546297907829285,0.2756861746311188,0.15460460460460457,0.15460460460460457,0.9009009009009009,0.0011011011011010999,0.9313998222351074,0.029630864039063454,2.967466354370117,0.3884614408016205,0.25,0.125,0.625,0.0,
890,0.08000880479812622,0.037710972130298615,0.042990729212760925,0.75299471616745,0.2707135081291199,0.1536536536536537,0.1536536536536537,0.9018018018018018,0.0010910910910910902,0.9346097707748413,0.029356367886066437,2.973289728164673,0.3925994336605072,0.0,0.375,0.625,0.0,
891,-0.028049424290657043,-0.04957255721092224,0.019917909055948257,0.7474941611289978,0.27350813150405884,0.1527027027027027,0.1527027027027027,0.9027027027027027,0.0010810810810810804,0.9273862838745117,0.030909093096852303,2.934030055999756,0.3895059823989868,0.125,0.375,0.5,0.0,
892,-0.0015325183048844337,-0.019491808488965034,0.015981948003172874,0.7430364489555359,0.27220994234085083,0.15175175175175182,0.15175175175175182,0.9036036036036036,0.0010710710710710707,0.9268965721130371,0.027667799964547157,3.0197324752807617,0.3920304477214813,0.0,0.5,0.375,0.125,
893,-0.11752528697252274,-0.06901580840349197,-0.05748565495014191,0.7423822283744812,0.26988357305526733,0.15080080080080094,0.15080080080080094,0.9045045045045045,0.001061061061061061,0.9226607084274292,0.03411893546581268,2.843493700027466,0.3912833333015442,0.125,0.125,0.625,0.125,
894,-0.08058172464370728,-0.04293446987867355,-0.045381270349025726,0.7394886016845703,0.2663956880569458,0.14984984984984984,0.14984984984984984,0.9054054054054055,0.0010510510510510513,0.9216195940971375,0.029833771288394928,2.95912766456604,0.3931733965873718,0.0,0.375,0.375,0.25,
895,-0.009262597188353539,-0.025332441553473473,0.014212967827916145,0.7749173641204834,0.23818212747573853,0.14889889889889896,0.14889889889889896,0.9063063063063063,0.0010410410410410416,0.9556941986083984,0.025019196793437004,3.0932862758636475,0.41749876737594604,0.25,0.25,0.5,0.0,
896,0.04673090577125549,-0.01635267212986946,0.06615887582302094,0.7928357124328613,0.2246331423521042,0.14794794794794797,0.14794794794794797,0.9072072072072072,0.0010310310310310319,0.9708609580993652,0.025487830862402916,3.0760350227355957,0.42900317907333374,0.0,0.25,0.5,0.25,
897,-0.03247910365462303,-0.025605253875255585,-0.011064337566494942,0.7687764167785645,0.23888282477855682,0.1469969969969971,0.1469969969969971,0.908108108108108,0.0010210210210210222,0.9480950832366943,0.025219475850462914,3.0833563804626465,0.41588354110717773,0.0,0.5,0.375,0.125,
898,-0.03651849925518036,-0.015113713219761848,-0.027121039107441902,0.7512041330337524,0.24890094995498657,0.1460460460460461,0.1460460460460461,0.9090090090090089,0.0010110110110110107,0.9326807856559753,0.024404793977737427,3.111734628677368,0.40686649084091187,0.125,0.375,0.375,0.125,
899,-0.04510217159986496,-0.02751857414841652,-0.022788435220718384,0.7618759870529175,0.23891882598400116,0.1450950950950951,0.1450950950950951,0.9099099099099099,0.001001001001001001,0.9430584907531738,0.02798178233206272,3.0030441284179688,0.4149690568447113,0.25,0.25,0.5,0.0,
900,-0.029362691566348076,-0.0014379415661096573,-0.034218937158584595,0.7440244555473328,0.2504905164241791,0.14414414414414423,0.14414414414414423,0.9108108108108108,0.0009909909909909913,0.9278745651245117,0.03099440038204193,2.913459539413452,0.40445655584335327,0.125,0.125,0.75,0.0,-0.005426043178886175
901,0.050443023443222046,0.014757853001356125,0.03579403832554817,0.7756028175354004,0.22904714941978455,0.14319319319319324,0.14319319319319324,0.9117117117117117,0.0009809809809809816,0.9597196578979492,0.024657195433974266,3.1029810905456543,0.42451438307762146,0.0,0.0,0.875,0.125,
902,-0.0030997812282294035,-0.0011730259284377098,-0.005508837290108204,0.7672998309135437,0.23556530475616455,0.14224224224224236,0.14224224224224236,0.9126126126126126,0.0009709709709709718,0.9529479742050171,0.02582285739481449,3.063072681427002,0.41852685809135437,0.25,0.125,0.5,0.125,
903,-0.03216009587049484,-0.039407599717378616,0.004530418664216995,0.7670515775680542,0.23717939853668213,0.14129129129129137,0.14129129129129137,0.9135135135135135,0.0009609609609609621,0.9531764388084412,0.028825363144278526,2.9762673377990723,0.41809964179992676,0.25,0.25,0.5,0.0,
904,0.014050154015421867,-0.026280477643013,0.04065792262554169,0.7587326765060425,0.24309252202510834,0.14034034034034037,0.14034034034034037,0.9144144144144144,0.0009509509509509507,0.9468177556991577,0.027120519429445267,3.0192761421203613,0.41339048743247986,0.375,0.125,0.5,0.0,
905,0.09250045567750931,0.015508681535720825,0.08067730069160461,0.7558411359786987,0.24353983998298645,0.13938938938938938,0.13938938938938938,0.9153153153153153,0.000940940940940941,0.9457780122756958,0.02447001077234745,3.1024887561798096,0.4130748510360718,0.125,0.25,0.625,0.0,
906,-0.02782171033322811,-0.03643473982810974,0.00603047851473093,0.7625793218612671,0.23778986930847168,0.1384384384384385,0.1384384384384385,0.9162162162162162,0.0009309309309309313,0.9488493800163269,0.027062831446528435,3.016772985458374,0.41625747084617615,0.25,0.125,0.625,0.0,
907,-0.012235896661877632,-0.00021506473422050476,-0.01655815914273262,0.7473084926605225,0.24767270684242249,0.13748748748748751,0.13748748748748751,0.9171171171171171,0.0009209209209209215,0.9353765249252319,0.02683684416115284,3.0274834632873535,0.4079703092575073,0.0,0.125,0.75,0.125,
908,-0.04012942314147949,-0.015442856587469578,-0.03035617619752884,0.7387633323669434,0.25080040097236633,0.13653653653653652,0.13653653653653652,0.9180180180180181,0.0009109109109109101,0.9276165962219238,0.03113076090812683,2.9049863815307617,0.40380486845970154,0.25,0.125,0.5,0.125,
909,0.0384550578892231,-0.011073758825659752,0.050802841782569885,0.7962982058525085,0.21277420222759247,0.13558558558558564,0.13558558558558564,0.918918918918919,0.0009009009009009004,0.9793293476104736,0.024297310039401054,3.102083683013916,0.43875476717948914,0.0,0.125,0.875,0.0,
910,-0.03509856387972832,-0.03817331790924072,2.245744690299034e-05,0.7601591348648071,0.23768751323223114,0.13463463463463465,0.13463463463463465,0.9198198198198199,0.0008908908908908907,0.9439802169799805,0.029887259006500244,2.941842794418335,0.41524678468704224,0.125,0.25,0.625,0.0,
911,0.057661011815071106,0.0344819612801075,0.021821770817041397,0.7576408386230469,0.24199023842811584,0.13368368368368377,0.13368368368368377,0.9207207207207208,0.0008808808808808809,0.9417192339897156,0.02951933816075325,2.9411516189575195,0.4132743775844574,0.125,0.25,0.5,0.125,
912,0.04836353659629822,0.005874899215996265,0.042823415249586105,0.7594833374023438,0.23602426052093506,0.13273273273273278,0.13273273273273278,0.9216216216216215,0.0008708708708708712,0.9436373710632324,0.029331322759389877,2.9510838985443115,0.41580623388290405,0.0,0.625,0.375,0.0,
913,0.09671260416507721,0.03343354910612106,0.06531882286071777,0.7656707167625427,0.23618370294570923,0.1317817817817818,0.1317817817817818,0.9225225225225225,0.0008608608608608598,0.952275276184082,0.027586525306105614,3.0005555152893066,0.41813644766807556,0.125,0.125,0.75,0.0,
914,0.07084308564662933,0.01342960074543953,0.058894410729408264,0.7620331645011902,0.23806235194206238,0.1308308308308308,0.1308308308308308,0.9234234234234234,0.0008508508508508501,0.9512503147125244,0.025129305198788643,3.0715441703796387,0.41595935821533203,0.125,0.25,0.5,0.125,
915,0.056544095277786255,0.017872493714094162,0.0386529378592968,0.774998664855957,0.2292100042104721,0.12987987987987992,0.12987987987987992,0.9243243243243243,0.0008408408408408403,0.9636443853378296,0.026667790487408638,3.0204010009765625,0.42263227701187134,0.0,0.125,0.625,0.25,
916,-0.05228492617607117,-0.02776189148426056,-0.029917802661657333,0.7356478571891785,0.2546469569206238,0.12892892892892893,0.12892892892892893,0.9252252252252252,0.0008308308308308306,0.929633617401123,0.03686906769871712,2.768023729324341,0.3996903896331787,0.25,0.25,0.5,0.0,
917,0.05961313471198082,0.05329081416130066,0.0033661630004644394,0.7326968908309937,0.2603414058685303,0.12797797797797805,0.12797797797797805,0.9261261261261261,0.0008208208208208209,0.9306797981262207,0.02653622254729271,3.023897409439087,0.3979899287223816,0.125,0.125,0.75,0.0,
918,0.061955925077199936,0.014312086626887321,0.04816439002752304,0.7629984617233276,0.2375497817993164,0.12702702702702706,0.12702702702702706,0.9270270270270271,0.0008108108108108095,0.9583470225334167,0.02643384039402008,3.0269503593444824,0.4152352809906006,0.0,0.25,0.75,0.0,
919,0.07926197350025177,0.02236013114452362,0.05798167735338211,0.747224748134613,0.2500649690628052,0.12607607607607607,0.12607607607607607,0.927927927927928,0.0008008008008007998,0.9480500221252441,0.02543802745640278,3.0585858821868896,0.40683120489120483,0.125,0.5,0.25,0.125,
920,0.05988463759422302,0.025991685688495636,0.03311828151345253,0.7447059154510498,0.2542835772037506,0.1251251251251252,0.1251251251251252,0.9288288288288288,0.00079079079079079,0.9460946917533875,0.02702157013118267,3.0142719745635986,0.4040587544441223,0.25,0.25,0.375,0.125,0.012217658571898937
921,0.017957234755158424,0.017189521342515945,-0.002634724136441946,0.7296263575553894,0.2647617757320404,0.1241741741741742,0.1241741741741742,0.9297297297297297,0.0007807807807807803,0.9306958913803101,0.03625082969665527,2.786181688308716,0.3934769630432129,0.0,0.375,0.5,0.125,
922,0.0306171253323555,0.018042055889964104,0.010222314856946468,0.7556160688400269,0.24794648587703705,0.12322322322322332,0.12322322322322332,0.9306306306306306,0.0007707707707707706,0.9546582102775574,0.02663601003587246,3.025017499923706,0.40842151641845703,0.125,0.25,0.5,0.125,
923,-0.013592313043773174,-0.0033764238469302654,-0.014275934547185898,0.7541956901550293,0.2508833408355713,0.12227227227227222,0.12227227227227222,0.9315315315315316,0.0007607607607607609,0.95159912109375,0.02638230472803116,3.0257885456085205,0.40624019503593445,0.0,0.125,0.875,0.0,
924,0.051709190011024475,0.020787980407476425,0.029852736741304398,0.7564684748649597,0.2517629861831665,0.12132132132132134,0.12132132132132134,0.9324324324324325,0.0007507507507507512,0.9562528133392334,0.0236442182213068,3.1150424480438232,0.40820571780204773,0.125,0.375,0.5,0.0,
925,0.04363415390253067,0.02757270261645317,0.013946132734417915,0.7598305940628052,0.24822209775447845,0.12037037037037046,0.12037037037037046,0.9333333333333333,0.0007407407407407415,0.9577831029891968,0.025985220447182655,3.03444242477417,0.40953966975212097,0.125,0.125,0.75,0.0,
926,0.08661453425884247,0.04213196411728859,0.0444282591342926,0.773167610168457,0.24111899733543396,0.11941941941941947,0.11941941941941947,0.9342342342342342,0.0007307307307307317,0.973038375377655,0.02569136582314968,3.045029640197754,0.4173893630504608,0.125,0.25,0.625,0.0,
927,0.00737544521689415,-0.004687432665377855,0.009433399885892868,0.7359973192214966,0.27109265327453613,0.11846846846846859,0.11846846846846859,0.9351351351351351,0.0007207207207207203,0.9385101795196533,0.026459475979208946,3.014819383621216,0.3933452069759369,0.0,0.5,0.5,0.0,
928,0.10035842657089233,0.014080902561545372,0.08893448114395142,0.7749279737472534,0.24808959662914276,0.11751751751751749,0.11751751751751749,0.936036036036036,0.0007107107107107106,0.9719038009643555,0.022873375564813614,3.121918201446533,0.41229701042175293,0.375,0.125,0.5,0.0,
929,-0.007345155812799931,-0.008736096322536469,-0.0018092487007379532,0.7584042549133301,0.25546783208847046,0.11656656656656661,0.11656656656656661,0.9369369369369369,0.0007007007007007009,0.9557996988296509,0.03257947042584419,2.8365960121154785,0.40337011218070984,0.0,0.0,0.75,0.25,
930,0.05264528840780258,0.03799223527312279,0.012299736961722374,0.7550582885742188,0.25963863730430603,0.11561561561561562,0.11561561561561562,0.9378378378378378,0.0006906906906906912,0.953894317150116,0.025792410597205162,3.0155997276306152,0.4014832675457001,0.0,0.125,0.875,0.0,
931,0.01831156574189663,0.025733038783073425,-0.011421166360378265,0.7271531820297241,0.2805060148239136,0.11466466466466474,0.11466466466466474,0.9387387387387387,0.0006806806806806814,0.9278216361999512,0.023991478607058525,3.060654640197754,0.38473984599113464,0.125,0.625,0.25,0.0,
932,0.05506694316864014,0.05117972195148468,0.0006492212414741516,0.7302533984184265,0.2787424325942993,0.11371371371371375,0.11371371371371375,0.9396396396396396,0.0006706706706706717,0.9300972819328308,0.027330519631505013,2.9504964351654053,0.38613396883010864,0.125,0.375,0.5,0.0,
933,0.22698093950748444,0.13205446302890778,0.09771132469177246,0.771417498588562,0.25153547525405884,0.11276276276276276,0.11276276276276276,0.9405405405405406,0.0006606606606606603,0.9674293994903564,0.02205461449921131,3.1147561073303223,0.4090453088283539,0.0,0.25,0.75,0.0,
934,0.15521129965782166,0.10151210427284241,0.05363498628139496,0.7505762577056885,0.27166423201560974,0.11181181181181188,0.11181181181181188,0.9414414414414415,0.0006506506506506506,0.9469110369682312,0.02201656997203827,3.10927152633667,0.3950488269329071,0.25,0.5,0.125,0.125,
935,0.04978642240166664,0.012485787272453308,0.036392658948898315,0.7825841307640076,0.25049346685409546,0.11086086086086089,0.11086086086086089,0.9423423423423424,0.0006406406406406408,0.972000777721405,0.02626081369817257,2.9656920433044434,0.410354346036911,0.0,0.125,0.875,0.0,
936,0.10423620045185089,0.07334074378013611,0.029325492680072784,0.7432459592819214,0.27656736969947815,0.10990990990991001,0.10990990990991001,0.9432432432432433,0.0006306306306306311,0.9360146522521973,0.027417229488492012,2.9354560375213623,0.3883359432220459,0.125,0.5,0.25,0.125,
937,0.05655286833643913,0.03181096166372299,0.022821996361017227,0.7544762492179871,0.2726409435272217,0.10895895895895902,0.10895895895895902,0.944144144144144,0.0006206206206206214,0.9439770579338074,0.024270443245768547,3.0177628993988037,0.39197587966918945,0.125,0.25,0.625,0.0,
938,0.1083521693944931,0.06848033517599106,0.03874162957072258,0.7500661611557007,0.2801254689693451,0.10800800800800803,0.10800800800800803,0.945045045045045,0.00061061061061061,0.9389204978942871,0.02255917713046074,3.071303129196167,0.38748782873153687,0.125,0.0,0.75,0.125,
939,0.030814703553915024,0.010553497821092606,0.01800396852195263,0.7491177916526794,0.2780504524707794,0.10705705705705704,0.10705705705705704,0.9459459459459459,0.0006006006006006002,0.9353157877922058,0.032814547419548035,2.778383731842041,0.3868057131767273,0.375,0.375,0.125,0.125,
940,0.1602325439453125,0.10876567661762238,0.050985388457775116,0.7552785873413086,0.27454549074172974,0.10610610610610616,0.10610610610610616,0.9468468468468468,0.0005905905905905905,0.9411720037460327,0.022520067170262337,3.0638747215270996,0.391019344329834,0.0,0.25,0.75,0.0,0.043904468417167664
941,0.1274113655090332,0.06302197277545929,0.06465989351272583,0.7689222097396851,0.2661705017089844,0.10515515515515517,0.10515515515515517,0.9477477477477477,0.0005805805805805808,0.9518140554428101,0.02341095730662346,3.0297484397888184,0.3979707658290863,0.0,0.375,0.625,0.0,
942,0.06618356704711914,0.024357127025723457,0.0408865362405777,0.7772142291069031,0.25960251688957214,0.10420420420420429,0.10420420420420429,0.9486486486486486,0.0005705705705705711,0.9555808901786804,0.0225609689950943,3.055624485015869,0.40135106444358826,0.25,0.125,0.5,0.125,
943,0.12068193405866623,0.05046483874320984,0.070686936378479,0.7642860412597656,0.2667921781539917,0.1032532532532533,0.1032532532532533,0.9495495495495496,0.0005605605605605597,0.9443248510360718,0.024499109014868736,2.9890356063842773,0.3956870436668396,0.0,0.25,0.75,0.0,
944,0.1511903554201126,0.0671672374010086,0.08519557863473892,0.7683126330375671,0.2625937759876251,0.1023023023023023,0.1023023023023023,0.9504504504504505,0.0005505505505505499,0.94615638256073,0.024572042748332024,2.9849510192871094,0.39817747473716736,0.25,0.125,0.5,0.125,
945,0.10172741860151291,0.04346311092376709,0.057943232357501984,0.7517206072807312,0.2733606696128845,0.10135135135135143,0.10135135135135143,0.9513513513513513,0.0005405405405405402,0.929999053478241,0.025660689920186996,2.94963002204895,0.3894302248954773,0.25,0.25,0.375,0.125,
946,0.07537287473678589,0.045225463807582855,0.02834860421717167,0.7470266819000244,0.27560684084892273,0.10040040040040044,0.10040040040040044,0.9522522522522522,0.0005305305305305305,0.9245373606681824,0.02823992446064949,2.8751039505004883,0.3874930143356323,0.125,0.25,0.5,0.125,
947,0.1554810255765915,0.07390695810317993,0.08243421465158463,0.7633057832717896,0.26043400168418884,0.09944944944944956,0.09944944944944956,0.9531531531531531,0.0005205205205205208,0.9389270544052124,0.028300337493419647,2.8722784519195557,0.39880508184432983,0.375,0.125,0.5,0.0,
948,0.006193314678966999,-0.007699841633439064,0.01139659620821476,0.7611455321311951,0.2631615102291107,0.09849849849849845,0.09849849849849845,0.9540540540540541,0.0005105105105105093,0.9340797662734985,0.02832377701997757,2.870419502258301,0.3961416482925415,0.0,0.375,0.5,0.125,
949,0.10383415222167969,0.05702322721481323,0.04573366418480873,0.7379013895988464,0.2768019735813141,0.09754754754754758,0.09754754754754758,0.954954954954955,0.0005005005005004996,0.9160639643669128,0.03222911059856415,2.778446674346924,0.3864494562149048,0.25,0.25,0.375,0.125,
950,0.16929645836353302,0.11458627879619598,0.0541389063000679,0.762852132320404,0.25870242714881897,0.0965965965965967,0.0965965965965967,0.9558558558558559,0.0004904904904904899,0.9381103515625,0.022855283692479134,3.0340709686279297,0.40123867988586426,0.25,0.0,0.625,0.125,
951,0.08012665063142776,0.04754534736275673,0.030906813219189644,0.7534334063529968,0.26489919424057007,0.0956456456456457,0.0956456456456457,0.9567567567567568,0.0004804804804804802,0.9278014898300171,0.02681412734091282,2.915264844894409,0.39485394954681396,0.25,0.375,0.375,0.0,
952,0.11211477220058441,0.07764528691768646,0.03282420337200165,0.7514138221740723,0.2681620121002197,0.09469469469469483,0.09469469469469483,0.9576576576576576,0.0004704704704704705,0.9252468943595886,0.026522524654865265,2.919642925262451,0.39294859766960144,0.25,0.25,0.375,0.125,
953,0.11670581251382828,0.07115857303142548,0.044284917414188385,0.741881787776947,0.2755945026874542,0.09374374374374372,0.09374374374374372,0.9585585585585585,0.00046046046046046077,0.9157055616378784,0.02739882282912731,2.89829683303833,0.3869992196559906,0.0,0.75,0.25,0.0,
954,0.20189741253852844,0.09142942726612091,0.11211631447076797,0.7736408114433289,0.2548447251319885,0.09279279279279284,0.09279279279279284,0.9594594594594594,0.00045045045045045105,0.9405404329299927,0.029329977929592133,2.848504066467285,0.4033926725387573,0.125,0.25,0.625,0.0,
955,0.18776935338974,0.0855141431093216,0.1035071387887001,0.7788386344909668,0.25080475211143494,0.09184184184184185,0.09184184184184185,0.9603603603603603,0.00044044044044044134,0.9438716769218445,0.02388574369251728,2.99599289894104,0.4063509404659271,0.125,0.125,0.75,0.0,
956,0.08685051649808884,0.03236495703458786,0.053573548793792725,0.7574233412742615,0.26613613963127136,0.09089089089089097,0.09089089089089097,0.9612612612612612,0.0004304304304304299,0.9218174815177917,0.024639973416924477,2.968412399291992,0.39315783977508545,0.125,0.25,0.625,0.0,
957,0.11107040196657181,0.08935508877038956,0.01938803493976593,0.7448002696037292,0.2747751474380493,0.08993993993993998,0.08993993993993998,0.9621621621621621,0.0004204204204204202,0.9103960394859314,0.02901618182659149,2.847961664199829,0.38707900047302246,0.125,0.25,0.625,0.0,
958,0.11065138876438141,0.0654907077550888,0.043967124074697495,0.7787010073661804,0.24979877471923828,0.08898898898898899,0.08898898898898899,0.9630630630630631,0.00041041041041041046,0.9375776648521423,0.023405535146594048,3.0023579597473145,0.4065185785293579,0.25,0.25,0.375,0.125,
959,0.10690944641828537,0.07456156611442566,0.030575372278690338,0.7676660418510437,0.2566945552825928,0.08803803803803811,0.08803803803803811,0.963963963963964,0.00040040040040040074,0.9261326789855957,0.025122808292508125,2.9453017711639404,0.40053093433380127,0.25,0.0,0.75,0.0,
960,0.13558334112167358,0.10262811183929443,0.031134430319070816,0.7565392255783081,0.26193690299987793,0.08708708708708712,0.08708708708708712,0.9648648648648649,0.00039039039039039103,0.9148442149162292,0.03525403141975403,2.7003591060638428,0.39505136013031006,0.125,0.125,0.75,0.0,0.04272684454917908
961,0.1360265463590622,0.04167330637574196,0.09488652646541595,0.7900933027267456,0.24145421385765076,0.08613613613613624,0.08613613613613624,0.9657657657657658,0.0003803803803803813,0.9420793056488037,0.02284051664173603,3.015406608581543,0.413332462310791,0.25,0.0,0.625,0.125,
962,0.1556183248758316,0.08875793218612671,0.06631466746330261,0.7847551107406616,0.24655793607234955,0.08518518518518525,0.08518518518518525,0.9666666666666666,0.0003703703703703716,0.9372920989990234,0.022682148963212967,3.01830792427063,0.41119152307510376,0.0,0.375,0.5,0.125,
963,0.13833466172218323,0.06965333223342896,0.06833367049694061,0.8112913966178894,0.22715356945991516,0.08423423423423426,0.08423423423423426,0.9675675675675676,0.00036036036036036015,0.9573596715927124,0.025291752070188522,2.9369986057281494,0.42558807134628296,0.125,0.0,0.875,0.0,
964,0.13345636427402496,0.0637182891368866,0.06927759945392609,0.7987937927246094,0.23650598526000977,0.08328328328328327,0.08328328328328327,0.9684684684684685,0.00035035035035035043,0.9451078176498413,0.028731027618050575,2.839914083480835,0.41650986671447754,0.25,0.125,0.625,0.0,
965,0.16391314566135406,0.10332557559013367,0.05952242761850357,0.7644695043563843,0.2628175914287567,0.08233233233233239,0.08233233233233239,0.9693693693693693,0.0003403403403403407,0.9159587621688843,0.026252275332808495,2.901170253753662,0.3961854875087738,0.0,0.375,0.5,0.125,
966,0.10197591036558151,0.060443297028541565,0.03978770226240158,0.7598516345024109,0.267678439617157,0.0813813813813814,0.0813813813813814,0.9702702702702702,0.000330330330330331,0.9114025831222534,0.031263839453458786,2.764113187789917,0.3917473256587982,0.0,0.5,0.375,0.125,
967,0.14826789498329163,0.08570709079504013,0.061498723924160004,0.7727162837982178,0.25874853134155273,0.08043043043043052,0.08043043043043052,0.9711711711711711,0.0003203203203203213,0.9227234721183777,0.028392422944307327,2.83884596824646,0.3987731635570526,0.125,0.125,0.75,0.0,
968,0.12227560579776764,0.07116779685020447,0.04954586923122406,0.7597029209136963,0.2709909677505493,0.07947947947947953,0.07947947947947953,0.9720720720720721,0.00031031031031030984,0.9110581278800964,0.030486129224300385,2.780099630355835,0.3894433379173279,0.125,0.125,0.75,0.0,
969,0.19485163688659668,0.10705716907978058,0.08724476397037506,0.7606507539749146,0.26792407035827637,0.07852852852852854,0.07852852852852854,0.972972972972973,0.0003003003003003001,0.9142538905143738,0.02949242852628231,2.804107904434204,0.3923114240169525,0.0,0.25,0.625,0.125,
970,0.148060142993927,0.07237106561660767,0.0748521238565445,0.7741281390190125,0.2567833364009857,0.07757757757757766,0.07757757757757766,0.9738738738738738,0.0002902902902902904,0.9257981777191162,0.0285295769572258,2.82745099067688,0.4013565480709076,0.0,0.25,0.75,0.0,
971,0.20041513442993164,0.11459240317344666,0.08516543358564377,0.7647848129272461,0.2591269314289093,0.07662662662662667,0.07662662662662667,0.9747747747747747,0.0002802802802802807,0.9196745753288269,0.025769399479031563,2.903522491455078,0.3992282748222351,0.0,0.0,0.875,0.125,
972,0.21275411546230316,0.11691436171531677,0.09544891119003296,0.7702381610870361,0.25043928623199463,0.07567567567567568,0.07567567567567568,0.9756756756756757,0.00027027027027026924,0.9261112213134766,0.025800097733736038,2.9008216857910156,0.4055745601654053,0.0,0.375,0.625,0.0,
973,0.16413557529449463,0.09232678264379501,0.07038336992263794,0.7193044424057007,0.2886841297149658,0.07472472472472469,0.07472472472472469,0.9765765765765766,0.00026026026026025953,0.8844830393791199,0.03708387166261673,2.641172170639038,0.3769472539424896,0.25,0.375,0.25,0.125,
974,0.2061830759048462,0.10157796740531921,0.1041506826877594,0.7479475736618042,0.2612987160682678,0.07377377377377381,0.07377377377377381,0.9774774774774775,0.0002502502502502498,0.9081306457519531,0.035988032817840576,2.658616781234741,0.39596760272979736,0.0,0.375,0.625,0.0,
975,0.1979178935289383,0.10577704012393951,0.09161227941513062,0.7834649085998535,0.2321164309978485,0.07282282282282293,0.07282282282282293,0.9783783783783784,0.0002402402402402401,0.9383926391601562,0.026353998109698296,2.8797502517700195,0.41950488090515137,0.0,0.0,0.875,0.125,
976,0.20484943687915802,0.12232156097888947,0.08133389800786972,0.733086109161377,0.2710493803024292,0.07187187187187194,0.07187187187187194,0.9792792792792793,0.00023023023023023038,0.8971959352493286,0.03120901808142662,2.758467197418213,0.3898650109767914,0.125,0.0,0.75,0.125,
977,0.19033120572566986,0.11149537563323975,0.0775851160287857,0.7401834726333618,0.26254379749298096,0.07092092092092095,0.07092092092092095,0.9801801801801803,0.00022022022022021893,0.902623176574707,0.03059125319123268,2.7738444805145264,0.39496803283691406,0.375,0.25,0.375,0.0,
978,0.24083015322685242,0.13842514157295227,0.1016063317656517,0.7456240653991699,0.2564226984977722,0.06996996996996996,0.06996996996996996,0.981081081081081,0.00021021021021020922,0.9082557559013367,0.03335464000701904,2.713003635406494,0.39999616146087646,0.0,0.375,0.5,0.125,
979,0.14998909831047058,0.08775670826435089,0.06063126027584076,0.7466821670532227,0.2544111907482147,0.06901901901901908,0.06901901901901908,0.9819819819819819,0.0002002002002001995,0.9056687355041504,0.027452798560261726,2.8386998176574707,0.3996119499206543,0.25,0.0,0.75,0.0,
980,0.19121193885803223,0.09257014095783234,0.09722130000591278,0.6998039484024048,0.2951567769050598,0.06806806806806809,0.06806806806806809,0.9828828828828828,0.0001901901901901898,0.8663727641105652,0.03707006946206093,2.6122028827667236,0.37228626012802124,0.25,0.375,0.375,0.0,0.07020381838083267
981,0.15714311599731445,0.0951966866850853,0.06008671224117279,0.7168735265731812,0.27049338817596436,0.06711711711711721,0.06711711711711721,0.9837837837837837,0.00018018018018018007,0.8782491683959961,0.04287640377879143,2.5081393718719482,0.3870704770088196,0.0,0.25,0.625,0.125,
982,0.17878928780555725,0.10001205652952194,0.07745327055454254,0.7540983557701111,0.23818668723106384,0.06616616616616611,0.06616616616616611,0.9846846846846847,0.00017017017017017036,0.9064900279045105,0.02908947318792343,2.767982244491577,0.412280410528183,0.25,0.125,0.5,0.125,
983,0.15465949475765228,0.09058235585689545,0.06208805739879608,0.7006645202636719,0.2771819531917572,0.06521521521521523,0.06521521521521523,0.9855855855855856,0.00016016016016016064,0.8626353740692139,0.048892684280872345,2.3979134559631348,0.3818523585796356,0.0,0.625,0.375,0.0,
984,0.24373434484004974,0.16206756234169006,0.0795968770980835,0.6716474294662476,0.3044677972793579,0.06426426426426435,0.06426426426426435,0.9864864864864865,0.00015015015015015093,0.8400339484214783,0.04873187467455864,2.4023795127868652,0.3650534152984619,0.0,0.5,0.5,0.0,
985,0.17886602878570557,0.11392690986394882,0.0629967749118805,0.71332186460495,0.2636924982070923,0.06331331331331336,0.06331331331331336,0.9873873873873874,0.00014014014014013948,0.8693076968193054,0.03505214303731918,2.6150810718536377,0.3922801911830902,0.125,0.125,0.625,0.125,
986,0.21742381155490875,0.1377735286951065,0.07806192338466644,0.7360557913780212,0.24068236351013184,0.06236236236236248,0.06236236236236248,0.9882882882882883,0.00013013013013012976,0.8861370086669922,0.033945232629776,2.634495973587036,0.40866774320602417,0.125,0.375,0.5,0.0,
987,0.21597887575626373,0.1340530812740326,0.08033283054828644,0.7408854365348816,0.2372429072856903,0.061411411411411376,0.061411411411411376,0.9891891891891892,0.00012012012012012005,0.88804030418396,0.03287668898701668,2.6542885303497314,0.4120193421840668,0.0,0.0,0.75,0.25,
988,0.17125388979911804,0.1110866442322731,0.05816097557544708,0.7270934581756592,0.25025680661201477,0.0604604604604605,0.0604604604604605,0.9900900900900901,0.00011011011011011033,0.8734263181686401,0.03637715056538582,2.57936692237854,0.40172380208969116,0.125,0.0,0.75,0.125,
989,0.24362801015377045,0.1271401047706604,0.11499205231666565,0.729023814201355,0.2458837479352951,0.059509509509509506,0.059509509509509506,0.990990990990991,0.00010010010010010062,0.8753718733787537,0.03632604703307152,2.5767312049865723,0.4050653874874115,0.0,0.5,0.375,0.125,
990,0.22838424146175385,0.13229170441627502,0.09444427490234375,0.7410871386528015,0.2347276210784912,0.05855855855855863,0.05855855855855863,0.9918918918918919,9.00900900900909e-05,0.884443461894989,0.031422536820173264,2.6841912269592285,0.4144764840602875,0.25,0.125,0.625,0.0,
991,0.19402486085891724,0.11368754506111145,0.07828465849161148,0.7174357175827026,0.2559429109096527,0.057607607607607636,0.057607607607607636,0.9927927927927928,8.008008008008119e-05,0.8631386160850525,0.03426244854927063,2.614784002304077,0.39841461181640625,0.25,0.25,0.375,0.125,
992,0.21701984107494354,0.12871526181697845,0.08631861209869385,0.7198284864425659,0.24798870086669922,0.056656656656656645,0.056656656656656645,0.9936936936936938,7.007007007006974e-05,0.8642797470092773,0.041414838284254074,2.4910831451416016,0.4022916257381439,0.375,0.125,0.5,0.0,
993,0.18088224530220032,0.10284373164176941,0.076109878718853,0.7461397051811218,0.22952353954315186,0.055705705705705766,0.055705705705705766,0.9945945945945946,6.0060060060060025e-05,0.8816094398498535,0.03026728890836239,2.699096441268921,0.4174741208553314,0.25,0.0,0.75,0.0,
994,0.22139060497283936,0.09773695468902588,0.12175410985946655,0.7283889651298523,0.2411523461341858,0.054754754754754775,0.054754754754754775,0.9954954954954955,5.005005005005031e-05,0.8697198629379272,0.03500698134303093,2.5988030433654785,0.4092954993247986,0.125,0.25,0.25,0.375,
995,0.25173673033714294,0.11915724724531174,0.13081002235412598,0.7544254660606384,0.22106245160102844,0.053803803803803896,0.053803803803803896,0.9963963963963963,4.0040040040040595e-05,0.8883126974105835,0.030850034207105637,2.68200945854187,0.4261883497238159,0.125,0.25,0.625,0.0,
996,0.20935282111167908,0.10171277821063995,0.1057513952255249,0.7577437162399292,0.21517163515090942,0.052852852852852905,0.052852852852852905,0.9972972972972972,3.003003003003088e-05,0.8877435922622681,0.033066410571336746,2.6347482204437256,0.42867740988731384,0.0,0.25,0.625,0.125,
997,0.20100511610507965,0.10642246156930923,0.09243626147508621,0.7396141886711121,0.22981348633766174,0.051901901901901915,0.051901901901901915,0.9981981981981982,2.002002002001943e-05,0.8733370304107666,0.039650626480579376,2.5192012786865234,0.4176146686077118,0.25,0.375,0.25,0.125,
998,0.2185162901878357,0.12377123534679413,0.09259511530399323,0.7472133040428162,0.22258806228637695,0.050950950950950924,0.050950950950950924,0.9990990990990991,1.0010010010009715e-05,0.8781746625900269,0.0305650532245636,2.694108009338379,0.4231746196746826,0.25,0.0,0.625,0.125,
999,0.30949482321739197,0.13325034081935883,0.17431285977363586,0.7812279462814331,0.1931639164686203,0.050000000000000044,0.050000000000000044,1.0,0.0,0.905261218547821,0.028733879327774048,2.7459359169006348,0.4475167989730835,0.125,0.25,0.5,0.125,0.13327161967754364
