run_id,weight_index,restart,seed,weight_dem,weight_road,weight_demand,iterations,best_scalar,stop
0,0,0,123,0.0,0.0,1.0,40,0.03164574644860406,
1,1,0,1123,0.0,0.01,0.99,40,0.01899517659592172,
2,2,0,2123,0.0,0.02,0.98,40,0.02364500535065424,
3,3,0,3123,0.0,0.03,0.97,40,0.019470610246436346,
4,4,0,4123,0.0,0.04,0.96,40,0.016624690146793155,
5,5,0,5123,0.0,0.05,0.95,40,0.014709201921404891,
6,6,0,6123,0.0,0.06,0.94,40,0.05506644660593905,
7,7,0,7123,0.0,0.07,0.93,40,0.12200878100440646,
8,8,0,8123,0.0,0.08,0.92,40,0.05221837419600102,
9,9,0,9123,0.0,0.09,0.91,40,0.0256424068689286,
10,10,0,10123,0.0,0.1,0.9,40,0.027729164303135313,
11,11,0,11123,0.0,0.11,0.89,40,0.029802852985416416,
12,12,0,12123,0.0,0.12,0.88,40,0.03824725141070041,
13,13,0,13123,0.0,0.13,0.87,40,0.029937004667452197,
14,14,0,14123,0.0,0.14,0.86,40,0.07924172848982072,
15,15,0,15123,0.0,0.15,0.85,40,0.03121238876236717,
16,16,0,16123,0.0,0.16,0.84,40,0.032061740308202746,
17,17,0,17123,0.0,0.17,0.83,40,0.1090369200070991,
18,18,0,18123,0.0,0.18,0.82,40,0.1157492042172418,
19,19,0,19123,0.0,0.19,0.81,40,0.04034097167162693,
20,20,0,20123,0.0,0.2,0.8,40,0.09521096484528649,
21,21,0,21123,0.0,0.21,0.79,40,0.0338785006784304,
22,22,0,22123,0.0,0.22,0.78,40,0.0727038398121028,
23,23,0,23123,0.0,0.23,0.77,40,0.07489144599600388,
24,24,0,24123,0.0,0.24,0.76,40,0.08019663047576674,
25,25,0,25123,0.0,0.25,0.75,40,0.046173829327328435,
26,26,0,26123,0.0,0.26,0.74,40,0.07752294271200992,
27,27,0,27123,0.0,0.27,0.73,40,0.06310564342342642,
28,28,0,28123,0.0,0.28,0.72,40,0.10370937226519883,
29,29,0,29123,0.0,0.29,0.71,40,0.05674902698169426,
30,30,0,30123,0.0,0.3,0.7,40,0.11955204609059668,
31,31,0,31123,0.0,0.31,0.69,40,0.06631310265708316,
32,32,0,32123,0.0,0.32,0.68,40,0.10067297459844322,
33,33,0,33123,0.0,0.33,0.67,40,0.08925825849786283,
34,34,0,34123,0.0,0.34,0.66,40,0.13925218705735914,
35,35,0,35123,0.0,0.35,0.65,40,0.08647458549498295,
36,36,0,36123,0.0,0.36,0.64,40,0.09123239972759388,
37,37,0,37123,0.0,0.37,0.63,40,0.09047784751871531,
38,38,0,38123,0.0,0.38,0.62,40,0.07770980531025946,
39,39,0,39123,0.0,0.39,0.61,40,0.12070627102284989,
40,40,0,40123,0.0,0.4,0.6,40,0.10001436384021466,
41,41,0,41123,0.0,0.41,0.59,40,0.10524795012359381,
42,42,0,42123,0.0,0.42,0.58,40,0.09872379691022717,
43,43,0,43123,0.0,0.43,0.57,40,0.09588807815942335,
44,44,0,44123,0.0,0.44,0.56,40,0.1083493734354198,
45,45,0,45123,0.0,0.45,0.55,40,0.09661450299251584,
46,46,0,46123,0.0,0.46,0.54,40,0.09749218927265894,
47,47,0,47123,0.0,0.47,0.53,40,0.08966394776021648,
48,48,0,48123,0.0,0.48,0.52,40,0.08253188080269838,
49,49,0,49123,0.0,0.49,0.51,40,0.12816661374297803,
50,50,0,50123,0.0,0.5,0.5,40,0.13163183065776785,
51,51,0,51123,0.0,0.51,0.49,40,0.08796929776640565,
52,52,0,52123,0.0,0.52,0.48,40,0.1514390127065687,
53,53,0,53123,0.0,0.53,0.47,40,0.14794423960261505,
54,54,0,54123,0.0,0.54,0.46,40,0.10317751833028505,
55,55,0,55123,0.0,0.55,0.45,40,0.24813464557180376,
56,56,0,56123,0.0,0.56,0.44,40,0.1273579975686427,
57,57,0,57123,0.0,0.57,0.43,40,0.13045622935554274,
58,58,0,58123,0.0,0.58,0.42,40,0.14307073327278952,
59,59,0,59123,0.0,0.59,0.41,40,0.1072576879943142,
60,60,0,60123,0.0,0.6,0.4,40,0.14014503552527735,
61,61,0,61123,0.0,0.61,0.39,40,0.17059480955155812,
62,62,0,62123,0.0,0.62,0.38,40,0.1560386665505314,
63,63,0,63123,0.0,0.63,0.37,40,0.1508187233976207,
64,64,0,64123,0.0,0.64,0.36,40,0.17016550067614367,
65,65,0,65123,0.0,0.65,0.35,40,0.11963955641464886,
66,66,0,66123,0.0,0.66,0.34,40,0.13252265520260983,
67,67,0,67123,0.0,0.67,0.33,40,0.15636664756055643,
68,68,0,68123,0.0,0.68,0.32,40,0.18177749380189884,
69,69,0,69123,0.0,0.69,0.31,40,0.1203007664187754,
70,70,0,70123,0.0,0.7,0.3,40,0.2148325507285133,
71,71,0,71123,0.0,0.71,0.29,40,0.16322157576584498,
72,72,0,72123,0.0,0.72,0.28,40,0.19117126151140387,
73,73,0,73123,0.0,0.73,0.27,40,0.18713194368130986,
74,74,0,74123,0.0,0.74,0.26,40,0.1393512379778551,
75,75,0,75123,0.0,0.75,0.25,40,0.17477571009311796,
76,76,0,76123,0.0,0.76,0.24,40,0.13022372824417003,
77,77,0,77123,0.0,0.77,0.23,40,0.17578079954500536,
78,78,0,78123,0.0,0.78,0.22,40,0.10866472034226095,
79,79,0,79123,0.0,0.79,0.21,40,0.10991620796613807,
80,80,0,80123,0.0,0.8,0.2,40,0.10666003594577954,
81,81,0,81123,0.0,0.81,0.19,40,0.24543260486627583,
82,82,0,82123,0.0,0.82,0.18,40,0.1723080384563335,
83,83,0,83123,0.0,0.83,0.17,40,0.12213581801596168,
84,84,0,84123,0.0,0.84,0.16,40,0.16301355303063245,
85,85,0,85123,0.0,0.85,0.15,40,0.13413317824534912,
86,86,0,86123,0.0,0.86,0.14,40,0.1567210894715455,
87,87,0,87123,0.0,0.87,0.13,40,0.14693538164992348,
88,88,0,88123,0.0,0.88,0.12,40,0.15942984697192097,
89,89,0,89123,0.0,0.89,0.11,40,0.16317456799520952,
90,90,0,90123,0.0,0.9,0.1,40,0.20724834066208833,
91,91,0,91123,0.0,0.91,0.09,40,0.15208457245604767,
92,92,0,92123,0.0,0.92,0.08,40,0.2593062394201836,
93,93,0,93123,0.0,0.93,0.07,40,0.19800438686206068,
94,94,0,94123,0.0,0.94,0.06,40,0.1481719678707393,
95,95,0,95123,0.0,0.95,0.05,40,0.1769036654148049,
96,96,0,96123,0.0,0.96,0.04,40,0.33795859971229864,
97,97,0,97123,0.0,0.97,0.03,40,0.42604306647952656,
98,98,0,98123,0.0,0.98,0.02,40,0.3436959191892107,
99,99,0,99123,0.0,0.99,0.01,40,0.2701206603214072,
100,100,0,100123,0.0,1.0,0.0,40,0.18883386366049756,
101,101,0,101123,0.01,0.0,0.99,40,0.08361635522563036,
102,102,0,102123,0.01,0.01,0.98,40,0.06704148303556132,
103,103,0,103123,0.01,0.02,0.97,40,0.028541365008141913,
104,104,0,104123,0.01,0.03,0.96,40,0.09579913993023915,
105,105,0,105123,0.01,0.04,0.95,40,0.012689946975251325,
106,106,0,106123,0.01,0.05,0.94,40,0.024606632032160885,
107,107,0,107123,0.01,0.06,0.93,40,0.01980581121730534,
108,108,0,108123,0.01,0.07,0.92,40,0.021967070927145442,
109,109,0,109123,0.01,0.08,0.91,40,0.11296662275747668,
110,110,0,110123,0.01,0.09,0.9,40,0.022941654496747333,
111,111,0,111123,0.01,0.1,0.89,40,0.05841333638660672,
112,112,0,112123,0.01,0.11,0.88,40,0.027593548989372257,
113,113,0,113123,0.01,0.12,0.87,40,0.03790454195973569,
114,114,0,114123,0.01,0.13,0.86,40,0.03888308389899962,
115,115,0,115123,0.01,0.14,0.85,40,0.030052552518265586,
116,116,0,116123,0.01,0.15,0.84,40,0.03380970596619464,
117,117,0,117123,0.01,0.16,0.83,40,0.03592555679689725,
118,118,0,118123,0.01,0.17,0.82,40,0.05555753082316895,
119,119,0,119123,0.01,0.18,0.81,40,0.044879888183881854,
120,120,0,120123,0.01,0.19,0.8,40,0.0535508301612953,
121,121,0,121123,0.01,0.2,0.79,40,0.07614656855382837,
122,122,0,122123,0.01,0.21,0.78,40,0.056109953533834085,
123,123,0,123123,0.01,0.22,0.77,40,0.0935477921502929,
124,124,0,124123,0.01,0.23,0.76,40,0.12977608508897026,
125,125,0,125123,0.01,0.24,0.75,40,0.04820903625366175,
126,126,0,126123,0.01,0.25,0.74,40,0.10677241144510546,
127,127,0,127123,0.01,0.26,0.73,40,0.07407494524089783,
128,128,0,128123,0.01,0.27,0.72,40,0.051709920997929495,
129,129,0,129123,0.01,0.28,0.71,40,0.056821063988373006,
130,130,0,130123,0.01,0.29,0.7,40,0.08255038865261513,
131,131,0,131123,0.01,0.3,0.69,40,0.08123526717182618,
132,132,0,132123,0.01,0.31,0.68,40,0.07098177649656288,
133,133,0,133123,0.01,0.32,0.67,40,0.14995013763836004,
134,134,0,134123,0.01,0.33,0.66,40,0.1025720347292233,
135,135,0,135123,0.01,0.34,0.65,40,0.06232817037655039,
136,136,0,136123,0.01,0.35,0.64,40,0.09071074457162057,
137,137,0,137123,0.01,0.36,0.63,40,0.10772491008700101,
138,138,0,138123,0.01,0.37,0.62,40,0.10875785116958137,
139,139,0,139123,0.01,0.38,0.61,40,0.08114867240726382,
140,140,0,140123,0.01,0.39,0.6,40,0.12521202116760727,
141,141,0,141123,0.01,0.4,0.59,40,0.10244154899944541,
142,142,0,142123,0.01,0.41,0.58,40,0.10394181268741412,
143,143,0,143123,0.01,0.42,0.57,40,0.06642003683504062,
144,144,0,144123,0.01,0.43,0.56,40,0.09320167724867805,
145,145,0,145123,0.01,0.44,0.55,40,0.10734230705370434,
146,146,0,146123,0.01,0.45,0.54,40,0.07161745608606655,
147,147,0,147123,0.01,0.46,0.53,40,0.11227724227958168,
148,148,0,148123,0.01,0.47,0.52,40,0.13218595443555967,
149,149,0,149123,0.01,0.48,0.51,40,0.11671160387070578,
150,150,0,150123,0.01,0.49,0.5,40,0.08903495192752006,
151,151,0,151123,0.01,0.5,0.49,40,0.09595181454276752,
152,152,0,152123,0.01,0.51,0.48,40,0.10060342835329909,
153,153,0,153123,0.01,0.52,0.47,40,0.08591363687209065,
154,154,0,154123,0.01,0.53,0.46,40,0.10141218555434806,
155,155,0,155123,0.01,0.54,0.45,40,0.10325895656436052,
156,156,0,156123,0.01,0.55,0.44,40,0.1409274914529193,
157,157,0,157123,0.01,0.56,0.43,40,0.10770447612551134,
158,158,0,158123,0.01,0.57,0.42,40,0.14082159271386235,
159,159,0,159123,0.01,0.58,0.41,40,0.2255855288514106,
160,160,0,160123,0.01,0.59,0.4,40,0.10398947302518878,
161,161,0,161123,0.01,0.6,0.39,40,0.08515479698109915,
162,162,0,162123,0.01,0.61,0.38,40,0.24190293615515115,
163,163,0,163123,0.01,0.62,0.37,40,0.21346186111599252,
164,164,0,164123,0.01,0.63,0.36,40,0.1179757110225073,
165,165,0,165123,0.01,0.64,0.35,40,0.13479271320332584,
166,166,0,166123,0.01,0.65,0.34,40,0.1650317355156193,
167,167,0,167123,0.01,0.66,0.33,40,0.1191169920394683,
168,168,0,168123,0.01,0.67,0.32,40,0.1425625242322395,
169,169,0,169123,0.01,0.68,0.31,40,0.12717406158687827,
170,170,0,170123,0.01,0.69,0.3,40,0.12012796897006951,
171,171,0,171123,0.01,0.7,0.29,40,0.0945022614853835,
172,172,0,172123,0.01,0.71,0.28,40,0.14728393320208696,
173,173,0,173123,0.01,0.72,0.27,40,0.12687838988662753,
174,174,0,174123,0.01,0.73,0.26,40,0.18207233150910088,
175,175,0,175123,0.01,0.74,0.25,40,0.17224556590910997,
176,176,0,176123,0.01,0.75,0.24,40,0.13890468112757517,
177,177,0,177123,0.01,0.76,0.23,40,0.21434846862846044,
178,178,0,178123,0.01,0.77,0.22,40,0.1730820010582181,
179,179,0,179123,0.01,0.78,0.21,40,0.30743392014759713,
180,180,0,180123,0.01,0.79,0.2,40,0.15189802721772183,
181,181,0,181123,0.01,0.8,0.19,40,0.2066577027398265,
182,182,0,182123,0.01,0.81,0.18,40,0.21996392435535492,
183,183,0,183123,0.01,0.82,0.17,40,0.17229168200455333,
184,184,0,184123,0.01,0.83,0.16,40,0.19353826893625384,
185,185,0,185123,0.01,0.84,0.15,40,0.2039207062863179,
186,186,0,186123,0.01,0.85,0.14,40,0.12420473561007832,
187,187,0,187123,0.01,0.86,0.13,40,0.13623594472889033,
188,188,0,188123,0.01,0.87,0.12,40,0.12873422111249086,
189,189,0,189123,0.01,0.88,0.11,40,0.13881384433533173,
190,190,0,190123,0.01,0.89,0.1,40,0.1591878054801868,
191,191,0,191123,0.01,0.9,0.09,40,0.13347791029082895,
192,192,0,192123,0.01,0.91,0.08,40,0.177621739511706,
193,193,0,193123,0.01,0.92,0.07,40,0.12289239404119019,
194,194,0,194123,0.01,0.93,0.06,40,0.183425726412188,
195,195,0,195123,0.01,0.94,0.05,40,0.17536373628831523,
196,196,0,196123,0.01,0.95,0.04,40,0.1458279686797198,
197,197,0,197123,0.01,0.96,0.03,40,0.17698899905656498,
198,198,0,198123,0.01,0.97,0.02,40,0.1991670126167712,
199,199,0,199123,0.01,0.98,0.01,40,0.17607298353963258,
200,200,0,200123,0.01,0.99,0.0,40,0.1560739142943989,
201,201,0,201123,0.02,0.0,0.98,40,0.018641258841898753,
202,202,0,202123,0.02,0.01,0.97,40,0.014269252438007958,
203,203,0,203123,0.02,0.02,0.96,40,0.17155834729817176,
204,204,0,204123,0.02,0.03,0.95,40,0.04021344327264243,
205,205,0,205123,0.02,0.04,0.94,40,0.14876559553216517,
206,206,0,206123,0.02,0.05,0.93,40,0.07348646845337405,
207,207,0,207123,0.02,0.06,0.92,40,0.08728339111984994,
208,208,0,208123,0.02,0.07,0.91,40,0.0207342857010001,
209,209,0,209123,0.02,0.08,0.9,40,0.022038876827114962,
210,210,0,210123,0.02,0.09,0.89,40,0.022719599452420927,
211,211,0,211123,0.02,0.1,0.88,40,0.0287976858511808,
212,212,0,212123,0.02,0.11,0.87,40,0.02567125877855564,
213,213,0,213123,0.02,0.12,0.86,40,0.040974524180605466,
214,214,0,214123,0.02,0.13,0.85,40,0.029010679929739817,
215,215,0,215123,0.02,0.14,0.84,40,0.04198087323574274,
216,216,0,216123,0.02,0.15,0.83,40,0.029495219897366604,
217,217,0,217123,0.02,0.16,0.82,40,0.031912746538143334,
218,218,0,218123,0.02,0.17,0.81,40,0.032330362918405284,
219,219,0,219123,0.02,0.18,0.8,40,0.03794936324604025,
220,220,0,220123,0.02,0.19,0.79,40,0.05187369040672567,
221,221,0,221123,0.02,0.2,0.78,40,0.13033194659758598,
222,222,0,222123,0.02,0.21,0.77,40,0.0428933514144733,
223,223,0,223123,0.02,0.22,0.76,40,0.046023541539669574,
224,224,0,224123,0.02,0.23,0.75,40,0.06771406813490399,
225,225,0,225123,0.02,0.24,0.74,40,0.10075216786560538,
226,226,0,226123,0.02,0.25,0.73,40,0.050351854980094424,
227,227,0,227123,0.02,0.26,0.72,40,0.09323250107127921,
228,228,0,228123,0.02,0.27,0.71,40,0.10773107628374805,
229,229,0,229123,0.02,0.28,0.7,40,0.09435017503260655,
230,230,0,230123,0.02,0.29,0.69,40,0.08285835169083185,
231,231,0,231123,0.02,0.3,0.68,40,0.05518537012782239,
232,232,0,232123,0.02,0.31,0.67,40,0.05747197990665868,
233,233,0,233123,0.02,0.32,0.66,40,0.11258131178512022,
234,234,0,234123,0.02,0.33,0.65,40,0.06613956401431996,
235,235,0,235123,0.02,0.34,0.64,40,0.1592054291459665,
236,236,0,236123,0.02,0.35,0.63,40,0.07276347779578916,
237,237,0,237123,0.02,0.36,0.62,40,0.09372766327125728,
238,238,0,238123,0.02,0.37,0.61,40,0.12827041011148516,
239,239,0,239123,0.02,0.38,0.6,40,0.0980557571448992,
240,240,0,240123,0.02,0.39,0.59,40,0.10680332242574979,
241,241,0,241123,0.02,0.4,0.58,40,0.212026985699912,
242,242,0,242123,0.02,0.41,0.57,40,0.1040735411556296,
243,243,0,243123,0.02,0.42,0.56,40,0.12751473323548604,
244,244,0,244123,0.02,0.43,0.55,40,0.07710155271712141,
245,245,0,245123,0.02,0.44,0.54,40,0.14896020966934354,
246,246,0,246123,0.02,0.45,0.53,40,0.09084520875006907,
247,247,0,247123,0.02,0.46,0.52,40,0.10566485275725065,
248,248,0,248123,0.02,0.47,0.51,40,0.09848076182632454,
249,249,0,249123,0.02,0.48,0.5,40,0.15629727331629845,
250,250,0,250123,0.02,0.49,0.49,40,0.1256699158909593,
251,251,0,251123,0.02,0.5,0.48,40,0.11088836532780477,
252,252,0,252123,0.02,0.51,0.47,40,0.09513732858536629,
253,253,0,253123,0.02,0.52,0.46,40,0.18734543357176936,
254,254,0,254123,0.02,0.53,0.45,40,0.10199682009740868,
255,255,0,255123,0.02,0.54,0.44,40,0.27283716116517326,
256,256,0,256123,0.02,0.55,0.43,40,0.1698284398111621,
257,257,0,257123,0.02,0.56,0.42,40,0.12458347270288972,
258,258,0,258123,0.02,0.57,0.41,40,0.12817991322842356,
259,259,0,259123,0.02,0.58,0.4,40,0.103166135900244,
260,260,0,260123,0.02,0.59,0.39,40,0.14072821691384066,
261,261,0,261123,0.02,0.6,0.38,40,0.10561654252715026,
262,262,0,262123,0.02,0.61,0.37,40,0.0968637050506863,
263,263,0,263123,0.02,0.62,0.36,40,0.18372602371381727,
264,264,0,264123,0.02,0.63,0.35,40,0.17993628200998815,
265,265,0,265123,0.02,0.64,0.34,40,0.08802587613329382,
266,266,0,266123,0.02,0.65,0.33,40,0.10335210755956231,
267,267,0,267123,0.02,0.66,0.32,40,0.1044511794572008,
268,268,0,268123,0.02,0.67,0.31,40,0.11291665646684758,
269,269,0,269123,0.02,0.68,0.3,40,0.20231065242075652,
270,270,0,270123,0.02,0.69,0.29,40,0.19289622356052863,
271,271,0,271123,0.02,0.7,0.28,40,0.15951862836161423,
272,272,0,272123,0.02,0.71,0.27,40,0.20031673013136334,
273,273,0,273123,0.02,0.72,0.26,40,0.10646176799253547,
274,274,0,274123,0.02,0.73,0.25,40,0.13029328329637943,
275,275,0,275123,0.02,0.74,0.24,40,0.2016473125079376,
276,276,0,276123,0.02,0.75,0.23,40,0.09874360422585707,
277,277,0,277123,0.02,0.76,0.22,40,0.22260820712405494,
278,278,0,278123,0.02,0.77,0.21,40,0.31746457735491285,
279,279,0,279123,0.02,0.78,0.2,40,0.18720270543128043,
280,280,0,280123,0.02,0.79,0.19,40,0.22858033644856818,
281,281,0,281123,0.02,0.8,0.18,40,0.17755807208692137,
282,282,0,282123,0.02,0.81,0.17,40,0.18673042808128396,
283,283,0,283123,0.02,0.82,0.16,40,0.10463654286094266,
284,284,0,284123,0.02,0.83,0.15,40,0.16863009054674477,
285,285,0,285123,0.02,0.84,0.14,40,0.20630658025473336,
286,286,0,286123,0.02,0.85,0.13,40,0.13385561594137033,
287,287,0,287123,0.02,0.86,0.12,40,0.1763061696272911,
288,288,0,288123,0.02,0.87,0.11,40,0.15622660949822134,
289,289,0,289123,0.02,0.88,0.1,40,0.20694672226590374,
290,290,0,290123,0.02,0.89,0.09,40,0.13076112019326908,
291,291,0,291123,0.02,0.9,0.08,40,0.15917402416238274,
292,292,0,292123,0.02,0.91,0.07,40,0.20544342506343896,
293,293,0,293123,0.02,0.92,0.06,40,0.13665573460564334,
294,294,0,294123,0.02,0.93,0.05,40,0.23965129210152045,
295,295,0,295123,0.02,0.94,0.04,40,0.1545163084612851,
296,296,0,296123,0.02,0.95,0.03,40,0.20310128167267535,
297,297,0,297123,0.02,0.96,0.02,40,0.20993986156917488,
298,298,0,298123,0.02,0.97,0.01,40,0.17932183814280764,
299,299,0,299123,0.02,0.98,0.0,40,0.20851333025610627,
300,300,0,300123,0.03,0.0,0.97,40,0.10321623681868879,
301,301,0,301123,0.03,0.01,0.96,40,0.04258856625856904,
302,302,0,302123,0.03,0.02,0.95,40,0.01949892642490288,
303,303,0,303123,0.03,0.03,0.94,40,0.09214952325760328,
304,304,0,304123,0.03,0.04,0.93,40,0.09580689537898318,
305,305,0,305123,0.03,0.05,0.92,40,0.0224119704748969,
306,306,0,306123,0.03,0.06,0.91,40,0.061495247512642785,
307,307,0,307123,0.03,0.07,0.9,40,0.02687629884426849,
308,308,0,308123,0.03,0.08,0.89,40,0.02238274671257759,
309,309,0,309123,0.03,0.09,0.88,40,0.026358063463192007,
310,310,0,310123,0.03,0.1,0.87,40,0.07896631637098175,
311,311,0,311123,0.03,0.11,0.86,40,0.0270454235458347,
312,312,0,312123,0.03,0.12,0.85,40,0.028831467718185073,
313,313,0,313123,0.03,0.13,0.84,40,0.03757426472087657,
314,314,0,314123,0.03,0.14,0.83,40,0.04195583956177913,
315,315,0,315123,0.03,0.15,0.82,40,0.0433874497133051,
316,316,0,316123,0.03,0.16,0.81,40,0.07956356560288359,
317,317,0,317123,0.03,0.17,0.8,40,0.03600859070610373,
318,318,0,318123,0.03,0.18,0.79,40,0.06629305391857555,
319,319,0,319123,0.03,0.19,0.78,40,0.07375316285814543,
320,320,0,320123,0.03,0.2,0.77,40,0.054151305072007244,
321,321,0,321123,0.03,0.21,0.76,40,0.04980056017875766,
322,322,0,322123,0.03,0.22,0.75,40,0.10730889706694394,
323,323,0,323123,0.03,0.23,0.74,40,0.10137451672500042,
324,324,0,324123,0.03,0.24,0.73,40,0.10168655795973995,
325,325,0,325123,0.03,0.25,0.72,40,0.5833555623462169,
326,326,0,326123,0.03,0.26,0.71,40,0.09568781182890636,
327,327,0,327123,0.03,0.27,0.7,40,0.13301261262168224,
328,328,0,328123,0.03,0.28,0.69,40,0.06928221600287261,
329,329,0,329123,0.03,0.29,0.68,40,0.07782295721886726,
330,330,0,330123,0.03,0.3,0.67,40,0.05824132577422957,
331,331,0,331123,0.03,0.31,0.66,40,0.1256756551876608,
332,332,0,332123,0.03,0.32,0.65,40,0.12947072511396251,
333,333,0,333123,0.03,0.33,0.64,40,0.11253683297484787,
334,334,0,334123,0.03,0.34,0.63,40,0.0846837846734213,
335,335,0,335123,0.03,0.35,0.62,40,0.05717341931336557,
336,336,0,336123,0.03,0.36,0.61,40,0.12269599128797254,
337,337,0,337123,0.03,0.37,0.6,40,0.09265045307789883,
338,338,0,338123,0.03,0.38,0.59,40,0.09432008310718219,
339,339,0,339123,0.03,0.39,0.58,40,0.13136242055563985,
340,340,0,340123,0.03,0.4,0.57,40,0.10670627901324725,
341,341,0,341123,0.03,0.41,0.56,40,0.090803106701371,
342,342,0,342123,0.03,0.42,0.55,40,0.08457240946286354,
343,343,0,343123,0.03,0.43,0.54,40,0.09081050536530459,
344,344,0,344123,0.03,0.44,0.53,40,0.10078498645209034,
345,345,0,345123,0.03,0.45,0.52,40,0.07811732625926363,
346,346,0,346123,0.03,0.46,0.51,40,0.071836629777473,
347,347,0,347123,0.03,0.47,0.5,40,0.09423785035505486,
348,348,0,348123,0.03,0.48,0.49,40,0.11577472072989768,
349,349,0,349123,0.03,0.49,0.48,40,0.10400019371828165,
350,350,0,350123,0.03,0.5,0.47,40,0.1407131764435817,
351,351,0,351123,0.03,0.51,0.46,40,0.12025643996479377,
352,352,0,352123,0.03,0.52,0.45,40,0.24154649638706574,
353,353,0,353123,0.03,0.53,0.44,40,0.09692750937845626,
354,354,0,354123,0.03,0.54,0.43,40,0.10208935571495613,
355,355,0,355123,0.03,0.55,0.42,40,0.11268363818568258,
356,356,0,356123,0.03,0.56,0.41,40,0.1307897458695132,
357,357,0,357123,0.03,0.57,0.4,40,0.08762144411227735,
358,358,0,358123,0.03,0.58,0.39,40,0.09381792265644257,
359,359,0,359123,0.03,0.59,0.38,40,0.15405125429060712,
360,360,0,360123,0.03,0.6,0.37,40,0.12731868984067304,
361,361,0,361123,0.03,0.61,0.36,40,0.23428170532458706,
362,362,0,362123,0.03,0.62,0.35,40,0.11001267000501562,
363,363,0,363123,0.03,0.63,0.34,40,0.13915782754451728,
364,364,0,364123,0.03,0.64,0.33,40,0.19317424484016688,
365,365,0,365123,0.03,0.65,0.32,40,0.12473616900519002,
366,366,0,366123,0.03,0.66,0.31,40,0.13481518401487272,
367,367,0,367123,0.03,0.67,0.3,40,0.15281301338028644,
368,368,0,368123,0.03,0.68,0.29,40,0.1276237652731142,
369,369,0,369123,0.03,0.69,0.28,40,0.16441750577019282,
370,370,0,370123,0.03,0.7,0.27,40,0.211084213453558,
371,371,0,371123,0.03,0.71,0.26,40,0.164632637789467,
372,372,0,372123,0.03,0.72,0.25,40,0.15344086902235524,
373,373,0,373123,0.03,0.73,0.24,40,0.2014359259933605,
374,374,0,374123,0.03,0.74,0.23,40,0.10522046360929502,
375,375,0,375123,0.03,0.75,0.22,40,0.23261730829307498,
376,376,0,376123,0.03,0.76,0.21,40,0.2321285050176762,
377,377,0,377123,0.03,0.77,0.2,40,0.14466887569135092,
378,378,0,378123,0.03,0.78,0.19,40,0.21583071942313214,
379,379,0,379123,0.03,0.79,0.18,40,0.12820029729641125,
380,380,0,380123,0.03,0.8,0.17,40,0.1468475358293989,
381,381,0,381123,0.03,0.81,0.16,40,0.18878403362517338,
382,382,0,382123,0.03,0.82,0.15,40,0.1254282619227784,
383,383,0,383123,0.03,0.83,0.14,40,0.17873142505927803,
384,384,0,384123,0.03,0.84,0.13,40,0.1292225344165129,
385,385,0,385123,0.03,0.85,0.12,40,0.12503067386631256,
386,386,0,386123,0.03,0.86,0.11,40,0.20199852131346271,
387,387,0,387123,0.03,0.87,0.1,40,0.11856275002973328,
388,388,0,388123,0.03,0.88,0.09,40,0.14694634725463326,
389,389,0,389123,0.03,0.89,0.08,40,0.12954976059268977,
390,390,0,390123,0.03,0.9,0.07,40,0.12119650985385245,
391,391,0,391123,0.03,0.91,0.06,40,0.13367857269782435,
392,392,0,392123,0.03,0.92,0.05,40,0.2180629810886121,
393,393,0,393123,0.03,0.93,0.04,40,0.0653771304976673,
394,394,0,394123,0.03,0.94,0.03,40,0.17697571453952546,
395,395,0,395123,0.03,0.95,0.02,40,0.16220884326386883,
396,396,0,396123,0.03,0.96,0.01,40,0.15442235537251728,
397,397,0,397123,0.03,0.97,0.0,40,0.20122721026107418,
398,398,0,398123,0.04,0.0,0.96,40,0.03729889860081594,
399,399,0,399123,0.04,0.01,0.95,40,0.08324339971764871,
400,400,0,400123,0.04,0.02,0.94,40,0.010945438421601481,
401,401,0,401123,0.04,0.03,0.93,40,0.048698861036416186,
402,402,0,402123,0.04,0.04,0.92,40,0.11029803760810183,
403,403,0,403123,0.04,0.05,0.91,40,0.013700440648376676,
404,404,0,404123,0.04,0.06,0.9,40,0.02113149495260374,
405,405,0,405123,0.04,0.07,0.89,40,0.038560957818530764,
406,406,0,406123,0.04,0.08,0.88,40,0.02420656329364015,
407,407,0,407123,0.04,0.09,0.87,40,0.10931133651011148,
408,408,0,408123,0.04,0.1,0.86,40,0.02947650938971249,
409,409,0,409123,0.04,0.11,0.85,40,0.024217830638812915,
410,410,0,410123,0.04,0.12,0.84,40,0.03711977484329644,
411,411,0,411123,0.04,0.13,0.83,40,0.043033597646494844,
412,412,0,412123,0.04,0.14,0.82,40,0.041870685406974376,
413,413,0,413123,0.04,0.15,0.81,40,0.11864653209988457,
414,414,0,414123,0.04,0.16,0.8,40,0.03326591697342533,
415,415,0,415123,0.04,0.17,0.79,40,0.04469588163613451,
416,416,0,416123,0.04,0.18,0.78,40,0.03841757175881829,
417,417,0,417123,0.04,0.19,0.77,40,0.03552139192704798,
418,418,0,418123,0.04,0.2,0.76,40,0.05079904514720127,
419,419,0,419123,0.04,0.21,0.75,40,0.043038439110078985,
420,420,0,420123,0.04,0.22,0.74,40,0.17649741755557977,
421,421,0,421123,0.04,0.23,0.73,40,0.05254163186071611,
422,422,0,422123,0.04,0.24,0.72,40,0.04913363045753876,
423,423,0,423123,0.04,0.25,0.71,40,0.04999736506292642,
424,424,0,424123,0.04,0.26,0.7,40,0.0936017491932358,
425,425,0,425123,0.04,0.27,0.69,40,0.05169806429291622,
426,426,0,426123,0.04,0.28,0.68,40,0.08527438968286437,
427,427,0,427123,0.04,0.29,0.67,40,0.08429421292677641,
428,428,0,428123,0.04,0.3,0.66,40,0.07970286127967646,
429,429,0,429123,0.04,0.31,0.65,40,0.11016660132646357,
430,430,0,430123,0.04,0.32,0.64,40,0.10862600648249027,
431,431,0,431123,0.04,0.33,0.63,40,0.09778597847275447,
432,432,0,432123,0.04,0.34,0.62,40,0.10985147307731198,
433,433,0,433123,0.04,0.35,0.61,40,0.10608930836302194,
434,434,0,434123,0.04,0.36,0.6,40,0.08245652070132573,
435,435,0,435123,0.04,0.37,0.59,40,0.0807714939251449,
436,436,0,436123,0.04,0.38,0.58,40,0.10021180401602808,
437,437,0,437123,0.04,0.39,0.57,40,0.10249338418117188,
438,438,0,438123,0.04,0.4,0.56,40,0.09779436425963796,
439,439,0,439123,0.04,0.41,0.55,40,0.11733728214736226,
440,440,0,440123,0.04,0.42,0.54,40,0.09904748217486484,
441,441,0,441123,0.04,0.43,0.53,40,0.09272793542921387,
442,442,0,442123,0.04,0.44,0.52,40,0.09191930597754695,
443,443,0,443123,0.04,0.45,0.51,40,0.09783140825028555,
444,444,0,444123,0.04,0.46,0.5,40,0.1398362187522626,
445,445,0,445123,0.04,0.47,0.49,40,0.16778638459814532,
446,446,0,446123,0.04,0.48,0.48,40,0.11507901213214401,
447,447,0,447123,0.04,0.49,0.47,40,0.14267450802608747,
448,448,0,448123,0.04,0.5,0.46,40,0.12089714235847454,
449,449,0,449123,0.04,0.51,0.45,40,0.09165606973818168,
450,450,0,450123,0.04,0.52,0.44,40,0.12795110142194147,
451,451,0,451123,0.04,0.53,0.43,40,0.32913261063460814,
452,452,0,452123,0.04,0.54,0.42,40,0.09516483885210268,
453,453,0,453123,0.04,0.55,0.41,40,0.12018197338949328,
454,454,0,454123,0.04,0.56,0.4,40,0.1718668076254842,
455,455,0,455123,0.04,0.57,0.39,40,0.11239767788889636,
456,456,0,456123,0.04,0.58,0.38,40,0.13512402088685319,
457,457,0,457123,0.04,0.59,0.37,40,0.13264061181783504,
458,458,0,458123,0.04,0.6,0.36,40,0.22947741936456825,
459,459,0,459123,0.04,0.61,0.35,40,0.14477391762724523,
460,460,0,460123,0.04,0.62,0.34,40,0.14259949735972463,
461,461,0,461123,0.04,0.63,0.33,40,0.1585591125044566,
462,462,0,462123,0.04,0.64,0.32,40,0.15008515633462222,
463,463,0,463123,0.04,0.65,0.31,40,0.15875611644496737,
464,464,0,464123,0.04,0.66,0.3,40,0.15975348811459045,
465,465,0,465123,0.04,0.67,0.29,40,0.132759519044173,
466,466,0,466123,0.04,0.68,0.28,40,0.1092948717080972,
467,467,0,467123,0.04,0.69,0.27,40,0.20787381246522754,
468,468,0,468123,0.04,0.7,0.26,40,0.14534058605956457,
469,469,0,469123,0.04,0.71,0.25,40,0.18142527721638846,
470,470,0,470123,0.04,0.72,0.24,40,0.14072262489833393,
471,471,0,471123,0.04,0.73,0.23,40,0.17243025033396955,
472,472,0,472123,0.04,0.74,0.22,40,0.09695344253235769,
473,473,0,473123,0.04,0.75,0.21,40,0.15288791023183784,
474,474,0,474123,0.04,0.76,0.2,40,0.19397938637454895,
475,475,0,475123,0.04,0.77,0.19,40,0.18073816007251783,
476,476,0,476123,0.04,0.78,0.18,40,0.2633368592450594,
477,477,0,477123,0.04,0.79,0.17,40,0.20268544366892868,
478,478,0,478123,0.04,0.8,0.16,40,0.14627900242390213,
479,479,0,479123,0.04,0.81,0.15,40,0.13971185910100015,
480,480,0,480123,0.04,0.82,0.14,40,0.1625052988747627,
481,481,0,481123,0.04,0.83,0.13,40,0.15916433798772436,
482,482,0,482123,0.04,0.84,0.12,40,0.1973226857267384,
483,483,0,483123,0.04,0.85,0.11,40,0.19658820814972292,
484,484,0,484123,0.04,0.86,0.1,40,0.23235446866400764,
485,485,0,485123,0.04,0.87,0.09,40,0.1837219305435867,
486,486,0,486123,0.04,0.88,0.08,40,0.173904267133819,
487,487,0,487123,0.04,0.89,0.07,40,0.14192555084380104,
488,488,0,488123,0.04,0.9,0.06,40,0.2226950458814701,
489,489,0,489123,0.04,0.91,0.05,40,0.16044360392050006,
490,490,0,490123,0.04,0.92,0.04,40,0.1669059778498974,
491,491,0,491123,0.04,0.93,0.03,40,0.22481048878881657,
492,492,0,492123,0.04,0.94,0.02,40,0.15570373921771705,
493,493,0,493123,0.04,0.95,0.01,40,0.12178021260334358,
494,494,0,494123,0.04,0.96,0.0,40,0.15136613773399885,
495,495,0,495123,0.05,0.0,0.95,40,0.03138696998730678,
496,496,0,496123,0.05,0.01,0.94,40,0.021417816037780407,
497,497,0,497123,0.05,0.02,0.93,40,0.02686973811694879,
498,498,0,498123,0.05,0.03,0.92,40,0.05998020438862177,
499,499,0,499123,0.05,0.04,0.91,40,0.016032024250111,
500,500,0,500123,0.05,0.05,0.9,40,0.03853535330752948,
501,501,0,501123,0.05,0.06,0.89,40,0.08063697128364297,
502,502,0,502123,0.05,0.07,0.88,40,0.020338969185613797,
503,503,0,503123,0.05,0.08,0.87,40,0.024246414932498697,
504,504,0,504123,0.05,0.09,0.86,40,0.06481213089605532,
505,505,0,505123,0.05,0.1,0.85,40,0.023329063174497556,
506,506,0,506123,0.05,0.11,0.84,40,0.03996487775355443,
507,507,0,507123,0.05,0.12,0.83,40,0.02673020390667514,
508,508,0,508123,0.05,0.13,0.82,40,0.03150640037161962,
509,509,0,509123,0.05,0.14,0.81,40,0.03888870065995365,
510,510,0,510123,0.05,0.15,0.8,40,0.09495862229969856,
511,511,0,511123,0.05,0.16,0.79,40,0.030774146495114035,
512,512,0,512123,0.05,0.17,0.78,40,0.03500025141993748,
513,513,0,513123,0.05,0.18,0.77,40,0.0336269775122486,
514,514,0,514123,0.05,0.19,0.76,40,0.0358174431995711,
515,515,0,515123,0.05,0.2,0.75,40,0.08107690052258112,
516,516,0,516123,0.05,0.21,0.74,40,0.12562041583979683,
517,517,0,517123,0.05,0.22,0.73,40,0.09434770513378038,
518,518,0,518123,0.05,0.23,0.72,40,0.07663442824017051,
519,519,0,519123,0.05,0.24,0.71,40,0.05361823564827775,
520,520,0,520123,0.05,0.25,0.7,40,0.09774767882905766,
521,521,0,521123,0.05,0.26,0.69,40,0.110830284151395,
522,522,0,522123,0.05,0.27,0.68,40,0.09309374240365344,
523,523,0,523123,0.05,0.28,0.67,40,0.07782417914763957,
524,524,0,524123,0.05,0.29,0.66,40,0.07036080849517418,
525,525,0,525123,0.05,0.3,0.65,40,0.06830040108883995,
526,526,0,526123,0.05,0.31,0.64,40,0.05231769539707307,
527,527,0,527123,0.05,0.32,0.63,40,0.06643440101280844,
528,528,0,528123,0.05,0.33,0.62,40,0.09596903601970849,
529,529,0,529123,0.05,0.34,0.61,40,0.0864864564620683,
530,530,0,530123,0.05,0.35,0.6,40,0.11790427953827297,
531,531,0,531123,0.05,0.36,0.59,40,0.10038764287384992,
532,532,0,532123,0.05,0.37,0.58,40,0.08814485351769537,
533,533,0,533123,0.05,0.38,0.57,40,0.06731229934873897,
534,534,0,534123,0.05,0.39,0.56,40,0.08731929455416233,
535,535,0,535123,0.05,0.4,0.55,40,0.09086401647440756,
536,536,0,536123,0.05,0.41,0.54,40,0.10697772244048348,
537,537,0,537123,0.05,0.42,0.53,40,0.10354900523768394,
538,538,0,538123,0.05,0.43,0.52,40,0.08885987685971335,
539,539,0,539123,0.05,0.44,0.51,40,0.10801226718454388,
540,540,0,540123,0.05,0.45,0.5,40,0.10868396112041631,
541,541,0,541123,0.05,0.46,0.49,40,0.09572120356832212,
542,542,0,542123,0.05,0.47,0.48,40,0.11526229793400755,
543,543,0,543123,0.05,0.48,0.47,40,0.09252597740496274,
544,544,0,544123,0.05,0.49,0.46,40,0.11334763067684833,
545,545,0,545123,0.05,0.5,0.45,40,0.12204482676501488,
546,546,0,546123,0.05,0.51,0.44,40,0.14522425037429343,
547,547,0,547123,0.05,0.52,0.43,40,0.10562439945443111,
548,548,0,548123,0.05,0.53,0.42,40,0.11699219217602555,
549,549,0,549123,0.05,0.54,0.41,40,0.13264414664932372,
550,550,0,550123,0.05,0.55,0.4,40,0.08419798773631912,
551,551,0,551123,0.05,0.56,0.39,40,0.1456489844531274,
552,552,0,552123,0.05,0.57,0.38,40,0.16090217907360785,
553,553,0,553123,0.05,0.58,0.37,40,0.12021426948318883,
554,554,0,554123,0.05,0.59,0.36,40,0.1054811807261461,
555,555,0,555123,0.05,0.6,0.35,40,0.16651390466620797,
556,556,0,556123,0.05,0.61,0.34,40,0.21632880538231272,
557,557,0,557123,0.05,0.62,0.33,40,0.15724975982535855,
558,558,0,558123,0.05,0.63,0.32,40,0.13037254575649523,
559,559,0,559123,0.05,0.64,0.31,40,0.11142785962670795,
560,560,0,560123,0.05,0.65,0.3,40,0.10690932472638484,
561,561,0,561123,0.05,0.66,0.29,40,0.09993378205965596,
562,562,0,562123,0.05,0.67,0.28,40,0.10340411277390803,
563,563,0,563123,0.05,0.68,0.27,40,0.1567800617096608,
564,564,0,564123,0.05,0.69,0.26,40,0.36327626127893514,
565,565,0,565123,0.05,0.7,0.25,40,0.20052543233558098,
566,566,0,566123,0.05,0.71,0.24,40,0.11216874955714176,
567,567,0,567123,0.05,0.72,0.23,40,0.11554161262397243,
568,568,0,568123,0.05,0.73,0.22,40,0.1383006164159844,
569,569,0,569123,0.05,0.74,0.21,40,0.169684385155242,
570,570,0,570123,0.05,0.75,0.2,40,0.1504258038995486,
571,571,0,571123,0.05,0.76,0.19,40,0.1312660081712841,
572,572,0,572123,0.05,0.77,0.18,40,0.18009514907388688,
573,573,0,573123,0.05,0.78,0.17,40,0.15415226781600463,
574,574,0,574123,0.05,0.79,0.16,40,0.1768012418166779,
575,575,0,575123,0.05,0.8,0.15,40,0.13498994454321145,
576,576,0,576123,0.05,0.81,0.14,40,0.12870203961172902,
577,577,0,577123,0.05,0.82,0.13,40,0.16067016238346696,
578,578,0,578123,0.05,0.83,0.12,40,0.15757165120422323,
579,579,0,579123,0.05,0.84,0.11,40,0.164811399211509,
580,580,0,580123,0.05,0.85,0.1,40,0.15049374418494416,
581,581,0,581123,0.05,0.86,0.09,40,0.16094004023850908,
582,582,0,582123,0.05,0.87,0.08,40,0.16111167639855556,
583,583,0,583123,0.05,0.88,0.07,40,0.21519269727674223,
584,584,0,584123,0.05,0.89,0.06,40,0.2179394179946923,
585,585,0,585123,0.05,0.9,0.05,40,0.1552839067619465,
586,586,0,586123,0.05,0.91,0.04,40,0.14010668770937096,
587,587,0,587123,0.05,0.92,0.03,40,0.14197730949249124,
588,588,0,588123,0.05,0.93,0.02,40,0.20699243035048726,
589,589,0,589123,0.05,0.94,0.01,40,0.26305034352243134,
590,590,0,590123,0.05,0.95,0.0,40,0.24818580287021938,
591,591,0,591123,0.06,0.0,0.94,40,0.12683128118521958,
592,592,0,592123,0.06,0.01,0.93,40,0.07964980067312989,
593,593,0,593123,0.06,0.02,0.92,40,0.03385116675975056,
594,594,0,594123,0.06,0.03,0.91,40,0.1183915801338693,
595,595,0,595123,0.06,0.04,0.9,40,0.014634794300520825,
596,596,0,596123,0.06,0.05,0.89,40,0.02200152438632936,
597,597,0,597123,0.06,0.06,0.88,40,0.015649557305702756,
598,598,0,598123,0.06,0.07,0.87,40,0.027441731276139372,
599,599,0,599123,0.06,0.08,0.86,40,0.040114715046027004,
600,600,0,600123,0.06,0.09,0.85,40,0.08826645309631921,
601,601,0,601123,0.06,0.1,0.84,40,0.13597293023814316,
602,602,0,602123,0.06,0.11,0.83,40,0.03562243162939043,
603,603,0,603123,0.06,0.12,0.82,40,0.027375868636803496,
604,604,0,604123,0.06,0.13,0.81,40,0.026859632329151353,
605,605,0,605123,0.06,0.14,0.8,40,0.055966052247079325,
606,606,0,606123,0.06,0.15,0.79,40,0.03379491720399908,
607,607,0,607123,0.06,0.16,0.78,40,0.03644121750877343,
608,608,0,608123,0.06,0.17,0.77,40,0.06539169959501401,
609,609,0,609123,0.06,0.18,0.76,40,0.10514094417563587,
610,610,0,610123,0.06,0.19,0.75,40,0.04645541722558934,
611,611,0,611123,0.06,0.2,0.74,40,0.06709324903186041,
612,612,0,612123,0.06,0.21,0.73,40,0.08908850255200512,
613,613,0,613123,0.06,0.22,0.72,40,0.09833401894327375,
614,614,0,614123,0.06,0.23,0.71,40,0.04259280908475744,
615,615,0,615123,0.06,0.24,0.7,40,0.08880863729161913,
616,616,0,616123,0.06,0.25,0.69,40,0.04200132904298012,
617,617,0,617123,0.06,0.26,0.68,40,0.05370549247891514,
618,618,0,618123,0.06,0.27,0.67,40,0.07168243739846752,
619,619,0,619123,0.06,0.28,0.66,40,0.0975942340756217,
620,620,0,620123,0.06,0.29,0.65,40,0.0839196831678426,
621,621,0,621123,0.06,0.3,0.64,40,0.07276274990708971,
622,622,0,622123,0.06,0.31,0.63,40,0.0835473128055252,
623,623,0,623123,0.06,0.32,0.62,40,0.0928960250169392,
624,624,0,624123,0.06,0.33,0.61,40,0.07805980993884748,
625,625,0,625123,0.06,0.34,0.6,40,0.09564744466093336,
626,626,0,626123,0.06,0.35,0.59,40,0.10156162472378531,
627,627,0,627123,0.06,0.36,0.58,40,0.09588381463812919,
628,628,0,628123,0.06,0.37,0.57,40,0.09858150102365673,
629,629,0,629123,0.06,0.38,0.56,40,0.09348513835747875,
630,630,0,630123,0.06,0.39,0.55,40,0.09631199028151913,
631,631,0,631123,0.06,0.4,0.54,40,0.10705946293230534,
632,632,0,632123,0.06,0.41,0.53,40,0.08373772733074207,
633,633,0,633123,0.06,0.42,0.52,40,0.12502606683548897,
634,634,0,634123,0.06,0.43,0.51,40,0.11910302048583064,
635,635,0,635123,0.06,0.44,0.5,40,0.09034991074352247,
636,636,0,636123,0.06,0.45,0.49,40,0.0961146907775524,
637,637,0,637123,0.06,0.46,0.48,40,0.10475543131348714,
638,638,0,638123,0.06,0.47,0.47,40,0.09110940029607864,
639,639,0,639123,0.06,0.48,0.46,40,0.11887535006935376,
640,640,0,640123,0.06,0.49,0.45,40,0.10723813652227027,
641,641,0,641123,0.06,0.5,0.44,40,0.08766311343051082,
642,642,0,642123,0.06,0.51,0.43,40,0.10215700807753099,
643,643,0,643123,0.06,0.52,0.42,40,0.07268963432012185,
644,644,0,644123,0.06,0.53,0.41,40,0.1354719850676129,
645,645,0,645123,0.06,0.54,0.4,40,0.1313773538311302,
646,646,0,646123,0.06,0.55,0.39,40,0.0919689776096501,
647,647,0,647123,0.06,0.56,0.38,40,0.1306183410721493,
648,648,0,648123,0.05999999999999999,0.57,0.37,40,0.1754716357759236,
649,649,0,649123,0.05999999999999999,0.58,0.36,40,0.12787771961999414,
650,650,0,650123,0.05999999999999999,0.59,0.35,40,0.12892838146480065,
651,651,0,651123,0.06,0.6,0.34,40,0.11488431805557797,
652,652,0,652123,0.06,0.61,0.33,40,0.1736646442921746,
653,653,0,653123,0.06,0.62,0.32,40,0.2172654557885617,
654,654,0,654123,0.06,0.63,0.31,40,0.12096926619748444,
655,655,0,655123,0.06,0.64,0.3,40,0.09813867660189633,
656,656,0,656123,0.06,0.65,0.29,40,0.2974740639365275,
657,657,0,657123,0.06,0.66,0.28,40,0.2186122635250553,
658,658,0,658123,0.06,0.67,0.27,40,0.1696255567785911,
659,659,0,659123,0.06,0.68,0.26,40,0.18850938543317924,
660,660,0,660123,0.06,0.69,0.25,40,0.16924814908274585,
661,661,0,661123,0.06,0.7,0.24,40,0.20236439323599034,
662,662,0,662123,0.06,0.71,0.23,40,0.10304573170224529,
663,663,0,663123,0.06,0.72,0.22,40,0.20848383336002124,
664,664,0,664123,0.06,0.73,0.21,40,0.14776877027237095,
665,665,0,665123,0.06,0.74,0.2,40,0.16064299283946823,
666,666,0,666123,0.06,0.75,0.19,40,0.27009435855836866,
667,667,0,667123,0.06,0.76,0.18,40,0.12393615603157634,
668,668,0,668123,0.06,0.77,0.17,40,0.22286510380919303,
669,669,0,669123,0.06,0.78,0.16,40,0.13160989093091072,
670,670,0,670123,0.06,0.79,0.15,40,0.14430788115585244,
671,671,0,671123,0.06,0.8,0.14,40,0.15143940247834228,
672,672,0,672123,0.06,0.81,0.13,40,0.14563006526665273,
673,673,0,673123,0.05999999999999999,0.8199999999999998,0.11999999999999998,40,0.18493243497043899,
674,674,0,674123,0.05999999999999999,0.8299999999999998,0.10999999999999999,40,0.15353801217301355,
675,675,0,675123,0.05999999999999999,0.8399999999999999,0.09999999999999999,40,0.13201734027363468,
676,676,0,676123,0.05999999999999999,0.8499999999999999,0.09,40,0.11931123663769162,
677,677,0,677123,0.05999999999999999,0.8599999999999999,0.08,40,0.1678282365922408,
678,678,0,678123,0.06,0.87,0.07,40,0.23921423906657835,
679,679,0,679123,0.06,0.88,0.06,40,0.18242022173632552,
680,680,0,680123,0.06,0.89,0.05,40,0.2641443107748174,
681,681,0,681123,0.06,0.9,0.04,40,0.13296282013596694,
682,682,0,682123,0.06,0.91,0.03,40,0.1889291343536163,
683,683,0,683123,0.06,0.92,0.02,40,0.17333533947066856,
684,684,0,684123,0.06,0.93,0.01,40,0.1864337417749495,
685,685,0,685123,0.06,0.94,0.0,40,0.16178644459625072,
686,686,0,686123,0.07,0.0,0.93,40,0.03173647086902267,
687,687,0,687123,0.07,0.01,0.92,40,0.02678410876265535,
688,688,0,688123,0.07,0.02,0.91,40,0.012578770937163794,
689,689,0,689123,0.07,0.03,0.9,40,0.06247856020683376,
690,690,0,690123,0.07,0.04,0.89,40,0.08862908178549575,
691,691,0,691123,0.07,0.05,0.88,40,0.014359342979696056,
692,692,0,692123,0.07,0.06,0.87,40,0.022464436457559717,
693,693,0,693123,0.07,0.07,0.86,40,0.124203470600654,
694,694,0,694123,0.07,0.08,0.85,40,0.04456634332437934,
695,695,0,695123,0.07,0.09,0.84,40,0.021971907227204893,
696,696,0,696123,0.07,0.1,0.83,40,0.056132666691844905,
697,697,0,697123,0.07,0.11,0.82,40,0.07900138365032544,
698,698,0,698123,0.07,0.12,0.81,40,0.02641411524053195,
699,699,0,699123,0.07,0.13,0.8,40,0.0692043407328321,
700,700,0,700123,0.07,0.14,0.79,40,0.05352082333994968,
701,701,0,701123,0.07,0.15,0.78,40,0.06418306154913529,
702,702,0,702123,0.07,0.16,0.77,40,0.03114022452894462,
703,703,0,703123,0.07,0.17,0.76,40,0.062235376234479785,
704,704,0,704123,0.07,0.18,0.75,40,0.07026429236786554,
705,705,0,705123,0.07,0.19,0.74,40,0.11179656280573741,
706,706,0,706123,0.07,0.2,0.73,40,0.09865761746276401,
707,707,0,707123,0.07,0.21,0.72,40,0.05596717042217454,
708,708,0,708123,0.07,0.22,0.71,40,0.04142411017392534,
709,709,0,709123,0.07,0.23,0.7,40,0.11674992404873376,
710,710,0,710123,0.07,0.24,0.69,40,0.10500749648786631,
711,711,0,711123,0.07,0.25,0.68,40,0.07550383713032152,
712,712,0,712123,0.07,0.26,0.67,40,0.07044701863743691,
713,713,0,713123,0.07,0.27,0.66,40,0.060341280305681186,
714,714,0,714123,0.07,0.28,0.65,40,0.07954151664078336,
715,715,0,715123,0.07,0.29,0.64,40,0.052996607254841246,
716,716,0,716123,0.07,0.3,0.63,40,0.06363846282204036,
717,717,0,717123,0.07,0.31,0.62,40,0.10856298730834792,
718,718,0,718123,0.07,0.32,0.61,40,0.08298483687970076,
719,719,0,719123,0.07,0.33,0.6,40,0.07751405296353951,
720,720,0,720123,0.07,0.34,0.59,40,0.0965921884319661,
721,721,0,721123,0.07,0.35,0.58,40,0.09276038618672491,
722,722,0,722123,0.07,0.36,0.57,40,0.06952442237376794,
723,723,0,723123,0.07,0.37,0.56,40,0.10241041786835349,
724,724,0,724123,0.07,0.38,0.55,40,0.09572063322375732,
725,725,0,725123,0.07,0.39,0.54,40,0.09718687597584694,
726,726,0,726123,0.07,0.4,0.53,40,0.07229693941149072,
727,727,0,727123,0.07,0.41,0.52,40,0.0793231038830216,
728,728,0,728123,0.07,0.42,0.51,40,0.07174078209779167,
729,729,0,729123,0.07,0.43,0.5,40,0.09639187305692642,
730,730,0,730123,0.07,0.44,0.49,40,0.07848187965559232,
731,731,0,731123,0.07,0.45,0.48,40,0.09622194789022853,
732,732,0,732123,0.07,0.46,0.47,40,0.13044486557977722,
733,733,0,733123,0.07,0.47,0.46,40,0.11389532331045496,
734,734,0,734123,0.07,0.48,0.45,40,0.10518076273976025,
735,735,0,735123,0.07,0.49,0.44,40,0.1544697614828102,
736,736,0,736123,0.07,0.5,0.43,40,0.12590257759713222,
737,737,0,737123,0.07,0.51,0.42,40,0.11676304474959148,
738,738,0,738123,0.07,0.52,0.41,40,0.1554761914818826,
739,739,0,739123,0.07,0.53,0.4,40,0.11171506196868358,
740,740,0,740123,0.07,0.54,0.39,40,0.10922570234045915,
741,741,0,741123,0.07,0.55,0.38,40,0.13380019940290203,
742,742,0,742123,0.07,0.56,0.37,40,0.13528190087470585,
743,743,0,743123,0.07,0.57,0.36,40,0.10207490475842268,
744,744,0,744123,0.07,0.58,0.35,40,0.11247513467733035,
745,745,0,745123,0.07,0.59,0.34,40,0.1035308390725762,
746,746,0,746123,0.07,0.6,0.33,40,0.22900488506856567,
747,747,0,747123,0.07,0.61,0.32,40,0.08618029845380255,
748,748,0,748123,0.07,0.62,0.31,40,0.12196865896637578,
749,749,0,749123,0.07,0.63,0.3,40,0.11405049879530671,
750,750,0,750123,0.07,0.64,0.29,40,0.11220644731982508,
751,751,0,751123,0.07,0.65,0.28,40,0.2150726362123022,
752,752,0,752123,0.07,0.66,0.27,40,0.1384158409549651,
753,753,0,753123,0.07,0.67,0.26,40,0.2013792737764752,
754,754,0,754123,0.07,0.68,0.25,40,0.13923094818863282,
755,755,0,755123,0.07,0.69,0.24,40,0.17350900684435075,
756,756,0,756123,0.07,0.7,0.23,40,0.15234740370661212,
757,757,0,757123,0.07,0.71,0.22,40,0.14461118135998335,
758,758,0,758123,0.07,0.72,0.21,40,0.13194635774573896,
759,759,0,759123,0.07,0.73,0.2,40,0.09852581333634776,
760,760,0,760123,0.07,0.74,0.19,40,0.17105433528234879,
761,761,0,761123,0.07,0.75,0.18,40,0.10294867893949891,
762,762,0,762123,0.07,0.76,0.17,40,0.1152783855647237,
763,763,0,763123,0.07,0.77,0.16,40,0.12981346300714824,
764,764,0,764123,0.07,0.78,0.15,40,0.11848129035903554,
765,765,0,765123,0.07,0.79,0.14,40,0.12957462080624643,
766,766,0,766123,0.07,0.8,0.13,40,0.1913199269505181,
767,767,0,767123,0.07,0.81,0.12,40,0.15556499945186306,
768,768,0,768123,0.07,0.8199999999999998,0.10999999999999999,40,0.17187550088596149,
769,769,0,769123,0.07,0.8299999999999998,0.09999999999999999,40,0.20330943242287527,
770,770,0,770123,0.07,0.8399999999999999,0.09,40,0.1514066806554876,
771,771,0,771123,0.07,0.8499999999999999,0.08,40,0.13651448467886837,
772,772,0,772123,0.07,0.86,0.07,40,0.14450427171195407,
773,773,0,773123,0.07,0.87,0.06,40,0.18228362861881556,
774,774,0,774123,0.07,0.88,0.05,40,0.23123919201037585,
775,775,0,775123,0.07,0.89,0.04,40,0.17122797844123624,
776,776,0,776123,0.07,0.9,0.03,40,0.15245140323389372,
777,777,0,777123,0.07,0.91,0.02,40,0.197158186321217,
778,778,0,778123,0.07,0.92,0.01,40,0.21153717584922693,
779,779,0,779123,0.07,0.93,0.0,40,0.20114782064771505,
780,780,0,780123,0.08,0.0,0.92,40,0.08956613993558614,
781,781,0,781123,0.08,0.01,0.91,40,0.03533365977683686,
782,782,0,782123,0.08,0.02,0.9,40,0.08111536019347072,
783,783,0,783123,0.08,0.03,0.89,40,0.01979801758380363,
784,784,0,784123,0.08,0.04,0.88,40,0.09465723432879097,
785,785,0,785123,0.08,0.05,0.87,40,0.026321950608494765,
786,786,0,786123,0.08,0.06,0.86,40,0.017899168414781463,
787,787,0,787123,0.08,0.07,0.85,40,0.022759247283963214,
788,788,0,788123,0.08,0.08,0.84,40,0.030982890077706427,
789,789,0,789123,0.08,0.09,0.83,40,0.03574571759912639,
790,790,0,790123,0.08,0.1,0.82,40,0.03068729626890054,
791,791,0,791123,0.08,0.11,0.81,40,0.02376775265879196,
792,792,0,792123,0.08,0.12,0.8,40,0.028739018603094756,
793,793,0,793123,0.08,0.13,0.79,40,0.057697386847095175,
794,794,0,794123,0.08,0.14,0.78,40,0.03684355651581845,
795,795,0,795123,0.08,0.15,0.77,40,0.05311109995395375,
796,796,0,796123,0.08,0.16,0.76,40,0.038324594771570714,
797,797,0,797123,0.08,0.17,0.75,40,0.08391456727617783,
798,798,0,798123,0.08,0.18,0.74,40,0.07139778756909973,
799,799,0,799123,0.08,0.19,0.73,40,0.062238033918081526,
800,800,0,800123,0.08,0.2,0.72,40,0.039498383524323555,
801,801,0,801123,0.08,0.21,0.71,40,0.046945644217381795,
802,802,0,802123,0.08,0.22,0.7,40,0.08861603537858966,
803,803,0,803123,0.08,0.23,0.69,40,0.04520567684608491,
804,804,0,804123,0.08,0.24,0.68,40,0.048752150089730294,
805,805,0,805123,0.08,0.25,0.67,40,0.051807020443688755,
806,806,0,806123,0.08,0.26,0.66,40,0.11677339958953403,
807,807,0,807123,0.08,0.27,0.65,40,0.048198409210002645,
808,808,0,808123,0.08,0.28,0.64,40,0.08178356360143645,
809,809,0,809123,0.08,0.29,0.63,40,0.054983498280083865,
810,810,0,810123,0.08,0.3,0.62,40,0.07296728201894073,
811,811,0,811123,0.08,0.31,0.61,40,0.10879267896140656,
812,812,0,812123,0.08,0.32,0.6,40,0.07926168387581256,
813,813,0,813123,0.08,0.33,0.59,40,0.10722623218922525,
814,814,0,814123,0.08,0.34,0.58,40,0.0946739534439898,
815,815,0,815123,0.08,0.35,0.57,40,0.08052894264522753,
816,816,0,816123,0.08,0.36,0.56,40,0.08952010039703377,
817,817,0,817123,0.08,0.37,0.55,40,0.06798407603161982,
818,818,0,818123,0.08,0.38,0.54,40,0.09796676094716876,
819,819,0,819123,0.08,0.39,0.53,40,0.10049986386754786,
820,820,0,820123,0.08,0.4,0.52,40,0.09282650798900349,
821,821,0,821123,0.08,0.41,0.51,40,0.08855723720528645,
822,822,0,822123,0.08,0.42,0.5,40,0.09957970804218652,
823,823,0,823123,0.08,0.43,0.49,40,0.11604011042590498,
824,824,0,824123,0.08,0.44,0.48,40,0.1113552215962484,
825,825,0,825123,0.08,0.45,0.47,40,0.10519651584433465,
826,826,0,826123,0.08,0.46,0.46,40,0.10863075911034611,
827,827,0,827123,0.08,0.47,0.45,40,0.14972861754456482,
828,828,0,828123,0.08,0.48,0.44,40,0.08497421923832309,
829,829,0,829123,0.08,0.49,0.43,40,0.08970905379043573,
830,830,0,830123,0.08,0.5,0.42,40,0.10755950005458288,
831,831,0,831123,0.08,0.51,0.41,40,0.10691253725532412,
832,832,0,832123,0.08,0.52,0.4,40,0.19549864324601401,
833,833,0,833123,0.08,0.53,0.39,40,0.08066229108097492,
834,834,0,834123,0.08,0.54,0.38,40,0.10420758919621313,
835,835,0,835123,0.08,0.55,0.37,40,0.10002016493896676,
836,836,0,836123,0.08,0.56,0.36,40,0.10693044123183618,
837,837,0,837123,0.08,0.57,0.35,40,0.17139405236170574,
838,838,0,838123,0.08,0.58,0.34,40,0.09110269313337482,
839,839,0,839123,0.08,0.59,0.33,40,0.14652796475607396,
840,840,0,840123,0.08,0.6,0.32,40,0.14351773131370507,
841,841,0,841123,0.08,0.61,0.31,40,0.19531892830891887,
842,842,0,842123,0.08,0.62,0.3,40,0.14372599076272904,
843,843,0,843123,0.08,0.63,0.29,40,0.1599901370767885,
844,844,0,844123,0.08,0.64,0.28,40,0.17046240218506511,
845,845,0,845123,0.08,0.65,0.27,40,0.18285176596195848,
846,846,0,846123,0.08,0.66,0.26,40,0.10723589859206024,
847,847,0,847123,0.08,0.67,0.25,40,0.14997125977778095,
848,848,0,848123,0.08,0.68,0.24,40,0.16954083712577833,
849,849,0,849123,0.08000000000000002,0.6900000000000001,0.23000000000000004,40,0.16826578997770025,
850,850,0,850123,0.08000000000000002,0.7000000000000001,0.22000000000000003,40,0.11792976035669528,
851,851,0,851123,0.08000000000000002,0.7100000000000001,0.21000000000000002,40,0.1668817135614177,
852,852,0,852123,0.08,0.72,0.2,40,0.15115934482548965,
853,853,0,853123,0.08,0.73,0.19,40,0.25012719129008093,
854,854,0,854123,0.08,0.74,0.18,40,0.15444692587834896,
855,855,0,855123,0.08,0.75,0.17,40,0.1617941581608474,
856,856,0,856123,0.08,0.76,0.16,40,0.2897449457629011,
857,857,0,857123,0.08,0.77,0.15,40,0.14375629377796775,
858,858,0,858123,0.08,0.78,0.14,40,0.14679815620985187,
859,859,0,859123,0.08,0.79,0.13,40,0.11627057388526792,
860,860,0,860123,0.08,0.8,0.12,40,0.1195546836193888,
861,861,0,861123,0.08,0.81,0.11,40,0.10886605003877292,
862,862,0,862123,0.08,0.8199999999999998,0.09999999999999999,40,0.21330282155548258,
863,863,0,863123,0.08,0.8299999999999998,0.09,40,0.16813903621664658,
864,864,0,864123,0.08,0.8399999999999999,0.08,40,0.18829607226561362,
865,865,0,865123,0.08,0.85,0.07,40,0.15990277077490667,
866,866,0,866123,0.08,0.86,0.06,40,0.15921399392438365,
867,867,0,867123,0.08,0.87,0.05,40,0.1540816682830271,
868,868,0,868123,0.08,0.88,0.04,40,0.1445628579956699,
869,869,0,869123,0.08,0.89,0.03,40,0.13644415879920865,
870,870,0,870123,0.08,0.9,0.02,40,0.20243567241826485,
871,871,0,871123,0.08,0.91,0.01,40,0.14824498178245044,
872,872,0,872123,0.08,0.92,0.0,40,0.20053998990440527,
873,873,0,873123,0.09,0.0,0.91,40,0.08045672131318748,
874,874,0,874123,0.09,0.01,0.9,40,0.03405198179194026,
875,875,0,875123,0.09,0.02,0.89,40,0.0938936495458296,
876,876,0,876123,0.09,0.03,0.88,40,0.07295070010238945,
877,877,0,877123,0.09,0.04,0.87,40,0.02801728342111868,
878,878,0,878123,0.09,0.05,0.86,40,0.05793894203530073,
879,879,0,879123,0.09,0.06,0.85,40,0.02732382280670382,
880,880,0,880123,0.09,0.07,0.84,40,0.0185100465782912,
881,881,0,881123,0.09,0.08,0.83,40,0.700784134806338,
882,882,0,882123,0.09,0.09,0.82,40,0.13338157812862889,
883,883,0,883123,0.09,0.1,0.81,40,0.047283652306884756,
884,884,0,884123,0.09,0.11,0.8,40,0.10133719529912294,
885,885,0,885123,0.09,0.12,0.79,40,0.08275272286101462,
886,886,0,886123,0.09,0.13,0.78,40,0.038535193849987985,
887,887,0,887123,0.09,0.14,0.77,40,0.027555503108163855,
888,888,0,888123,0.09,0.15,0.76,40,0.041137047298140224,
889,889,0,889123,0.09,0.16,0.75,40,0.0543214062242488,
890,890,0,890123,0.09,0.17,0.74,40,0.03338840084182854,
891,891,0,891123,0.09,0.18,0.73,40,0.0526951821457489,
892,892,0,892123,0.09,0.19,0.72,40,0.05251195801035982,
893,893,0,893123,0.09,0.2,0.71,40,0.03850453212144299,
894,894,0,894123,0.09,0.21,0.7,40,0.05273252347287768,
895,895,0,895123,0.09,0.22,0.69,40,0.04603978762953485,
896,896,0,896123,0.09,0.23,0.68,40,0.08556146634240326,
897,897,0,897123,0.09,0.24,0.67,40,0.0800181401842679,
898,898,0,898123,0.09,0.25,0.66,40,0.08365714133810517,
899,899,0,899123,0.09,0.26,0.65,40,0.0741815758209378,
900,900,0,900123,0.09,0.27,0.64,40,0.1247390040627733,
901,901,0,901123,0.09,0.28,0.63,40,0.08932671451158866,
902,902,0,902123,0.09,0.29,0.62,40,0.05325640089258964,
903,903,0,903123,0.09,0.3,0.61,40,0.11060371617482387,
904,904,0,904123,0.09,0.31,0.6,40,0.08414572195862195,
905,905,0,905123,0.09,0.32,0.59,40,0.11072666799476406,
906,906,0,906123,0.09,0.33,0.58,40,0.09669376033653464,
907,907,0,907123,0.09,0.34,0.57,40,0.07691817502832018,
908,908,0,908123,0.09,0.35,0.56,40,0.09194286463493337,
909,909,0,909123,0.09,0.36,0.55,40,0.09821621008123822,
910,910,0,910123,0.09,0.37,0.54,40,0.1357397982395265,
911,911,0,911123,0.09,0.38,0.53,40,0.08877550848161105,
912,912,0,912123,0.09,0.39,0.52,40,0.08931571006880365,
913,913,0,913123,0.09,0.4,0.51,40,0.09514655704058865,
914,914,0,914123,0.09,0.41,0.5,40,0.11618544769584417,
915,915,0,915123,0.09,0.42,0.49,40,0.08793925896348598,
916,916,0,916123,0.09,0.43,0.48,40,0.1320032074131161,
917,917,0,917123,0.09,0.44,0.47,40,0.11606912556020867,
918,918,0,918123,0.09,0.45,0.46,40,0.07549828045409979,
919,919,0,919123,0.09,0.46,0.45,40,0.10187679762812228,
920,920,0,920123,0.09,0.47,0.44,40,0.08134324299796389,
921,921,0,921123,0.09,0.48,0.43,40,0.1430544425666343,
922,922,0,922123,0.09,0.49,0.42,40,0.12781405070917706,
923,923,0,923123,0.09,0.5,0.41,40,0.19117176819262302,
924,924,0,924123,0.09,0.51,0.4,40,0.13828810841514744,
925,925,0,925123,0.09,0.52,0.39,40,0.08338338159844606,
926,926,0,926123,0.09,0.53,0.38,40,0.08140764861874901,
927,927,0,927123,0.09,0.54,0.37,40,0.10456063828207335,
928,928,0,928123,0.09,0.55,0.36,40,0.19052552173798548,
929,929,0,929123,0.09,0.56,0.35,40,0.11439261952111557,
930,930,0,930123,0.09,0.57,0.34,40,0.17666277249601955,
931,931,0,931123,0.09,0.58,0.33,40,0.0882392008089859,
932,932,0,932123,0.09,0.59,0.32,40,0.15481090787378762,
933,933,0,933123,0.09,0.6,0.31,40,0.1935355099363527,
934,934,0,934123,0.09,0.61,0.3,40,0.14072675047586833,
935,935,0,935123,0.09,0.62,0.29,40,0.1654638807561838,
936,936,0,936123,0.09,0.63,0.28,40,0.09342037649510805,
937,937,0,937123,0.09,0.64,0.27,40,0.10036905076256984,
938,938,0,938123,0.09,0.65,0.26,40,0.1617659271623799,
939,939,0,939123,0.09,0.66,0.25,40,0.11074819066918548,
940,940,0,940123,0.09,0.67,0.24,40,0.11044348362001624,
941,941,0,941123,0.09,0.68,0.23,40,0.37465230020054735,
942,942,0,942123,0.09000000000000001,0.6900000000000001,0.22000000000000003,40,0.1438236897816328,
943,943,0,943123,0.09000000000000001,0.7000000000000001,0.21000000000000002,40,0.1941551799943945,
944,944,0,944123,0.09,0.71,0.2,40,0.16986518396849154,
945,945,0,945123,0.09,0.72,0.19,40,0.13568355894905879,
946,946,0,946123,0.09,0.73,0.18,27,0.22808943758707795,tolflatfitness
947,947,0,947123,0.09,0.74,0.17,40,0.12521011416149444,
948,948,0,948123,0.09,0.75,0.16,40,0.1451369417738339,
949,949,0,949123,0.09,0.76,0.15,40,0.1425550147030851,
950,950,0,950123,0.09,0.77,0.14,40,0.12370085911714933,
951,951,0,951123,0.09,0.78,0.13,40,0.1331114149705684,
952,952,0,952123,0.09,0.79,0.12,40,0.15965312372346446,
953,953,0,953123,0.09,0.8,0.11,40,0.1217159860701242,
954,954,0,954123,0.09,0.81,0.1,40,0.1268027807328095,
955,955,0,955123,0.09000000000000001,0.8200000000000001,0.09000000000000001,40,0.1247399287110155,
956,956,0,956123,0.09000000000000001,0.8300000000000001,0.08000000000000002,40,0.22180386489892157,
957,957,0,957123,0.09,0.84,0.07,40,0.29862996405773445,
958,958,0,958123,0.09,0.85,0.06,40,0.14067758041150072,
959,959,0,959123,0.09,0.86,0.05,40,0.1191014416067541,
960,960,0,960123,0.09,0.87,0.04,40,0.14914965336464003,
961,961,0,961123,0.09,0.88,0.03,40,0.22387006659809155,
962,962,0,962123,0.09,0.89,0.02,40,0.15912153022342043,
963,963,0,963123,0.09,0.9,0.01,40,0.2092709467239104,
964,964,0,964123,0.09,0.91,0.0,40,0.22708364789781693,
965,965,0,965123,0.1,0.0,0.9,40,0.029969892539629017,
966,966,0,966123,0.1,0.01,0.89,40,0.023843920517099604,
967,967,0,967123,0.1,0.02,0.88,40,0.039904378418559955,
968,968,0,968123,0.1,0.03,0.87,40,0.06047923646696793,
969,969,0,969123,0.1,0.04,0.86,40,0.14725989692606614,
970,970,0,970123,0.1,0.05,0.85,40,0.016799929831067307,
971,971,0,971123,0.1,0.06,0.84,40,0.06847683860052878,
972,972,0,972123,0.1,0.07,0.83,40,0.03207261200218839,
973,973,0,973123,0.1,0.08,0.82,40,0.03032454834504284,
974,974,0,974123,0.1,0.09,0.81,40,0.03353321330611492,
975,975,0,975123,0.1,0.1,0.8,40,0.029954228325065682,
976,976,0,976123,0.1,0.11,0.79,40,0.08711961964034064,
977,977,0,977123,0.1,0.12,0.78,40,0.05803411851898053,
978,978,0,978123,0.1,0.13,0.77,40,0.08066688126558458,
979,979,0,979123,0.1,0.14,0.76,40,0.05527693654317705,
980,980,0,980123,0.1,0.15,0.75,40,0.0502525310816152,
981,981,0,981123,0.1,0.16,0.74,40,0.12202191654101247,
982,982,0,982123,0.1,0.17,0.73,40,0.06944782335964189,
983,983,0,983123,0.1,0.18,0.72,40,0.05554830118267474,
984,984,0,984123,0.1,0.19,0.71,40,0.052893046396613276,
985,985,0,985123,0.1,0.2,0.7,40,0.0568138459123916,
986,986,0,986123,0.1,0.21,0.69,40,0.038839348488366704,
987,987,0,987123,0.1,0.22,0.68,40,0.06868250164627603,
988,988,0,988123,0.1,0.23,0.67,40,0.06755299020969996,
989,989,0,989123,0.1,0.24,0.66,40,0.1116028491875913,
990,990,0,990123,0.1,0.25,0.65,40,0.05735669600084851,
991,991,0,991123,0.1,0.26,0.64,40,0.06738842872674825,
992,992,0,992123,0.1,0.27,0.63,40,0.1004939016764221,
993,993,0,993123,0.1,0.28,0.62,40,0.07128581065208087,
994,994,0,994123,0.1,0.29,0.61,40,0.07897687964440271,
995,995,0,995123,0.1,0.3,0.6,40,0.06489939113101237,
996,996,0,996123,0.1,0.31,0.59,40,0.10142222315075501,
997,997,0,997123,0.1,0.32,0.58,40,0.08622092625456672,
998,998,0,998123,0.1,0.33,0.57,40,0.08907395046229288,
999,999,0,999123,0.1,0.34,0.56,40,0.12377639075808525,
1000,1000,0,1000123,0.1,0.35,0.55,40,0.10845524240173277,
1001,1001,0,1001123,0.1,0.36,0.54,40,0.11454101099848919,
1002,1002,0,1002123,0.1,0.37,0.53,40,0.07904725707339802,
1003,1003,0,1003123,0.1,0.38,0.52,40,0.0927257727503152,
1004,1004,0,1004123,0.1,0.39,0.51,40,0.09667217597055261,
1005,1005,0,1005123,0.1,0.4,0.5,40,0.11829149514194176,
1006,1006,0,1006123,0.1,0.41,0.49,40,0.08102490977741562,
1007,1007,0,1007123,0.1,0.42,0.48,40,0.09476058388735546,
1008,1008,0,1008123,0.1,0.43,0.47,40,0.1136236994454488,
1009,1009,0,1009123,0.1,0.44,0.46,40,0.09136299309311081,
1010,1010,0,1010123,0.1,0.45,0.45,40,0.15499490705191035,
1011,1011,0,1011123,0.1,0.46,0.44,40,0.08897333829352592,
1012,1012,0,1012123,0.1,0.47,0.43,40,0.08990886473383917,
1013,1013,0,1013123,0.1,0.48,0.42,40,0.09395405500755291,
1014,1014,0,1014123,0.1,0.49,0.41,40,0.12525778625715242,
1015,1015,0,1015123,0.1,0.5,0.4,40,0.19061186797252122,
1016,1016,0,1016123,0.1,0.51,0.39,40,0.14226980432656727,
1017,1017,0,1017123,0.1,0.52,0.38,40,0.1372247092399899,
1018,1018,0,1018123,0.1,0.53,0.37,40,0.11142116049169654,
1019,1019,0,1019123,0.1,0.54,0.36,40,0.21455483184378513,
1020,1020,0,1020123,0.1,0.55,0.35,40,0.22416359873583938,
1021,1021,0,1021123,0.1,0.56,0.34,40,0.21397326113337295,
1022,1022,0,1022123,0.1,0.57,0.33,40,0.16265514683467314,
1023,1023,0,1023123,0.1,0.58,0.32,40,0.07194444669659922,
1024,1024,0,1024123,0.1,0.59,0.31,40,0.15120337109379675,
1025,1025,0,1025123,0.1,0.6,0.3,40,0.12309094857452524,
1026,1026,0,1026123,0.1,0.61,0.29,40,0.19467085342897114,
1027,1027,0,1027123,0.1,0.62,0.28,40,0.14828014628156166,
1028,1028,0,1028123,0.1,0.63,0.27,40,0.12713420913907775,
1029,1029,0,1029123,0.1,0.64,0.26,40,0.12502563690194549,
1030,1030,0,1030123,0.1,0.65,0.25,40,0.2050885554987378,
1031,1031,0,1031123,0.1,0.66,0.24,40,0.17390901436302905,
1032,1032,0,1032123,0.1,0.67,0.23,40,0.16401585259419604,
1033,1033,0,1033123,0.1,0.68,0.22,40,0.1386913778674497,
1034,1034,0,1034123,0.10000000000000002,0.6900000000000001,0.21000000000000002,40,0.12559177936201374,
1035,1035,0,1035123,0.1,0.7,0.2,40,0.12924706185411827,
1036,1036,0,1036123,0.1,0.71,0.19,40,0.16491253408225637,
1037,1037,0,1037123,0.1,0.72,0.18,40,0.13550373191497847,
1038,1038,0,1038123,0.1,0.73,0.17,40,0.11333509297593862,
1039,1039,0,1039123,0.1,0.74,0.16,40,0.15032764334803306,
1040,1040,0,1040123,0.1,0.75,0.15,40,0.1497290747143522,
1041,1041,0,1041123,0.1,0.76,0.14,40,0.19847413558378693,
1042,1042,0,1042123,0.1,0.77,0.13,40,0.14609514676410335,
1043,1043,0,1043123,0.1,0.78,0.12,40,0.12222022579045264,
1044,1044,0,1044123,0.1,0.79,0.11,40,0.11665529160245866,
1045,1045,0,1045123,0.1,0.8,0.1,40,0.2280604789852125,
1046,1046,0,1046123,0.1,0.81,0.09,40,0.19171194512074455,
1047,1047,0,1047123,0.10000000000000002,0.8200000000000001,0.08000000000000002,40,0.16858665102774315,
1048,1048,0,1048123,0.1,0.83,0.07,40,0.21222214597731123,
1049,1049,0,1049123,0.1,0.84,0.06,40,0.1503685566141061,
1050,1050,0,1050123,0.1,0.85,0.05,40,0.1697852575441447,
1051,1051,0,1051123,0.1,0.86,0.04,40,0.16683349446343163,
1052,1052,0,1052123,0.1,0.87,0.03,40,0.1375097383921439,
1053,1053,0,1053123,0.1,0.88,0.02,40,0.16661540622201804,
1054,1054,0,1054123,0.1,0.89,0.01,40,0.17903262226743516,
1055,1055,0,1055123,0.1,0.9,0.0,40,0.158588595882917,
1056,1056,0,1056123,0.11,0.0,0.89,40,0.05655605582165779,
1057,1057,0,1057123,0.11,0.01,0.88,40,0.030244921038833594,
1058,1058,0,1058123,0.11,0.02,0.87,40,0.07222770556401598,
1059,1059,0,1059123,0.11,0.03,0.86,40,0.029884639514990596,
1060,1060,0,1060123,0.11,0.04,0.85,40,0.07043167784555894,
1061,1061,0,1061123,0.11,0.05,0.84,40,0.03324931985613234,
1062,1062,0,1062123,0.11,0.06,0.83,40,0.1043636834054613,
1063,1063,0,1063123,0.11,0.07,0.82,40,0.0557833130873873,
1064,1064,0,1064123,0.11,0.08,0.81,40,0.03166414156053062,
1065,1065,0,1065123,0.11,0.09,0.8,40,0.02833068331818714,
1066,1066,0,1066123,0.11,0.1,0.79,40,0.02011650859719705,
1067,1067,0,1067123,0.11,0.11,0.78,40,0.05617034319595994,
1068,1068,0,1068123,0.11,0.12,0.77,40,0.06646251106367916,
1069,1069,0,1069123,0.11,0.13,0.76,40,0.08790779377101625,
1070,1070,0,1070123,0.11,0.14,0.75,40,0.030145379330466578,
1071,1071,0,1071123,0.11,0.15,0.74,40,0.04298497895159304,
1072,1072,0,1072123,0.11,0.16,0.73,40,0.057212353692988535,
1073,1073,0,1073123,0.11,0.17,0.72,40,0.03537552250138072,
1074,1074,0,1074123,0.11,0.18,0.71,40,0.032349602345112013,
1075,1075,0,1075123,0.11,0.19,0.7,40,0.0758393492714185,
1076,1076,0,1076123,0.11,0.2,0.69,40,0.1007111812150241,
1077,1077,0,1077123,0.11,0.21,0.68,40,0.049632103489113996,
1078,1078,0,1078123,0.11,0.22,0.67,40,0.04410647733015121,
1079,1079,0,1079123,0.11,0.23,0.66,40,0.0580543261105994,
1080,1080,0,1080123,0.11,0.24,0.65,40,0.09630090895080275,
1081,1081,0,1081123,0.11,0.25,0.64,40,0.08371922428291569,
1082,1082,0,1082123,0.11,0.26,0.63,40,0.06475284470670528,
1083,1083,0,1083123,0.11,0.27,0.62,40,0.0827446357295015,
1084,1084,0,1084123,0.11,0.28,0.61,40,0.08353545920331962,
1085,1085,0,1085123,0.11,0.29,0.6,40,0.0923399505278638,
1086,1086,0,1086123,0.11,0.3,0.59,40,0.06072873351754629,
1087,1087,0,1087123,0.11,0.31,0.58,40,0.08762837041143888,
1088,1088,0,1088123,0.11,0.32,0.57,40,0.08965401620555907,
1089,1089,0,1089123,0.11,0.33,0.56,40,0.0808625640389824,
1090,1090,0,1090123,0.11,0.34,0.55,40,0.07210409644528978,
1091,1091,0,1091123,0.11,0.35,0.54,40,0.07301821342649067,
1092,1092,0,1092123,0.11,0.36,0.53,40,0.11992717703470474,
1093,1093,0,1093123,0.11,0.37,0.52,40,0.09281410242387991,
1094,1094,0,1094123,0.11,0.38,0.51,40,0.07331289345378716,
1095,1095,0,1095123,0.11,0.39,0.5,40,0.12232260335000184,
1096,1096,0,1096123,0.11,0.4,0.49,40,0.07641231830977094,
1097,1097,0,1097123,0.11,0.41,0.48,40,0.08489266472477007,
1098,1098,0,1098123,0.11,0.42,0.47,40,0.12484922022252219,
1099,1099,0,1099123,0.11,0.43,0.46,40,0.13190630086714378,
1100,1100,0,1100123,0.11,0.44,0.45,40,0.08862980697497998,
1101,1101,0,1101123,0.11,0.45,0.44,40,0.11982604566863307,
1102,1102,0,1102123,0.11,0.46,0.43,40,0.10536140109620819,
1103,1103,0,1103123,0.11,0.47,0.42,40,0.13130212664758645,
1104,1104,0,1104123,0.11,0.48,0.41,40,0.1142306483598208,
1105,1105,0,1105123,0.11,0.49,0.4,40,0.11135929794245633,
1106,1106,0,1106123,0.11,0.5,0.39,40,0.21615816174132338,
1107,1107,0,1107123,0.11,0.51,0.38,40,0.13120017813363372,
1108,1108,0,1108123,0.11,0.52,0.37,40,0.1869526077835544,
1109,1109,0,1109123,0.11,0.53,0.36,40,0.0940702385750337,
1110,1110,0,1110123,0.11,0.54,0.35,40,0.09977161537748827,
1111,1111,0,1111123,0.11,0.55,0.34,40,0.1233172668899293,
1112,1112,0,1112123,0.11,0.56,0.33,40,0.13503880727242382,
1113,1113,0,1113123,0.11,0.57,0.32,40,0.13821084537501913,
1114,1114,0,1114123,0.11,0.58,0.31,40,0.06504584005523857,
1115,1115,0,1115123,0.11,0.59,0.3,40,0.18008350511947283,
1116,1116,0,1116123,0.11,0.6,0.29,40,0.1095852403936493,
1117,1117,0,1117123,0.11,0.61,0.28,40,0.16824561901365506,
1118,1118,0,1118123,0.11,0.62,0.27,40,0.15503045129487883,
1119,1119,0,1119123,0.11,0.63,0.26,40,0.18374945058636943,
1120,1120,0,1120123,0.11,0.64,0.25,40,0.2228152166695755,
1121,1121,0,1121123,0.11,0.65,0.24,40,0.15856390978808058,
1122,1122,0,1122123,0.11,0.66,0.23,40,0.126390460300818,
1123,1123,0,1123123,0.11,0.67,0.22,40,0.14710909010425385,
1124,1124,0,1124123,0.11,0.68,0.21,40,0.11840939555491302,
1125,1125,0,1125123,0.11,0.69,0.2,40,0.13236186158456714,
1126,1126,0,1126123,0.11,0.7,0.19,40,0.1452212579709053,
1127,1127,0,1127123,0.11,0.71,0.18,40,0.11267214468140244,
1128,1128,0,1128123,0.11,0.72,0.17,40,0.15640946280227866,
1129,1129,0,1129123,0.11,0.73,0.16,40,0.14895133401483224,
1130,1130,0,1130123,0.11,0.74,0.15,40,0.10262411766505175,
1131,1131,0,1131123,0.11,0.75,0.14,40,0.14904891895741673,
1132,1132,0,1132123,0.11,0.76,0.13,40,0.12193905682288077,
1133,1133,0,1133123,0.11,0.77,0.12,40,0.15177702870583445,
1134,1134,0,1134123,0.11,0.78,0.11,40,0.13957589578383245,
1135,1135,0,1135123,0.11,0.79,0.1,40,0.17290199558689306,
1136,1136,0,1136123,0.11,0.8,0.09,40,0.13657923577761516,
1137,1137,0,1137123,0.11,0.81,0.08,40,0.11415032391229187,
1138,1138,0,1138123,0.11,0.82,0.07,40,0.11728833837770693,
1139,1139,0,1139123,0.11,0.83,0.06,40,0.1626879973996187,
1140,1140,0,1140123,0.11,0.84,0.05,40,0.22355438471728392,
1141,1141,0,1141123,0.11,0.85,0.04,40,0.12991266129653045,
1142,1142,0,1142123,0.11,0.86,0.03,40,0.14843571987575557,
1143,1143,0,1143123,0.11,0.87,0.02,40,0.3164136055387577,
1144,1144,0,1144123,0.11,0.88,0.01,40,0.19229663851510628,
1145,1145,0,1145123,0.11,0.89,0.0,40,0.12196829794918664,
1146,1146,0,1146123,0.12,0.0,0.88,40,0.027017218651193966,
1147,1147,0,1147123,0.12,0.01,0.87,40,0.05036452429377872,
1148,1148,0,1148123,0.12,0.02,0.86,40,0.08036524256652441,
1149,1149,0,1149123,0.12,0.03,0.85,40,0.09887299349879045,
1150,1150,0,1150123,0.12,0.04,0.84,40,0.06619803887046083,
1151,1151,0,1151123,0.12,0.05,0.83,40,0.04135344962925688,
1152,1152,0,1152123,0.12,0.06,0.82,40,0.036765029436315766,
1153,1153,0,1153123,0.12,0.07,0.81,40,0.07744339866654679,
1154,1154,0,1154123,0.12,0.08,0.8,40,0.03054017974331404,
1155,1155,0,1155123,0.12,0.09,0.79,40,0.039540101097142004,
1156,1156,0,1156123,0.12,0.1,0.78,40,0.06322236379535957,
1157,1157,0,1157123,0.12,0.11,0.77,40,0.03788946105034488,
1158,1158,0,1158123,0.12,0.12,0.76,40,0.06405709138997756,
1159,1159,0,1159123,0.12,0.13,0.75,40,0.036638296889338444,
1160,1160,0,1160123,0.12,0.14,0.74,40,0.06321524335429293,
1161,1161,0,1161123,0.12,0.15,0.73,40,0.09620698285984797,
1162,1162,0,1162123,0.12,0.16,0.72,40,0.09623348858445693,
1163,1163,0,1163123,0.12,0.17,0.71,40,0.047232323517173214,
1164,1164,0,1164123,0.12,0.18,0.7,40,0.05336102372291642,
1165,1165,0,1165123,0.12,0.19,0.69,40,0.0867151580233409,
1166,1166,0,1166123,0.12,0.2,0.68,40,0.041568068719328735,
1167,1167,0,1167123,0.12,0.21,0.67,40,0.0833274201653707,
1168,1168,0,1168123,0.12,0.22,0.66,40,0.07511913146463754,
1169,1169,0,1169123,0.12,0.23,0.65,40,0.05871296946027765,
1170,1170,0,1170123,0.12,0.24,0.64,40,0.05707638099508453,
1171,1171,0,1171123,0.12,0.25,0.63,40,0.06485173166177254,
1172,1172,0,1172123,0.12,0.26,0.62,40,0.09814301963057595,
1173,1173,0,1173123,0.12,0.27,0.61,40,0.056904861634731047,
1174,1174,0,1174123,0.12,0.28,0.6,40,0.08084288134112784,
1175,1175,0,1175123,0.12,0.29,0.59,40,0.07574470309295564,
1176,1176,0,1176123,0.12,0.3,0.58,40,0.06078863713131552,
1177,1177,0,1177123,0.12,0.31,0.57,40,0.08176617209553134,
1178,1178,0,1178123,0.12,0.32,0.56,40,0.12118454838393525,
1179,1179,0,1179123,0.12,0.33,0.55,40,0.09375466496532123,
1180,1180,0,1180123,0.12,0.34,0.54,40,0.09014974004977522,
1181,1181,0,1181123,0.12,0.35,0.53,40,0.06953368475834354,
1182,1182,0,1182123,0.12,0.36,0.52,40,0.07791431346086726,
1183,1183,0,1183123,0.12,0.37,0.51,40,0.061337371856890574,
1184,1184,0,1184123,0.12,0.38,0.5,40,0.08373422007908035,
1185,1185,0,1185123,0.12,0.39,0.49,40,0.09896405260890408,
1186,1186,0,1186123,0.12,0.4,0.48,40,0.07378410049473155,
1187,1187,0,1187123,0.12,0.41,0.47,40,0.11662141852237516,
1188,1188,0,1188123,0.12,0.42,0.46,40,0.07969372628970833,
1189,1189,0,1189123,0.12,0.43,0.45,40,0.09119197854900683,
1190,1190,0,1190123,0.12,0.44,0.44,40,0.08809698695129271,
1191,1191,0,1191123,0.12,0.45,0.43,40,0.08464504162797641,
1192,1192,0,1192123,0.12,0.46,0.42,40,0.18263202759713099,
1193,1193,0,1193123,0.12,0.47,0.41,40,0.08266775929847056,
1194,1194,0,1194123,0.12,0.48,0.4,40,0.10965389911665194,
1195,1195,0,1195123,0.12,0.49,0.39,40,0.07988666163369272,
1196,1196,0,1196123,0.12,0.5,0.38,40,0.12823015257459433,
1197,1197,0,1197123,0.12,0.51,0.37,40,0.13048370505812404,
1198,1198,0,1198123,0.12,0.52,0.36,40,0.17679040872871263,
1199,1199,0,1199123,0.12,0.53,0.35,40,0.1315589230444159,
1200,1200,0,1200123,0.12,0.54,0.34,40,0.16145398132658254,
1201,1201,0,1201123,0.12,0.55,0.33,40,0.15223797100693026,
1202,1202,0,1202123,0.12,0.56,0.32,40,0.21057566791166746,
1203,1203,0,1203123,0.12,0.57,0.31,40,0.1832695944801104,
1204,1204,0,1204123,0.12,0.58,0.3,40,0.14748356782611477,
1205,1205,0,1205123,0.12,0.59,0.29,40,0.10904357538054035,
1206,1206,0,1206123,0.12,0.6,0.28,40,0.14939535825275374,
1207,1207,0,1207123,0.12,0.61,0.27,40,0.16085512362790647,
1208,1208,0,1208123,0.12,0.62,0.26,40,0.17538946910166078,
1209,1209,0,1209123,0.12,0.63,0.25,40,0.09299972108661096,
1210,1210,0,1210123,0.12,0.64,0.24,40,0.16159907781895466,
1211,1211,0,1211123,0.12,0.65,0.23,40,0.15260087428651634,
1212,1212,0,1212123,0.12,0.66,0.22,40,0.09781478489342599,
1213,1213,0,1213123,0.12,0.67,0.21,40,0.12710943009225986,
1214,1214,0,1214123,0.12,0.68,0.2,40,0.14313875300555862,
1215,1215,0,1215123,0.12,0.69,0.19,40,0.097557011829447,
1216,1216,0,1216123,0.12,0.7,0.18,40,0.14424953648148786,
1217,1217,0,1217123,0.12,0.71,0.17,40,0.19099269129718288,
1218,1218,0,1218123,0.12,0.72,0.16,40,0.11572076980847315,
1219,1219,0,1219123,0.12,0.73,0.15,40,0.1206083075020028,
1220,1220,0,1220123,0.12,0.74,0.14,40,0.2786963796334275,
1221,1221,0,1221123,0.12,0.75,0.13,40,0.14512388227522,
1222,1222,0,1222123,0.12,0.76,0.12,40,0.10149288391322306,
1223,1223,0,1223123,0.12,0.77,0.11,40,0.17650312304995874,
1224,1224,0,1224123,0.12,0.78,0.1,40,0.19264861570604214,
1225,1225,0,1225123,0.12,0.79,0.09,40,0.1321053916990497,
1226,1226,0,1226123,0.12,0.8,0.08,40,0.15558945953267705,
1227,1227,0,1227123,0.12,0.81,0.07,40,0.11551664398243457,
1228,1228,0,1228123,0.12,0.82,0.06,40,0.19680914301690208,
1229,1229,0,1229123,0.12,0.83,0.05,40,0.2228821750628702,
1230,1230,0,1230123,0.12,0.84,0.04,40,0.16177084134318645,
1231,1231,0,1231123,0.12,0.85,0.03,40,0.1377360920229747,
1232,1232,0,1232123,0.12,0.86,0.02,40,0.16132917084768897,
1233,1233,0,1233123,0.12,0.87,0.01,40,0.3099881768505328,
1234,1234,0,1234123,0.12,0.88,0.0,40,0.1420469868360922,
1235,1235,0,1235123,0.13,0.0,0.87,40,0.02768683658947417,
1236,1236,0,1236123,0.13,0.01,0.86,40,0.02655974630513325,
1237,1237,0,1237123,0.13,0.02,0.85,40,0.029907421043639235,
1238,1238,0,1238123,0.13,0.03,0.84,40,0.05129191557376207,
1239,1239,0,1239123,0.13,0.04,0.83,40,0.09214081675754528,
1240,1240,0,1240123,0.13,0.05,0.82,40,0.033498499764966425,
1241,1241,0,1241123,0.13,0.06,0.81,40,0.033479245487882156,
1242,1242,0,1242123,0.13,0.07,0.8,40,0.051531564559519454,
1243,1243,0,1243123,0.13,0.08,0.79,40,0.027436574722855385,
1244,1244,0,1244123,0.13,0.09,0.78,40,0.026385117843937204,
1245,1245,0,1245123,0.13,0.1,0.77,40,0.09049786274245249,
1246,1246,0,1246123,0.13,0.11,0.76,40,0.05042399959703283,
1247,1247,0,1247123,0.13,0.12,0.75,40,0.07605664104561047,
1248,1248,0,1248123,0.13,0.13,0.74,40,0.05637690958424901,
1249,1249,0,1249123,0.13,0.14,0.73,40,0.0634006359296282,
1250,1250,0,1250123,0.13,0.15,0.72,40,0.04516241862130268,
1251,1251,0,1251123,0.13,0.16,0.71,40,0.07377724003591095,
1252,1252,0,1252123,0.13,0.17,0.7,40,0.05685082581515139,
1253,1253,0,1253123,0.13,0.18,0.69,40,0.04817038385306716,
1254,1254,0,1254123,0.13,0.19,0.68,40,0.05237936870158791,
1255,1255,0,1255123,0.13,0.2,0.67,40,0.07482600770719539,
1256,1256,0,1256123,0.13,0.21,0.66,40,0.0976154930593584,
1257,1257,0,1257123,0.13,0.22,0.65,40,0.06912742829073362,
1258,1258,0,1258123,0.13,0.23,0.64,40,0.06478191439947127,
1259,1259,0,1259123,0.13,0.24,0.63,40,0.09436354811843489,
1260,1260,0,1260123,0.13,0.25,0.62,40,0.10598806875964599,
1261,1261,0,1261123,0.13,0.26,0.61,40,0.08953373035487286,
1262,1262,0,1262123,0.13,0.27,0.6,40,0.08337240099862914,
1263,1263,0,1263123,0.13,0.28,0.59,40,0.09303953329473408,
1264,1264,0,1264123,0.13,0.29,0.58,40,0.06686015326875806,
1265,1265,0,1265123,0.13,0.3,0.57,40,0.08849842117444977,
1266,1266,0,1266123,0.13,0.31,0.56,40,0.08809406115650492,
1267,1267,0,1267123,0.13,0.32,0.55,40,0.08133014093782116,
1268,1268,0,1268123,0.13,0.33,0.54,40,0.08636407781137492,
1269,1269,0,1269123,0.13,0.34,0.53,40,0.099013185134214,
1270,1270,0,1270123,0.13,0.35,0.52,40,0.1049405856828497,
1271,1271,0,1271123,0.13,0.36,0.51,40,0.09359595669333018,
1272,1272,0,1272123,0.13,0.37,0.5,40,0.09796722298174361,
1273,1273,0,1273123,0.13,0.38,0.49,40,0.08260133747307787,
1274,1274,0,1274123,0.13,0.39,0.48,40,0.07557067688936114,
1275,1275,0,1275123,0.13,0.4,0.47,40,0.06831038005567734,
1276,1276,0,1276123,0.13,0.41,0.46,40,0.10431679021915465,
1277,1277,0,1277123,0.13,0.42,0.45,40,0.07972305272863647,
1278,1278,0,1278123,0.13,0.43,0.44,40,0.10761008782535962,
1279,1279,0,1279123,0.13,0.44,0.43,40,0.089283841849576,
1280,1280,0,1280123,0.13,0.45,0.42,40,0.12326998154025523,
1281,1281,0,1281123,0.13,0.46,0.41,40,0.08111184084285993,
1282,1282,0,1282123,0.13,0.47,0.4,40,0.16040621931566115,
1283,1283,0,1283123,0.13,0.48,0.39,40,0.10561766296759792,
1284,1284,0,1284123,0.13,0.49,0.38,40,0.13426964423509924,
1285,1285,0,1285123,0.13,0.5,0.37,40,0.127311816303277,
1286,1286,0,1286123,0.13,0.51,0.36,40,0.10371099647060222,
1287,1287,0,1287123,0.13,0.52,0.35,40,0.10476029511109482,
1288,1288,0,1288123,0.13,0.53,0.34,40,0.10199511875418169,
1289,1289,0,1289123,0.13,0.54,0.33,40,0.09866871116197888,
1290,1290,0,1290123,0.13,0.55,0.32,40,0.20596832032088128,
1291,1291,0,1291123,0.13,0.56,0.31,40,0.1377577480103536,
1292,1292,0,1292123,0.13,0.57,0.3,40,0.11897166400807466,
1293,1293,0,1293123,0.13,0.58,0.29,40,0.15073616164718115,
1294,1294,0,1294123,0.13,0.59,0.28,40,0.08813774347006603,
1295,1295,0,1295123,0.13,0.6,0.27,40,0.15080499528591598,
1296,1296,0,1296123,0.13,0.61,0.26,40,0.14579358699121722,
1297,1297,0,1297123,0.13,0.62,0.25,40,0.130982461140629,
1298,1298,0,1298123,0.13,0.63,0.24,40,0.17216430552834672,
1299,1299,0,1299123,0.13,0.64,0.23,40,0.2017762954366527,
1300,1300,0,1300123,0.13,0.65,0.22,40,0.16406495559975998,
1301,1301,0,1301123,0.13,0.66,0.21,40,0.10683839882369446,
1302,1302,0,1302123,0.13,0.67,0.2,40,0.1242665008979903,
1303,1303,0,1303123,0.13,0.68,0.19,40,0.1446442131046547,
1304,1304,0,1304123,0.13,0.69,0.18,40,0.15185809497149363,
1305,1305,0,1305123,0.13,0.7,0.17,40,0.11955320492453515,
1306,1306,0,1306123,0.13,0.71,0.16,40,0.14913383074018005,
1307,1307,0,1307123,0.13,0.72,0.15,40,0.17023450422723016,
1308,1308,0,1308123,0.13,0.73,0.14,40,0.1138509491312656,
1309,1309,0,1309123,0.13,0.74,0.13,40,0.16627581744944495,
1310,1310,0,1310123,0.13,0.75,0.12,40,0.15930981638730168,
1311,1311,0,1311123,0.13,0.76,0.11,40,0.17833072613027587,
1312,1312,0,1312123,0.13,0.77,0.1,40,0.11142490341797369,
1313,1313,0,1313123,0.13,0.78,0.09,40,0.10393386391883103,
1314,1314,0,1314123,0.13,0.79,0.08,40,0.1447193003042315,
1315,1315,0,1315123,0.13,0.8,0.07,40,0.16716287312804132,
1316,1316,0,1316123,0.13,0.81,0.06,40,0.11923014318164853,
1317,1317,0,1317123,0.13,0.82,0.05,40,0.1426000432298929,
1318,1318,0,1318123,0.13,0.83,0.04,40,0.16022353037558149,
1319,1319,0,1319123,0.13,0.84,0.03,40,0.12763110669502917,
1320,1320,0,1320123,0.13,0.85,0.02,40,0.17120375764795412,
1321,1321,0,1321123,0.13,0.86,0.01,40,0.14248650572303362,
1322,1322,0,1322123,0.13,0.87,0.0,40,0.19901314298531425,
1323,1323,0,1323123,0.14,0.0,0.86,40,0.028614865937160765,
1324,1324,0,1324123,0.14,0.01,0.85,40,0.02127492142789078,
1325,1325,0,1325123,0.14,0.02,0.84,40,0.04512537706216069,
1326,1326,0,1326123,0.14,0.03,0.83,40,0.06377025186034453,
1327,1327,0,1327123,0.14,0.04,0.82,40,0.06650526678941349,
1328,1328,0,1328123,0.14,0.05,0.81,40,0.06328938634401211,
1329,1329,0,1329123,0.14,0.06,0.8,40,0.03804446905273691,
1330,1330,0,1330123,0.14,0.07,0.79,40,0.02897360405679217,
1331,1331,0,1331123,0.14,0.08,0.78,40,0.06432157841281298,
1332,1332,0,1332123,0.14,0.09,0.77,40,0.03941574298829873,
1333,1333,0,1333123,0.14,0.1,0.76,40,0.11700066728162825,
1334,1334,0,1334123,0.14,0.11,0.75,40,0.06083173460096418,
1335,1335,0,1335123,0.14,0.12,0.74,40,0.033584952276842855,
1336,1336,0,1336123,0.14,0.13,0.73,40,0.12824120923724958,
1337,1337,0,1337123,0.14,0.14,0.72,40,0.07891392074460585,
1338,1338,0,1338123,0.14,0.15,0.71,40,0.04965303338694311,
1339,1339,0,1339123,0.14,0.16,0.7,40,0.05405412209065648,
1340,1340,0,1340123,0.14,0.17,0.69,40,0.05756391271875262,
1341,1341,0,1341123,0.14,0.18,0.68,40,0.06083736665259039,
1342,1342,0,1342123,0.14,0.19,0.67,40,0.0766912065392254,
1343,1343,0,1343123,0.14,0.2,0.66,40,0.10690869573601489,
1344,1344,0,1344123,0.14,0.21,0.65,40,0.05653409793507582,
1345,1345,0,1345123,0.14,0.22,0.64,40,0.04762657757366545,
1346,1346,0,1346123,0.14,0.23,0.63,40,0.06889443155658005,
1347,1347,0,1347123,0.14,0.24,0.62,40,0.0528277154702333,
1348,1348,0,1348123,0.14,0.25,0.61,40,0.0723771905750508,
1349,1349,0,1349123,0.14,0.26,0.6,40,0.06755311470018172,
1350,1350,0,1350123,0.14,0.27,0.59,40,0.11103965974671443,
1351,1351,0,1351123,0.14,0.28,0.58,40,0.08297255760211711,
1352,1352,0,1352123,0.14,0.29,0.57,40,0.09836970306091357,
1353,1353,0,1353123,0.14,0.3,0.56,40,0.06994486960404464,
1354,1354,0,1354123,0.14,0.31,0.55,40,0.07448101950148645,
1355,1355,0,1355123,0.14,0.32,0.54,40,0.09209762207948861,
1356,1356,0,1356123,0.14,0.33,0.53,40,0.06550166052999142,
1357,1357,0,1357123,0.14,0.34,0.52,40,0.07659737221029057,
1358,1358,0,1358123,0.14,0.35,0.51,40,0.08791626079823166,
1359,1359,0,1359123,0.14,0.36,0.5,40,0.0906988980728957,
1360,1360,0,1360123,0.14,0.37,0.49,40,0.06178740183795481,
1361,1361,0,1361123,0.14,0.38,0.48,40,0.078641101700468,
1362,1362,0,1362123,0.14,0.39,0.47,40,0.0888642017485992,
1363,1363,0,1363123,0.14,0.4,0.46,40,0.18804088235686536,
1364,1364,0,1364123,0.14,0.41,0.45,40,0.08325741054265759,
1365,1365,0,1365123,0.14,0.42,0.44,40,0.09543046490442948,
1366,1366,0,1366123,0.14,0.43,0.43,40,0.08879000470438957,
1367,1367,0,1367123,0.14,0.44,0.42,40,0.12147227097116345,
1368,1368,0,1368123,0.14,0.45,0.41,40,0.0884883037104939,
1369,1369,0,1369123,0.14,0.46,0.4,40,0.07788921169460514,
1370,1370,0,1370123,0.14,0.47,0.39,40,0.13735906263425948,
1371,1371,0,1371123,0.14,0.48,0.38,40,0.09897309171288068,
1372,1372,0,1372123,0.14,0.49,0.37,40,0.09191780807831053,
1373,1373,0,1373123,0.14,0.5,0.36,40,0.08937950384378529,
1374,1374,0,1374123,0.14,0.51,0.35,40,0.12713099817215492,
1375,1375,0,1375123,0.14,0.52,0.34,40,0.13355130954464292,
1376,1376,0,1376123,0.14,0.53,0.33,40,0.12578440065496985,
1377,1377,0,1377123,0.14,0.54,0.32,40,0.12046593047949772,
1378,1378,0,1378123,0.14,0.55,0.31,40,0.14840590655055694,
1379,1379,0,1379123,0.14,0.56,0.3,40,0.10871852171402659,
1380,1380,0,1380123,0.14,0.57,0.29,40,0.21809691242811574,
1381,1381,0,1381123,0.14,0.58,0.28,40,0.15279808992615912,
1382,1382,0,1382123,0.14,0.59,0.27,40,0.1361151373552397,
1383,1383,0,1383123,0.14,0.6,0.26,40,0.17866429154990351,
1384,1384,0,1384123,0.14,0.61,0.25,40,0.17534149275382185,
1385,1385,0,1385123,0.14,0.62,0.24,40,0.13691286990440515,
1386,1386,0,1386123,0.14,0.63,0.23,40,0.13701636378064155,
1387,1387,0,1387123,0.14,0.64,0.22,40,0.14815898565322697,
1388,1388,0,1388123,0.14,0.65,0.21,40,0.11057650997293891,
1389,1389,0,1389123,0.14,0.66,0.2,40,0.11113668574557876,
1390,1390,0,1390123,0.14,0.67,0.19,40,0.22466627913687995,
1391,1391,0,1391123,0.14,0.68,0.18,40,0.19977213625121557,
1392,1392,0,1392123,0.14,0.69,0.17,40,0.13262310814119305,
1393,1393,0,1393123,0.14,0.7,0.16,40,0.2208348370899506,
1394,1394,0,1394123,0.14,0.71,0.15,40,0.1666876804641333,
1395,1395,0,1395123,0.14,0.72,0.14,40,0.1073176271803644,
1396,1396,0,1396123,0.14,0.73,0.13,40,0.21683388147017008,
1397,1397,0,1397123,0.14,0.74,0.12,40,0.11013093262646001,
1398,1398,0,1398123,0.14,0.75,0.11,40,0.11610816635530553,
1399,1399,0,1399123,0.14,0.76,0.1,40,0.13633702987518143,
1400,1400,0,1400123,0.14,0.77,0.09,40,0.11263069272820918,
1401,1401,0,1401123,0.14,0.78,0.08,40,0.12060995540009757,
1402,1402,0,1402123,0.14,0.79,0.07,40,0.1419608751723637,
1403,1403,0,1403123,0.14,0.8,0.06,40,0.16441508597405288,
1404,1404,0,1404123,0.14,0.81,0.05,40,0.19080748494610553,
1405,1405,0,1405123,0.14,0.82,0.04,40,0.13826593573399132,
1406,1406,0,1406123,0.14,0.83,0.03,40,0.17431681170709973,
1407,1407,0,1407123,0.14,0.84,0.02,40,0.2517445081493486,
1408,1408,0,1408123,0.14,0.85,0.01,40,0.18331917976582116,
1409,1409,0,1409123,0.14,0.86,0.0,40,0.1611557563405635,
1410,1410,0,1410123,0.15,0.0,0.85,40,0.041915912336496434,
1411,1411,0,1411123,0.15,0.01,0.84,40,0.0682527325315095,
1412,1412,0,1412123,0.15,0.02,0.83,40,0.02358024940918996,
1413,1413,0,1413123,0.15,0.03,0.82,40,0.14190764255738228,
1414,1414,0,1414123,0.15,0.04,0.81,40,0.03006166007058614,
1415,1415,0,1415123,0.15,0.05,0.8,40,0.08478025826872271,
1416,1416,0,1416123,0.15,0.06,0.79,40,0.03615980801114902,
1417,1417,0,1417123,0.15,0.07,0.78,40,0.10789834897570962,
1418,1418,0,1418123,0.15,0.08,0.77,40,0.05338794589741649,
1419,1419,0,1419123,0.15,0.09,0.76,40,0.08573935969485183,
1420,1420,0,1420123,0.15,0.1,0.75,40,0.05250610230886532,
1421,1421,0,1421123,0.15,0.11,0.74,40,0.032977933909278556,
1422,1422,0,1422123,0.15,0.12,0.73,40,0.06999339065250564,
1423,1423,0,1423123,0.15,0.13,0.72,40,0.06267248310919418,
1424,1424,0,1424123,0.15,0.14,0.71,40,0.04120606199577242,
1425,1425,0,1425123,0.15,0.15,0.7,40,0.05460786699597961,
1426,1426,0,1426123,0.15,0.16,0.69,40,0.04203985181109839,
1427,1427,0,1427123,0.15,0.17,0.68,40,0.07915220912245997,
1428,1428,0,1428123,0.15,0.18,0.67,40,0.04999800072719062,
1429,1429,0,1429123,0.15,0.19,0.66,40,0.05818167930593775,
1430,1430,0,1430123,0.15,0.2,0.65,40,0.055521910498321454,
1431,1431,0,1431123,0.15,0.21,0.64,40,0.07292969264607635,
1432,1432,0,1432123,0.15,0.22,0.63,40,0.20487914016281006,
1433,1433,0,1433123,0.15,0.23,0.62,40,0.08679159280941684,
1434,1434,0,1434123,0.15,0.24,0.61,40,0.059542245051611736,
1435,1435,0,1435123,0.15,0.25,0.6,40,0.08962919918142176,
1436,1436,0,1436123,0.15,0.26,0.59,40,0.05377627922985299,
1437,1437,0,1437123,0.15,0.27,0.58,40,0.057410033745880204,
1438,1438,0,1438123,0.15,0.28,0.57,40,0.09229198294008842,
1439,1439,0,1439123,0.15,0.29,0.56,40,0.07754794201023177,
1440,1440,0,1440123,0.15,0.3,0.55,40,0.06456635634154201,
1441,1441,0,1441123,0.15,0.31,0.54,40,0.10649071321346427,
1442,1442,0,1442123,0.15,0.32,0.53,40,0.09664906400546165,
1443,1443,0,1443123,0.15,0.33,0.52,40,0.12137355512856099,
1444,1444,0,1444123,0.15,0.34,0.51,40,0.13086157262599352,
1445,1445,0,1445123,0.15,0.35,0.5,40,0.07616047565261962,
1446,1446,0,1446123,0.15,0.36,0.49,40,0.08428158108965216,
1447,1447,0,1447123,0.15,0.37,0.48,40,0.10243444178385813,
1448,1448,0,1448123,0.15,0.38,0.47,40,0.14279630326797302,
1449,1449,0,1449123,0.15,0.39,0.46,40,0.10078585343119448,
1450,1450,0,1450123,0.15,0.4,0.45,40,0.1089041173930805,
1451,1451,0,1451123,0.15,0.41,0.44,40,0.07731461638441345,
1452,1452,0,1452123,0.15,0.42,0.43,40,0.10069655015039186,
1453,1453,0,1453123,0.15,0.43,0.42,40,0.09483739539737096,
1454,1454,0,1454123,0.15,0.44,0.41,40,0.1657483358196731,
1455,1455,0,1455123,0.15,0.45,0.4,40,0.11136296194766936,
1456,1456,0,1456123,0.15,0.46,0.39,40,0.13625549055291436,
1457,1457,0,1457123,0.15,0.47,0.38,40,0.08718526311160832,
1458,1458,0,1458123,0.15,0.48,0.37,40,0.10219396103662837,
1459,1459,0,1459123,0.15,0.49,0.36,40,0.07565760067837711,
1460,1460,0,1460123,0.15,0.5,0.35,40,0.09871724333846026,
1461,1461,0,1461123,0.15,0.51,0.34,40,0.10439922569126966,
1462,1462,0,1462123,0.15,0.52,0.33,40,0.07799328411033905,
1463,1463,0,1463123,0.15,0.53,0.32,40,0.10939396232059191,
1464,1464,0,1464123,0.15,0.54,0.31,40,0.12058989805083385,
1465,1465,0,1465123,0.15,0.55,0.3,40,0.16501819549502314,
1466,1466,0,1466123,0.15,0.56,0.29,40,0.12854813852808347,
1467,1467,0,1467123,0.15,0.57,0.28,40,0.09945825830505171,
1468,1468,0,1468123,0.15,0.58,0.27,40,0.13447571894022362,
1469,1469,0,1469123,0.15,0.59,0.26,40,0.1769667432259957,
1470,1470,0,1470123,0.15,0.6,0.25,40,0.11232300229358624,
1471,1471,0,1471123,0.15,0.61,0.24,40,0.10471737346073486,
1472,1472,0,1472123,0.15,0.62,0.23,40,0.15425171857577413,
1473,1473,0,1473123,0.15,0.63,0.22,40,0.1134646721323223,
1474,1474,0,1474123,0.15,0.64,0.21,40,0.15146629858150884,
1475,1475,0,1475123,0.15,0.65,0.2,40,0.17952735440137185,
1476,1476,0,1476123,0.15,0.66,0.19,40,0.14326649579105555,
1477,1477,0,1477123,0.15,0.67,0.18,40,0.20913300493758202,
1478,1478,0,1478123,0.15,0.68,0.17,40,0.17784567406650767,
1479,1479,0,1479123,0.15,0.69,0.16,40,0.1775689764562993,
1480,1480,0,1480123,0.15,0.7,0.15,40,0.15699129515062932,
1481,1481,0,1481123,0.15,0.71,0.14,40,0.09989475918935846,
1482,1482,0,1482123,0.15,0.72,0.13,40,0.13350178894334605,
1483,1483,0,1483123,0.15,0.73,0.12,40,0.2128997074876109,
1484,1484,0,1484123,0.15,0.74,0.11,40,0.19521285519953957,
1485,1485,0,1485123,0.15,0.75,0.1,40,0.14974270548607188,
1486,1486,0,1486123,0.15,0.76,0.09,40,0.13645549092967688,
1487,1487,0,1487123,0.15,0.77,0.08,40,0.1407789955388355,
1488,1488,0,1488123,0.15,0.78,0.07,40,0.12942594909607946,
1489,1489,0,1489123,0.15,0.79,0.06,40,0.13950920244643544,
1490,1490,0,1490123,0.15,0.8,0.05,40,0.16241221771381928,
1491,1491,0,1491123,0.15,0.81,0.04,40,0.18793117708443946,
1492,1492,0,1492123,0.15,0.82,0.03,40,0.11295762376989792,
1493,1493,0,1493123,0.15,0.83,0.02,40,0.14872638853385847,
1494,1494,0,1494123,0.15,0.84,0.01,40,0.16418404541780351,
1495,1495,0,1495123,0.15,0.85,0.0,40,0.1669730035511369,
1496,1496,0,1496123,0.16,0.0,0.84,40,0.08750299773040476,
1497,1497,0,1497123,0.16,0.01,0.83,40,0.08006352539705751,
1498,1498,0,1498123,0.16,0.02,0.82,40,0.07066966076725062,
1499,1499,0,1499123,0.16,0.03,0.81,40,0.0639576318150562,
1500,1500,0,1500123,0.16,0.04,0.8,40,0.03256783922769875,
1501,1501,0,1501123,0.16,0.05,0.79,40,0.04645537535546393,
1502,1502,0,1502123,0.16,0.06,0.78,40,0.07677034388652686,
1503,1503,0,1503123,0.16,0.07,0.77,40,0.03460159408785104,
1504,1504,0,1504123,0.16,0.08,0.76,40,0.07455081856481507,
1505,1505,0,1505123,0.16,0.09,0.75,40,0.06074111244768925,
1506,1506,0,1506123,0.16,0.1,0.74,40,0.056615967000723,
1507,1507,0,1507123,0.16,0.11,0.73,40,0.07278758951023996,
1508,1508,0,1508123,0.16,0.12,0.72,40,0.03550603248493722,
1509,1509,0,1509123,0.16,0.13,0.71,40,0.07876108211717177,
1510,1510,0,1510123,0.16,0.14,0.7,40,0.08223074343428607,
1511,1511,0,1511123,0.16,0.15,0.69,40,0.06000673933052062,
1512,1512,0,1512123,0.16,0.16,0.68,40,0.05846649168242183,
1513,1513,0,1513123,0.16,0.17,0.67,40,0.05595353091962313,
1514,1514,0,1514123,0.16,0.18,0.66,40,0.04750652533973989,
1515,1515,0,1515123,0.16,0.19,0.65,40,0.0538386069182683,
1516,1516,0,1516123,0.16,0.2,0.64,40,0.06440669383372744,
1517,1517,0,1517123,0.16,0.21,0.63,40,0.057903481451579614,
1518,1518,0,1518123,0.16,0.22,0.62,40,0.06682858058488932,
1519,1519,0,1519123,0.16,0.23,0.61,40,0.08445101174449852,
1520,1520,0,1520123,0.16,0.24,0.6,40,0.10532056570853547,
1521,1521,0,1521123,0.16,0.25,0.59,40,0.10024261502695325,
1522,1522,0,1522123,0.16,0.26,0.58,40,0.04984130584194394,
1523,1523,0,1523123,0.16,0.27,0.57,40,0.0970805965701339,
1524,1524,0,1524123,0.16,0.28,0.56,40,0.07402484728169015,
1525,1525,0,1525123,0.16,0.29,0.55,40,0.09750431269160066,
1526,1526,0,1526123,0.16,0.3,0.54,40,0.07530101937290999,
1527,1527,0,1527123,0.16,0.31,0.53,40,0.07634494443091,
1528,1528,0,1528123,0.16,0.32,0.52,40,0.09964566255966988,
1529,1529,0,1529123,0.16,0.33,0.51,40,0.09576629961015637,
1530,1530,0,1530123,0.16,0.34,0.5,40,0.10405193604075225,
1531,1531,0,1531123,0.16,0.35,0.49,40,0.07256153555928542,
1532,1532,0,1532123,0.16,0.36,0.48,40,0.07492187502679697,
1533,1533,0,1533123,0.16,0.37,0.47,40,0.07880341894852311,
1534,1534,0,1534123,0.16,0.38,0.46,40,0.09418058677982326,
1535,1535,0,1535123,0.16,0.39,0.45,40,0.0873407130478954,
1536,1536,0,1536123,0.16,0.4,0.44,40,0.11113632885075174,
1537,1537,0,1537123,0.16,0.41,0.43,40,0.09207836052464347,
1538,1538,0,1538123,0.16,0.42,0.42,40,0.19386659253311084,
1539,1539,0,1539123,0.16,0.43,0.41,40,0.09690059245623048,
1540,1540,0,1540123,0.16,0.44,0.4,40,0.148583393054275,
1541,1541,0,1541123,0.16,0.45,0.39,40,0.16349375487605788,
1542,1542,0,1542123,0.16,0.46,0.38,40,0.08943578958735676,
1543,1543,0,1543123,0.16,0.47,0.37,40,0.10347555547493098,
1544,1544,0,1544123,0.16,0.48,0.36,40,0.0738567102424453,
1545,1545,0,1545123,0.16,0.49,0.35,40,0.07767886730485114,
1546,1546,0,1546123,0.16,0.5,0.34,40,0.12519351899516476,
1547,1547,0,1547123,0.16,0.51,0.33,40,0.113012807706606,
1548,1548,0,1548123,0.16,0.52,0.32,40,0.13132825148612773,
1549,1549,0,1549123,0.16,0.53,0.31,40,0.17872423341515215,
1550,1550,0,1550123,0.16,0.54,0.3,40,0.2066683932963666,
1551,1551,0,1551123,0.16,0.55,0.29,40,0.1438881690251056,
1552,1552,0,1552123,0.16,0.56,0.28,40,0.12644781175702327,
1553,1553,0,1553123,0.16,0.57,0.27,40,0.10406906919904807,
1554,1554,0,1554123,0.16,0.58,0.26,40,0.15155078586907053,
1555,1555,0,1555123,0.16,0.59,0.25,40,0.2420817768669676,
1556,1556,0,1556123,0.16,0.6,0.24,40,0.14219804139254683,
1557,1557,0,1557123,0.16,0.61,0.23,40,0.1771975139572049,
1558,1558,0,1558123,0.16,0.62,0.22,40,0.12286976721289541,
1559,1559,0,1559123,0.16,0.63,0.21,40,0.10789327161829837,
1560,1560,0,1560123,0.16,0.64,0.2,40,0.13904280355040496,
1561,1561,0,1561123,0.16,0.65,0.19,40,0.16179771494522296,
1562,1562,0,1562123,0.16,0.66,0.18,40,0.16092331576856983,
1563,1563,0,1563123,0.16,0.67,0.17,40,0.1820526466697413,
1564,1564,0,1564123,0.16,0.68,0.16,40,0.16107399418145452,
1565,1565,0,1565123,0.16,0.69,0.15,40,0.18206275433630872,
1566,1566,0,1566123,0.16,0.7,0.14,40,0.18559811587196065,
1567,1567,0,1567123,0.16,0.71,0.13,40,0.20955936370855885,
1568,1568,0,1568123,0.16,0.72,0.12,40,0.1249387719112506,
1569,1569,0,1569123,0.16,0.73,0.11,40,0.13487508592870057,
1570,1570,0,1570123,0.16,0.74,0.1,40,0.14148646571069787,
1571,1571,0,1571123,0.16,0.75,0.09,40,0.1475090489880694,
1572,1572,0,1572123,0.16,0.76,0.08,40,0.13936844052394332,
1573,1573,0,1573123,0.16,0.77,0.07,40,0.13470124701925365,
1574,1574,0,1574123,0.16,0.78,0.06,40,0.15912225379387138,
1575,1575,0,1575123,0.16,0.79,0.05,40,0.13711848273988525,
1576,1576,0,1576123,0.16,0.8,0.04,40,0.10713739565227264,
1577,1577,0,1577123,0.16,0.81,0.03,40,0.179402911767368,
1578,1578,0,1578123,0.16,0.82,0.02,40,0.14826449320707696,
1579,1579,0,1579123,0.16,0.83,0.01,40,0.15768924964121991,
1580,1580,0,1580123,0.16,0.84,0.0,40,0.22800791066712417,
1581,1581,0,1581123,0.17,0.0,0.83,40,0.08982439611844588,
1582,1582,0,1582123,0.17,0.01,0.82,40,0.042306531439963276,
1583,1583,0,1583123,0.17,0.02,0.81,40,0.03274801554446231,
1584,1584,0,1584123,0.17,0.03,0.8,40,0.07808769874738708,
1585,1585,0,1585123,0.17,0.04,0.79,40,0.14774259881259408,
1586,1586,0,1586123,0.17,0.05,0.78,40,0.04571767162642436,
1587,1587,0,1587123,0.17,0.06,0.77,40,0.04162247976959641,
1588,1588,0,1588123,0.17,0.07,0.76,40,0.07863410145564276,
1589,1589,0,1589123,0.17,0.08,0.75,40,0.07606755891320663,
1590,1590,0,1590123,0.17,0.09,0.74,40,0.12104053314409748,
1591,1591,0,1591123,0.17,0.1,0.73,40,0.08233011559543725,
1592,1592,0,1592123,0.17,0.11,0.72,40,0.14136842335709732,
1593,1593,0,1593123,0.17,0.12,0.71,40,0.038112225258379664,
1594,1594,0,1594123,0.17,0.13,0.7,40,0.07832248276925,
1595,1595,0,1595123,0.17,0.14,0.69,40,0.042335707639395474,
1596,1596,0,1596123,0.17,0.15,0.68,40,0.10509168780484304,
1597,1597,0,1597123,0.17,0.16,0.67,40,0.09469346976913079,
1598,1598,0,1598123,0.17,0.17,0.66,40,0.04376382977209437,
1599,1599,0,1599123,0.17,0.18,0.65,40,0.07329868400765158,
1600,1600,0,1600123,0.17,0.19,0.64,40,0.07125903309843538,
1601,1601,0,1601123,0.17,0.2,0.63,40,0.06186964687899459,
1602,1602,0,1602123,0.17,0.21,0.62,40,0.050887249700509424,
1603,1603,0,1603123,0.17,0.22,0.61,40,0.0616977216509971,
1604,1604,0,1604123,0.17,0.23,0.6,40,0.07633927866017702,
1605,1605,0,1605123,0.17,0.24,0.59,40,0.08700549689530576,
1606,1606,0,1606123,0.17,0.25,0.58,40,0.09337639979924368,
1607,1607,0,1607123,0.17,0.26,0.57,40,0.07235321313474685,
1608,1608,0,1608123,0.17,0.27,0.56,40,0.09189150498635754,
1609,1609,0,1609123,0.17,0.28,0.55,40,0.1001086631243715,
1610,1610,0,1610123,0.17,0.29,0.54,40,0.06532335152281422,
1611,1611,0,1611123,0.17,0.3,0.53,40,0.08076446282351701,
1612,1612,0,1612123,0.17,0.31,0.52,40,0.11699895799023971,
1613,1613,0,1613123,0.17,0.32,0.51,40,0.08473133127184003,
1614,1614,0,1614123,0.17,0.33,0.5,40,0.08643784695102,
1615,1615,0,1615123,0.17,0.34,0.49,40,0.0703150323657724,
1616,1616,0,1616123,0.17,0.35,0.48,40,0.05509672978561914,
1617,1617,0,1617123,0.17,0.36,0.47,40,0.08940665273774422,
1618,1618,0,1618123,0.17,0.37,0.46,40,0.10839355266639777,
1619,1619,0,1619123,0.17,0.38,0.45,40,0.08295572269518417,
1620,1620,0,1620123,0.17,0.39,0.44,40,0.08637974069322542,
1621,1621,0,1621123,0.17,0.4,0.43,40,0.07947452690633061,
1622,1622,0,1622123,0.17,0.41,0.42,40,0.11137693417755609,
1623,1623,0,1623123,0.17,0.42,0.41,40,0.148405028835407,
1624,1624,0,1624123,0.17,0.43,0.4,40,0.09956570619996961,
1625,1625,0,1625123,0.17,0.44,0.39,40,0.10118950953322821,
1626,1626,0,1626123,0.17,0.45,0.38,40,0.0708592333364183,
1627,1627,0,1627123,0.17,0.46,0.37,40,0.07277752394464536,
1628,1628,0,1628123,0.17,0.47,0.36,40,0.10070100410944528,
1629,1629,0,1629123,0.17,0.48,0.35,40,0.12508957208354377,
1630,1630,0,1630123,0.17,0.49,0.34,40,0.0720695384961802,
1631,1631,0,1631123,0.17,0.5,0.33,40,0.14620884728132022,
1632,1632,0,1632123,0.17,0.51,0.32,40,0.09533654406528559,
1633,1633,0,1633123,0.17,0.52,0.31,40,0.0986830237779651,
1634,1634,0,1634123,0.17,0.53,0.3,40,0.23419362525501417,
1635,1635,0,1635123,0.17,0.54,0.29,40,0.15288301100558505,
1636,1636,0,1636123,0.17,0.55,0.28,40,0.11074172088871388,
1637,1637,0,1637123,0.17,0.56,0.27,40,0.08985444975112647,
1638,1638,0,1638123,0.17,0.57,0.26,40,0.11341301352494851,
1639,1639,0,1639123,0.17,0.58,0.25,40,0.1046504764313288,
1640,1640,0,1640123,0.17,0.59,0.24,40,0.08154979927068215,
1641,1641,0,1641123,0.17,0.6,0.23,40,0.1668902647565171,
1642,1642,0,1642123,0.17,0.61,0.22,40,0.0895249323235942,
1643,1643,0,1643123,0.17,0.62,0.21,40,0.09681950812885827,
1644,1644,0,1644123,0.17,0.63,0.2,40,0.2168050212106068,
1645,1645,0,1645123,0.17,0.64,0.19,40,0.14228468648472312,
1646,1646,0,1646123,0.17,0.65,0.18,40,0.13532310010799903,
1647,1647,0,1647123,0.17,0.66,0.17,40,0.15992549933298894,
1648,1648,0,1648123,0.17,0.67,0.16,40,0.1400359176286186,
1649,1649,0,1649123,0.17,0.68,0.15,40,0.16978406127691925,
1650,1650,0,1650123,0.17,0.69,0.14,40,0.09296150036209128,
1651,1651,0,1651123,0.17,0.7,0.13,40,0.1128388353645483,
1652,1652,0,1652123,0.17,0.71,0.12,40,0.11665580130932637,
1653,1653,0,1653123,0.17,0.72,0.11,40,0.14776568739199747,
1654,1654,0,1654123,0.17,0.73,0.1,40,0.13518702300854757,
1655,1655,0,1655123,0.17,0.74,0.09,40,0.13277684299163,
1656,1656,0,1656123,0.17,0.75,0.08,40,0.10599521957477243,
1657,1657,0,1657123,0.17,0.76,0.07,40,0.14838738391303438,
1658,1658,0,1658123,0.17,0.77,0.06,40,0.12548840667909467,
1659,1659,0,1659123,0.17,0.78,0.05,40,0.19548443038209667,
1660,1660,0,1660123,0.17,0.79,0.04,40,0.16155252240674783,
1661,1661,0,1661123,0.17,0.8,0.03,40,0.11107856061564676,
1662,1662,0,1662123,0.17,0.81,0.02,40,0.03196047352056526,
1663,1663,0,1663123,0.17,0.82,0.01,40,0.11192943115123838,
1664,1664,0,1664123,0.17,0.83,0.0,40,0.17442541343787046,
1665,1665,0,1665123,0.18,0.0,0.82,40,0.08523043956670798,
1666,1666,0,1666123,0.18,0.01,0.81,40,0.1309856294410567,
1667,1667,0,1667123,0.18,0.02,0.8,40,0.07745987470305432,
1668,1668,0,1668123,0.18,0.03,0.79,40,0.11155972367300976,
1669,1669,0,1669123,0.18,0.04,0.78,40,0.03792709259979973,
1670,1670,0,1670123,0.18,0.05,0.77,40,0.05335722798550357,
1671,1671,0,1671123,0.18,0.06,0.76,40,0.055383414284178735,
1672,1672,0,1672123,0.18,0.07,0.75,40,0.03282333520148637,
1673,1673,0,1673123,0.18,0.08,0.74,40,0.05261132115349264,
1674,1674,0,1674123,0.18,0.09,0.73,40,0.11213153818371763,
1675,1675,0,1675123,0.18,0.1,0.72,40,0.11558472422386537,
1676,1676,0,1676123,0.18,0.11,0.71,40,0.07555161910105208,
1677,1677,0,1677123,0.18,0.12,0.7,40,0.060251933514727865,
1678,1678,0,1678123,0.18,0.13,0.69,40,0.05034896422830736,
1679,1679,0,1679123,0.18,0.14,0.68,40,0.04554611214241433,
1680,1680,0,1680123,0.18,0.15,0.67,40,0.08027446696101172,
1681,1681,0,1681123,0.18,0.16,0.66,40,0.04647614886244149,
1682,1682,0,1682123,0.18,0.17,0.65,40,0.051518044285837034,
1683,1683,0,1683123,0.18,0.18,0.64,40,0.056591607167796175,
1684,1684,0,1684123,0.18,0.19,0.63,40,0.06270381288337948,
1685,1685,0,1685123,0.18,0.2,0.62,40,0.06784306125561039,
1686,1686,0,1686123,0.18,0.21,0.61,40,0.05723600424120661,
1687,1687,0,1687123,0.18,0.22,0.6,40,0.06302311040206401,
1688,1688,0,1688123,0.18,0.23,0.59,40,0.0747349638496488,
1689,1689,0,1689123,0.18,0.24,0.58,40,0.06405746961408884,
1690,1690,0,1690123,0.18,0.25,0.57,40,0.08236748687599997,
1691,1691,0,1691123,0.18,0.26,0.56,40,0.09926572690645993,
1692,1692,0,1692123,0.18,0.27,0.55,40,0.07255395376751367,
1693,1693,0,1693123,0.18,0.28,0.54,40,0.09260460634122553,
1694,1694,0,1694123,0.18,0.29,0.53,40,0.10985725013880197,
1695,1695,0,1695123,0.18,0.3,0.52,40,0.10092358678916022,
1696,1696,0,1696123,0.18,0.31,0.51,40,0.09794079768845744,
1697,1697,0,1697123,0.18,0.32,0.5,40,0.05249388123567075,
1698,1698,0,1698123,0.18,0.33,0.49,40,0.11148412567315502,
1699,1699,0,1699123,0.18,0.34,0.48,40,0.09708412677109601,
1700,1700,0,1700123,0.18,0.35,0.47,40,0.13420928140433214,
1701,1701,0,1701123,0.18,0.36,0.46,40,0.08550102213571954,
1702,1702,0,1702123,0.18,0.37,0.45,40,0.07078488045079287,
1703,1703,0,1703123,0.18,0.38,0.44,40,0.0852791819740671,
1704,1704,0,1704123,0.18,0.39,0.43,40,0.10909980107260847,
1705,1705,0,1705123,0.18,0.4,0.42,40,0.12230990623066346,
1706,1706,0,1706123,0.18,0.41,0.41,40,0.11291618294273768,
1707,1707,0,1707123,0.18,0.42,0.4,40,0.09012561059456162,
1708,1708,0,1708123,0.18,0.43,0.39,40,0.15124132546257946,
1709,1709,0,1709123,0.18,0.44,0.38,40,0.08075128137813518,
1710,1710,0,1710123,0.18,0.45,0.37,40,0.10828658319656961,
1711,1711,0,1711123,0.18,0.46,0.36,40,0.09653325484976792,
1712,1712,0,1712123,0.18000000000000002,0.47000000000000003,0.35000000000000003,40,0.14574624759180288,
1713,1713,0,1713123,0.18,0.48,0.34,40,0.1690201542770684,
1714,1714,0,1714123,0.18,0.49,0.33,40,0.16067067273981633,
1715,1715,0,1715123,0.18,0.5,0.32,40,0.07233640056989643,
1716,1716,0,1716123,0.18,0.51,0.31,40,0.1768409273925125,
1717,1717,0,1717123,0.18,0.52,0.3,40,0.12398570929363553,
1718,1718,0,1718123,0.18,0.53,0.29,40,0.16994023075456965,
1719,1719,0,1719123,0.18,0.54,0.28,40,0.1684934059725885,
1720,1720,0,1720123,0.18,0.55,0.27,40,0.14202102394554011,
1721,1721,0,1721123,0.18,0.56,0.26,40,0.19253099226462073,
1722,1722,0,1722123,0.18,0.57,0.25,40,0.13554187237646628,
1723,1723,0,1723123,0.18,0.58,0.24,40,0.10519979795213856,
1724,1724,0,1724123,0.18,0.59,0.23,40,0.19542122579163287,
1725,1725,0,1725123,0.18,0.6,0.22,40,0.14677241083490014,
1726,1726,0,1726123,0.18,0.61,0.21,40,0.1696246708911996,
1727,1727,0,1727123,0.18,0.62,0.2,40,0.17744473477861702,
1728,1728,0,1728123,0.18,0.63,0.19,40,0.11837791269202308,
1729,1729,0,1729123,0.18,0.64,0.18,40,0.1852286600231636,
1730,1730,0,1730123,0.18,0.65,0.17,40,0.1367723232707292,
1731,1731,0,1731123,0.18,0.66,0.16,40,0.11349864405269806,
1732,1732,0,1732123,0.18,0.67,0.15,40,0.1289495855863875,
1733,1733,0,1733123,0.18,0.68,0.14,40,0.1304268805508962,
1734,1734,0,1734123,0.18,0.69,0.13,40,0.13685843628896824,
1735,1735,0,1735123,0.18,0.7,0.11999999999999998,40,0.13945062237885736,
1736,1736,0,1736123,0.18,0.71,0.10999999999999999,40,0.14121494503428053,
1737,1737,0,1737123,0.18,0.72,0.09999999999999999,40,0.15735517524639742,
1738,1738,0,1738123,0.18,0.73,0.09,40,0.1662259766191894,
1739,1739,0,1739123,0.18,0.74,0.08,40,0.15302724654875052,
1740,1740,0,1740123,0.18,0.75,0.07,40,0.10486283767045362,
1741,1741,0,1741123,0.18,0.76,0.06,40,0.1796919235392149,
1742,1742,0,1742123,0.18,0.77,0.05,40,0.1509853670618144,
1743,1743,0,1743123,0.18,0.78,0.04,40,0.12761767716557595,
1744,1744,0,1744123,0.18,0.79,0.03,40,0.19299894864715117,
1745,1745,0,1745123,0.18,0.8,0.02,40,0.14284195002451644,
1746,1746,0,1746123,0.18,0.81,0.01,40,0.12706840360542485,
1747,1747,0,1747123,0.18,0.82,0.0,40,0.21010060690761334,
1748,1748,0,1748123,0.19,0.0,0.81,40,0.05956192245741965,
1749,1749,0,1749123,0.19,0.01,0.8,40,0.13924582309070044,
1750,1750,0,1750123,0.19,0.02,0.79,40,0.07779232315930534,
1751,1751,0,1751123,0.19,0.03,0.78,40,0.04518253929405352,
1752,1752,0,1752123,0.19,0.04,0.77,40,0.07617411292614244,
1753,1753,0,1753123,0.19,0.05,0.76,40,0.03923824301903521,
1754,1754,0,1754123,0.19,0.06,0.75,40,0.07090498367622555,
1755,1755,0,1755123,0.19,0.07,0.74,40,0.045114343290438556,
1756,1756,0,1756123,0.19,0.08,0.73,40,0.04880726693187528,
1757,1757,0,1757123,0.19,0.09,0.72,40,0.0492067475172016,
1758,1758,0,1758123,0.19,0.1,0.71,40,0.04773294472517986,
1759,1759,0,1759123,0.19,0.11,0.7,40,0.11706764332729264,
1760,1760,0,1760123,0.19,0.12,0.69,40,0.0435451386043014,
1761,1761,0,1761123,0.19,0.13,0.68,40,0.06454625779064463,
1762,1762,0,1762123,0.19,0.14,0.67,40,0.12287704813627422,
1763,1763,0,1763123,0.19,0.15,0.66,40,0.06866603998841923,
1764,1764,0,1764123,0.19,0.16,0.65,40,0.047344496195762226,
1765,1765,0,1765123,0.19,0.17,0.64,40,0.053449662936958825,
1766,1766,0,1766123,0.19,0.18,0.63,40,0.08765043658322635,
1767,1767,0,1767123,0.19,0.19,0.62,40,0.04563585364865123,
1768,1768,0,1768123,0.19,0.2,0.61,40,0.04881909881336594,
1769,1769,0,1769123,0.19,0.21,0.6,40,0.09515596033361949,
1770,1770,0,1770123,0.19,0.22,0.59,40,0.10945375350945435,
1771,1771,0,1771123,0.19,0.23,0.58,40,0.0769931317983229,
1772,1772,0,1772123,0.19,0.24,0.57,40,0.059200212755936364,
1773,1773,0,1773123,0.19,0.25,0.56,40,0.12574135799910865,
1774,1774,0,1774123,0.19,0.26,0.55,40,0.06060808578352874,
1775,1775,0,1775123,0.19,0.27,0.54,40,0.11357899597815348,
1776,1776,0,1776123,0.19,0.28,0.53,40,0.0736083026013945,
1777,1777,0,1777123,0.19,0.29,0.52,40,0.08935627590455669,
1778,1778,0,1778123,0.19,0.3,0.51,40,0.09577206330552608,
1779,1779,0,1779123,0.19,0.31,0.5,40,0.09217394115292209,
1780,1780,0,1780123,0.19,0.32,0.49,40,0.07846548839444804,
1781,1781,0,1781123,0.19,0.33,0.48,40,0.08372704820542484,
1782,1782,0,1782123,0.19,0.34,0.47,40,0.09997084114545313,
1783,1783,0,1783123,0.19,0.35,0.46,40,0.08293148216138876,
1784,1784,0,1784123,0.19,0.36,0.45,40,0.06453859763638085,
1785,1785,0,1785123,0.19,0.37,0.44,40,0.07542220728304434,
1786,1786,0,1786123,0.19,0.38,0.43,40,0.08688493572929026,
1787,1787,0,1787123,0.19,0.39,0.42,40,0.07997275100172466,
1788,1788,0,1788123,0.19,0.4,0.41,40,0.07925040075017599,
1789,1789,0,1789123,0.19,0.41,0.4,40,0.06648966727941172,
1790,1790,0,1790123,0.19,0.42,0.39,40,0.11274029020590444,
1791,1791,0,1791123,0.19,0.43,0.38,40,0.16403382314138015,
1792,1792,0,1792123,0.19,0.44,0.37,40,0.14513299481988845,
1793,1793,0,1793123,0.19,0.45,0.36,40,0.12726355261978667,
1794,1794,0,1794123,0.19,0.46,0.35,40,0.11782969419083013,
1795,1795,0,1795123,0.19,0.47,0.34,40,0.11670903264208896,
1796,1796,0,1796123,0.19,0.48,0.33,40,0.153986418729545,
1797,1797,0,1797123,0.19,0.49,0.32,40,0.1854778983931925,
1798,1798,0,1798123,0.19,0.5,0.31,40,0.06784622833028042,
1799,1799,0,1799123,0.19,0.51,0.3,40,0.1271688526125109,
1800,1800,0,1800123,0.19,0.52,0.29,40,0.09059343018239319,
1801,1801,0,1801123,0.19,0.53,0.28,40,0.15792928623244346,
1802,1802,0,1802123,0.19,0.54,0.27,40,0.17166019952076877,
1803,1803,0,1803123,0.19,0.55,0.26,40,0.20220825596837702,
1804,1804,0,1804123,0.19,0.56,0.25,40,0.1483996487015981,
1805,1805,0,1805123,0.19,0.57,0.24,40,0.16808914451417165,
1806,1806,0,1806123,0.19,0.58,0.23,40,0.2002316714477654,
1807,1807,0,1807123,0.19,0.59,0.22,40,0.12021646198200527,
1808,1808,0,1808123,0.19,0.6,0.21,40,0.19726950894675657,
1809,1809,0,1809123,0.19,0.61,0.2,40,0.1610994267615432,
1810,1810,0,1810123,0.19,0.62,0.19,40,0.12029383812002173,
1811,1811,0,1811123,0.19,0.63,0.18,40,0.12408718847137969,
1812,1812,0,1812123,0.19,0.64,0.17,40,0.17464058361464915,
1813,1813,0,1813123,0.19,0.65,0.16,40,0.2171325164537729,
1814,1814,0,1814123,0.19,0.66,0.15,40,0.13893613598188156,
1815,1815,0,1815123,0.19,0.67,0.14,40,0.12252568665905371,
1816,1816,0,1816123,0.19,0.68,0.13,40,0.11683889921310288,
1817,1817,0,1817123,0.18999999999999997,0.69,0.11999999999999998,40,0.15552069228901064,
1818,1818,0,1818123,0.18999999999999997,0.7,0.10999999999999999,40,0.1787865005650936,
1819,1819,0,1819123,0.18999999999999997,0.71,0.09999999999999999,40,0.13736399914622333,
1820,1820,0,1820123,0.18999999999999997,0.72,0.09,40,0.15373584400982734,
1821,1821,0,1821123,0.18999999999999997,0.73,0.08,40,0.1785596932523172,
1822,1822,0,1822123,0.19,0.74,0.07,40,0.1155415397620221,
1823,1823,0,1823123,0.19,0.75,0.06,40,0.1367605984704637,
1824,1824,0,1824123,0.19,0.76,0.05,40,0.16815990043836462,
1825,1825,0,1825123,0.19,0.77,0.04,40,0.18111039945671503,
1826,1826,0,1826123,0.19,0.78,0.03,40,0.20849713211406382,
1827,1827,0,1827123,0.19,0.79,0.02,40,0.20710716769592474,
1828,1828,0,1828123,0.19,0.8,0.01,40,0.11895988791807777,
1829,1829,0,1829123,0.19,0.81,0.0,40,0.09145226703966183,
1830,1830,0,1830123,0.2,0.0,0.8,40,0.0479577922333011,
1831,1831,0,1831123,0.2,0.01,0.79,40,0.06001283859372292,
1832,1832,0,1832123,0.2,0.02,0.78,40,0.07230813861419415,
1833,1833,0,1833123,0.2,0.03,0.77,40,0.10963824728659928,
1834,1834,0,1834123,0.2,0.04,0.76,40,0.08106862687983091,
1835,1835,0,1835123,0.2,0.05,0.75,40,0.07633630642326583,
1836,1836,0,1836123,0.2,0.06,0.74,40,0.10700975528111707,
1837,1837,0,1837123,0.2,0.07,0.73,40,0.06298262607086255,
1838,1838,0,1838123,0.2,0.08,0.72,40,0.06663659386881589,
1839,1839,0,1839123,0.2,0.09,0.71,40,0.07530796032581434,
1840,1840,0,1840123,0.2,0.1,0.7,40,0.0659464924861088,
1841,1841,0,1841123,0.2,0.11,0.69,40,0.07585116997676766,
1842,1842,0,1842123,0.2,0.12,0.68,40,0.04774449030118509,
1843,1843,0,1843123,0.2,0.13,0.67,40,0.055731606988645446,
1844,1844,0,1844123,0.2,0.14,0.66,40,0.03969270562488811,
1845,1845,0,1845123,0.2,0.15,0.65,40,0.1323622616919878,
1846,1846,0,1846123,0.2,0.16,0.64,40,0.05082068744966783,
1847,1847,0,1847123,0.2,0.17,0.63,40,0.05624342508250487,
1848,1848,0,1848123,0.2,0.18,0.62,40,0.09444747778055977,
1849,1849,0,1849123,0.2,0.19,0.61,40,0.038867569445471394,
1850,1850,0,1850123,0.2,0.2,0.6,40,0.07234031571049597,
1851,1851,0,1851123,0.2,0.21,0.59,40,0.05984953919728803,
1852,1852,0,1852123,0.2,0.22,0.58,40,0.12241042649840041,
1853,1853,0,1853123,0.2,0.23,0.57,40,0.08720184516119944,
1854,1854,0,1854123,0.2,0.24,0.56,40,0.05989372397901709,
1855,1855,0,1855123,0.2,0.25,0.55,40,0.07575656527173667,
1856,1856,0,1856123,0.2,0.26,0.54,40,0.08021486603371016,
1857,1857,0,1857123,0.2,0.27,0.53,40,0.10438345754949226,
1858,1858,0,1858123,0.2,0.28,0.52,40,0.07770045750658588,
1859,1859,0,1859123,0.2,0.29,0.51,40,0.08461133530518106,
1860,1860,0,1860123,0.2,0.3,0.5,40,0.05996836923596082,
1861,1861,0,1861123,0.2,0.31,0.49,40,0.05066873344571897,
1862,1862,0,1862123,0.2,0.32,0.48,40,0.07806181838592792,
1863,1863,0,1863123,0.2,0.33,0.47,40,0.06993518603557355,
1864,1864,0,1864123,0.2,0.34,0.46,40,0.07556762718863715,
1865,1865,0,1865123,0.2,0.35,0.45,40,0.09471349475034832,
1866,1866,0,1866123,0.2,0.36,0.44,40,0.08601479889161955,
1867,1867,0,1867123,0.2,0.37,0.43,40,0.09703323284389197,
1868,1868,0,1868123,0.2,0.38,0.42,40,0.12554484297468374,
1869,1869,0,1869123,0.2,0.39,0.41,40,0.11409381408871272,
1870,1870,0,1870123,0.2,0.4,0.4,40,0.09204817426192821,
1871,1871,0,1871123,0.2,0.41,0.39,40,0.07320418390311105,
1872,1872,0,1872123,0.2,0.42,0.38,40,0.14085154093802665,
1873,1873,0,1873123,0.2,0.43,0.37,40,0.11203499403924329,
1874,1874,0,1874123,0.2,0.44,0.36,40,0.08484511705044896,
1875,1875,0,1875123,0.2,0.45,0.35,40,0.10397166305266456,
1876,1876,0,1876123,0.2,0.46,0.34,40,0.07151558916421864,
1877,1877,0,1877123,0.2,0.47,0.33,40,0.11291229613784384,
1878,1878,0,1878123,0.2,0.48,0.32,40,0.10758911379544665,
1879,1879,0,1879123,0.2,0.49,0.31,40,0.13327087460373593,
1880,1880,0,1880123,0.2,0.5,0.3,40,0.13679489961562943,
1881,1881,0,1881123,0.2,0.51,0.29,40,0.08628853410888306,
1882,1882,0,1882123,0.2,0.52,0.28,40,0.09341853717754608,
1883,1883,0,1883123,0.2,0.53,0.27,40,0.07682464501141889,
1884,1884,0,1884123,0.2,0.54,0.26,40,0.11270952791429993,
1885,1885,0,1885123,0.2,0.55,0.25,40,0.17794299068630692,
1886,1886,0,1886123,0.2,0.56,0.24,40,0.08902028923291604,
1887,1887,0,1887123,0.2,0.57,0.23,40,0.16185853768045466,
1888,1888,0,1888123,0.2,0.58,0.22,40,0.12173770302390449,
1889,1889,0,1889123,0.2,0.59,0.21,40,0.13480222149746302,
1890,1890,0,1890123,0.2,0.6,0.2,40,0.11424183832816864,
1891,1891,0,1891123,0.2,0.61,0.19,40,0.14418262267178006,
1892,1892,0,1892123,0.2,0.62,0.18,40,0.11749921453265304,
1893,1893,0,1893123,0.2,0.63,0.17,40,0.14859427247837842,
1894,1894,0,1894123,0.2,0.64,0.16,40,0.14834454386597834,
1895,1895,0,1895123,0.2,0.65,0.15,40,0.14718757820162778,
1896,1896,0,1896123,0.2,0.66,0.14,40,0.16791492529604074,
1897,1897,0,1897123,0.2,0.67,0.13,40,0.10440463132700926,
1898,1898,0,1898123,0.2,0.68,0.12,40,0.1582091794206797,
1899,1899,0,1899123,0.19999999999999998,0.69,0.10999999999999999,40,0.16264755975770812,
1900,1900,0,1900123,0.19999999999999998,0.7,0.09999999999999999,40,0.1318851745944356,
1901,1901,0,1901123,0.19999999999999998,0.71,0.09,40,0.14753668613367307,
1902,1902,0,1902123,0.19999999999999998,0.72,0.08,40,0.19970502177804555,
1903,1903,0,1903123,0.2,0.73,0.07,40,0.1405469681122555,
1904,1904,0,1904123,0.2,0.74,0.06,40,0.21988441525369337,
1905,1905,0,1905123,0.2,0.75,0.05,40,0.13519665682540058,
1906,1906,0,1906123,0.2,0.76,0.04,40,0.1431404600150262,
1907,1907,0,1907123,0.2,0.77,0.03,40,0.1779359373834481,
1908,1908,0,1908123,0.2,0.78,0.02,40,0.15002164422408104,
1909,1909,0,1909123,0.2,0.79,0.01,40,0.12323036411175745,
1910,1910,0,1910123,0.2,0.8,0.0,40,0.1499719019599662,
1911,1911,0,1911123,0.21,0.0,0.79,40,0.029945513111034956,
1912,1912,0,1912123,0.21,0.01,0.78,40,0.024529495424396322,
1913,1913,0,1913123,0.21,0.02,0.77,40,0.07770859775430733,
1914,1914,0,1914123,0.21,0.03,0.76,40,0.06584650061704929,
1915,1915,0,1915123,0.21,0.04,0.75,40,0.05995462904009305,
1916,1916,0,1916123,0.21,0.05,0.74,40,0.08506327371903594,
1917,1917,0,1917123,0.21,0.06,0.73,40,0.06641782187671559,
1918,1918,0,1918123,0.21,0.07,0.72,40,0.08950378200473402,
1919,1919,0,1919123,0.21,0.08,0.71,40,0.11207323163267423,
1920,1920,0,1920123,0.21,0.09,0.7,40,0.06924113021346118,
1921,1921,0,1921123,0.21,0.1,0.69,40,0.1105231808018182,
1922,1922,0,1922123,0.21,0.11,0.68,40,0.06929350113477442,
1923,1923,0,1923123,0.21,0.12,0.67,40,0.0770571344759103,
1924,1924,0,1924123,0.21,0.13,0.66,40,0.07235475896256661,
1925,1925,0,1925123,0.21,0.14,0.65,40,0.07710761606677892,
1926,1926,0,1926123,0.21,0.15,0.64,40,0.037048137221705475,
1927,1927,0,1927123,0.21,0.16,0.63,40,0.09554731171970916,
1928,1928,0,1928123,0.21,0.17,0.62,40,0.08995536984314491,
1929,1929,0,1929123,0.21,0.18,0.61,40,0.07681542987276026,
1930,1930,0,1930123,0.21,0.19,0.6,40,0.08113259762388526,
1931,1931,0,1931123,0.21,0.2,0.59,40,0.08132142677086455,
1932,1932,0,1932123,0.21,0.21,0.58,40,0.08327726777282825,
1933,1933,0,1933123,0.21,0.22,0.57,40,0.06360373364646099,
1934,1934,0,1934123,0.21,0.23,0.56,40,0.10016996151385586,
1935,1935,0,1935123,0.21,0.24,0.55,40,0.07116157807573369,
1936,1936,0,1936123,0.21,0.25,0.54,40,0.06701083235643092,
1937,1937,0,1937123,0.21,0.26,0.53,40,0.07877322445985911,
1938,1938,0,1938123,0.21,0.27,0.52,40,0.08211584176479943,
1939,1939,0,1939123,0.21,0.28,0.51,40,0.07173525129123157,
1940,1940,0,1940123,0.21,0.29,0.5,40,0.0626558264961305,
1941,1941,0,1941123,0.21,0.3,0.49,40,0.08697407044883647,
1942,1942,0,1942123,0.21,0.31,0.48,40,0.06573956717787012,
1943,1943,0,1943123,0.21,0.32,0.47,40,0.08342360551277983,
1944,1944,0,1944123,0.21,0.33,0.46,40,0.13935425787293249,
1945,1945,0,1945123,0.21,0.34,0.45,40,0.1592109655423637,
1946,1946,0,1946123,0.21,0.35,0.44,40,0.06377023654875887,
1947,1947,0,1947123,0.21,0.36,0.43,40,0.08132659652155139,
1948,1948,0,1948123,0.21,0.37,0.42,40,0.11682184558796035,
1949,1949,0,1949123,0.21,0.38,0.41,40,0.10787461589408409,
1950,1950,0,1950123,0.21,0.39,0.4,40,0.0931674765733236,
1951,1951,0,1951123,0.21,0.4,0.39,40,0.09582519713836049,
1952,1952,0,1952123,0.21,0.41,0.38,40,0.06744432734943365,
1953,1953,0,1953123,0.21,0.42,0.37,40,0.07103535644792217,
1954,1954,0,1954123,0.21,0.43,0.36,40,0.12389611285081156,
1955,1955,0,1955123,0.21,0.44,0.35,40,0.06523118305165834,
1956,1956,0,1956123,0.21,0.45,0.34,40,0.09074706918984143,
1957,1957,0,1957123,0.21,0.46,0.33,40,0.17126308102075105,
1958,1958,0,1958123,0.21,0.47,0.32,40,0.07681763000923957,
1959,1959,0,1959123,0.21,0.48,0.31,40,0.07178370556687648,
1960,1960,0,1960123,0.21,0.49,0.3,40,0.13214851172269396,
1961,1961,0,1961123,0.21,0.5,0.29,40,0.13900034095659086,
1962,1962,0,1962123,0.21,0.51,0.28,40,0.1253426143884481,
1963,1963,0,1963123,0.21,0.52,0.27,40,0.12681877474786138,
1964,1964,0,1964123,0.21,0.53,0.26,40,0.08891339180445336,
1965,1965,0,1965123,0.21,0.54,0.25,40,0.2783959302163249,
1966,1966,0,1966123,0.21,0.55,0.24,40,0.12972513205922773,
1967,1967,0,1967123,0.21,0.56,0.23,40,0.1618658991306344,
1968,1968,0,1968123,0.21000000000000002,0.5700000000000001,0.22000000000000003,40,0.14445512949973585,
1969,1969,0,1969123,0.21000000000000002,0.5800000000000001,0.21000000000000002,40,0.15871279489051687,
1970,1970,0,1970123,0.21,0.59,0.2,40,0.17305577332287111,
1971,1971,0,1971123,0.21,0.6,0.19,40,0.17350578272530695,
1972,1972,0,1972123,0.21,0.61,0.18,40,0.16176306078991004,
1973,1973,0,1973123,0.21,0.62,0.17,40,0.08317089073427694,
1974,1974,0,1974123,0.21,0.63,0.16,40,0.14196210458740124,
1975,1975,0,1975123,0.21,0.64,0.15,40,0.16019390861127267,
1976,1976,0,1976123,0.21,0.65,0.14,40,0.10658903929228752,
1977,1977,0,1977123,0.21,0.66,0.13,40,0.10014908535579314,
1978,1978,0,1978123,0.21,0.67,0.12,40,0.11733636840246141,
1979,1979,0,1979123,0.21,0.68,0.11,40,0.19103595283646238,
1980,1980,0,1980123,0.20999999999999996,0.69,0.09999999999999999,40,0.1631652002358365,
1981,1981,0,1981123,0.20999999999999996,0.7,0.09,40,0.16834996240219816,
1982,1982,0,1982123,0.20999999999999996,0.71,0.08,40,0.1345367627560802,
1983,1983,0,1983123,0.21,0.72,0.07,40,0.12961185406756115,
1984,1984,0,1984123,0.21,0.73,0.06,40,0.12485380712514146,
1985,1985,0,1985123,0.21,0.74,0.05,40,0.16616763407106264,
1986,1986,0,1986123,0.21,0.75,0.04,40,0.1925150916748673,
1987,1987,0,1987123,0.21,0.76,0.03,40,0.12044852586410035,
1988,1988,0,1988123,0.21,0.77,0.02,40,0.1354523152169688,
1989,1989,0,1989123,0.21,0.78,0.01,40,0.2278149323574744,
1990,1990,0,1990123,0.21,0.79,0.0,40,0.1619212552172399,
1991,1991,0,1991123,0.22,0.0,0.78,40,0.044958345404910206,
1992,1992,0,1992123,0.22,0.01,0.77,40,0.05305266511071568,
1993,1993,0,1993123,0.22,0.02,0.76,40,0.13092244828261268,
1994,1994,0,1994123,0.22,0.03,0.75,40,0.07803641436971333,
1995,1995,0,1995123,0.22,0.04,0.74,40,0.02683717593760871,
1996,1996,0,1996123,0.22,0.05,0.73,40,0.09856121104796664,
1997,1997,0,1997123,0.22,0.06,0.72,40,0.11658761580302107,
1998,1998,0,1998123,0.22,0.07,0.71,40,0.0733478876522644,
1999,1999,0,1999123,0.22,0.08,0.7,40,0.06434936657019504,
2000,2000,0,2000123,0.22,0.09,0.69,40,0.07491865776469936,
2001,2001,0,2001123,0.22,0.1,0.68,40,0.05359958444456217,
2002,2002,0,2002123,0.22,0.11,0.67,40,0.08966627134089515,
2003,2003,0,2003123,0.22,0.12,0.66,40,0.11656112810143385,
2004,2004,0,2004123,0.22,0.13,0.65,40,0.06905791786703595,
2005,2005,0,2005123,0.22,0.14,0.64,40,0.0340095754438945,
2006,2006,0,2006123,0.22,0.15,0.63,40,0.07839905379538312,
2007,2007,0,2007123,0.22,0.16,0.62,40,0.07264179005291516,
2008,2008,0,2008123,0.22,0.17,0.61,40,0.10716980615727908,
2009,2009,0,2009123,0.22,0.18,0.6,40,0.05778081006709561,
2010,2010,0,2010123,0.22,0.19,0.59,40,0.08155291555106077,
2011,2011,0,2011123,0.22,0.2,0.58,40,0.08069424246768853,
2012,2012,0,2012123,0.22,0.21,0.57,40,0.09789184452665221,
2013,2013,0,2013123,0.22,0.22,0.56,40,0.09622632091054477,
2014,2014,0,2014123,0.22,0.23,0.55,40,0.08522319097808707,
2015,2015,0,2015123,0.22,0.24,0.54,40,0.05903720131915496,
2016,2016,0,2016123,0.22,0.25,0.53,40,0.07220642197651181,
2017,2017,0,2017123,0.22,0.26,0.52,40,0.04557094280396308,
2018,2018,0,2018123,0.22,0.27,0.51,40,0.08120582411684191,
2019,2019,0,2019123,0.22,0.28,0.5,40,0.09287539081719816,
2020,2020,0,2020123,0.22,0.29,0.49,40,0.07825048159681433,
2021,2021,0,2021123,0.22,0.3,0.48,40,0.08387360921067671,
2022,2022,0,2022123,0.22,0.31,0.47,40,0.08684805886494489,
2023,2023,0,2023123,0.22,0.32,0.46,40,0.13516653048330085,
2024,2024,0,2024123,0.22,0.33,0.45,40,0.05252066180426272,
2025,2025,0,2025123,0.22,0.34,0.44,40,0.08044847173971201,
2026,2026,0,2026123,0.22,0.35,0.43,40,0.10342231044819634,
2027,2027,0,2027123,0.22,0.36,0.42,40,0.08040060821281937,
2028,2028,0,2028123,0.22,0.37,0.41,40,0.12342896779024132,
2029,2029,0,2029123,0.22,0.38,0.4,40,0.09511214347252031,
2030,2030,0,2030123,0.22,0.39,0.39,40,0.07850822176433886,
2031,2031,0,2031123,0.22,0.4,0.38,40,0.10564369066031794,
2032,2032,0,2032123,0.22,0.41,0.37,40,0.09358524524252212,
2033,2033,0,2033123,0.22,0.42,0.36,40,0.10729898552578121,
2034,2034,0,2034123,0.22,0.43,0.35,40,0.08318806298361661,
2035,2035,0,2035123,0.22,0.44,0.34,40,0.08360291984651494,
2036,2036,0,2036123,0.22,0.45,0.33,40,0.09409704632791505,
2037,2037,0,2037123,0.22,0.46,0.32,40,0.10709640997844205,
2038,2038,0,2038123,0.22,0.47,0.31,40,0.21503715413899274,
2039,2039,0,2039123,0.22,0.48,0.3,40,0.10362418471445571,
2040,2040,0,2040123,0.22,0.49,0.29,40,0.18611783328018602,
2041,2041,0,2041123,0.22,0.5,0.28,40,0.17763365588811258,
2042,2042,0,2042123,0.22,0.51,0.27,40,0.0901915498227985,
2043,2043,0,2043123,0.22,0.52,0.26,40,0.11977073889246886,
2044,2044,0,2044123,0.22,0.53,0.25,40,0.16619228940525843,
2045,2045,0,2045123,0.22,0.54,0.24,40,0.2258234187936836,
2046,2046,0,2046123,0.22,0.55,0.23,40,0.15791650356625822,
2047,2047,0,2047123,0.22,0.56,0.22,40,0.12052330007429345,
2048,2048,0,2048123,0.22000000000000003,0.5700000000000001,0.21000000000000002,40,0.11412396398139214,
2049,2049,0,2049123,0.22,0.58,0.2,40,0.1405424744406005,
2050,2050,0,2050123,0.22,0.59,0.19,40,0.11675376052961373,
2051,2051,0,2051123,0.22,0.6,0.18,40,0.19468983101435403,
2052,2052,0,2052123,0.22,0.61,0.17,40,0.09738425438005378,
2053,2053,0,2053123,0.22,0.62,0.16,40,0.1274174624710425,
2054,2054,0,2054123,0.22,0.63,0.15,40,0.17653006494957754,
2055,2055,0,2055123,0.22,0.64,0.14,40,0.1397989988097081,
2056,2056,0,2056123,0.22,0.65,0.13,40,0.14343493708588234,
2057,2057,0,2057123,0.22,0.66,0.12,40,0.10687824347690597,
2058,2058,0,2058123,0.22,0.67,0.11,40,0.17490188298309525,
2059,2059,0,2059123,0.22,0.68,0.1,40,0.10703986480604862,
2060,2060,0,2060123,0.21999999999999997,0.69,0.09,40,0.12627551897930253,
2061,2061,0,2061123,0.21999999999999997,0.7,0.08,40,0.14037356930137063,
2062,2062,0,2062123,0.22,0.71,0.07,40,0.13396850616552,
2063,2063,0,2063123,0.22,0.72,0.06,40,0.1830132417442457,
2064,2064,0,2064123,0.22,0.73,0.05,40,0.0973849246129066,
2065,2065,0,2065123,0.22,0.74,0.04,40,0.1567270475501143,
2066,2066,0,2066123,0.22,0.75,0.03,40,0.19752484661726655,
2067,2067,0,2067123,0.22,0.76,0.02,40,0.14518119698836493,
2068,2068,0,2068123,0.22,0.77,0.01,40,0.18419652042001997,
2069,2069,0,2069123,0.22,0.78,0.0,40,0.110267938963262,
2070,2070,0,2070123,0.23,0.0,0.77,40,0.07880334446913784,
2071,2071,0,2071123,0.23,0.01,0.76,40,0.08040536362811719,
2072,2072,0,2072123,0.23,0.02,0.75,40,0.08147848208839356,
2073,2073,0,2073123,0.23,0.03,0.74,40,0.026533788836120335,
2074,2074,0,2074123,0.23,0.04,0.73,40,0.06588689437387424,
2075,2075,0,2075123,0.23,0.05,0.72,40,0.07044622419766022,
2076,2076,0,2076123,0.23,0.06,0.71,40,0.11075977688248606,
2077,2077,0,2077123,0.23,0.07,0.7,40,0.041607102129334814,
2078,2078,0,2078123,0.23,0.08,0.69,40,0.08995796626003162,
2079,2079,0,2079123,0.23,0.09,0.68,40,0.08411204383377643,
2080,2080,0,2080123,0.23,0.1,0.67,40,0.060096656544157474,
2081,2081,0,2081123,0.23,0.11,0.66,40,0.11523870956021155,
2082,2082,0,2082123,0.23,0.12,0.65,40,0.05896301486835071,
2083,2083,0,2083123,0.23,0.13,0.64,40,0.05514523987435292,
2084,2084,0,2084123,0.23,0.14,0.63,40,0.07759800145149351,
2085,2085,0,2085123,0.23,0.15,0.62,40,0.0745608988598863,
2086,2086,0,2086123,0.23,0.16,0.61,40,0.08588182868620314,
2087,2087,0,2087123,0.23,0.17,0.6,40,0.05418225436472824,
2088,2088,0,2088123,0.23,0.18,0.59,40,0.05769274249630926,
2089,2089,0,2089123,0.23,0.19,0.58,40,0.0753811784935779,
2090,2090,0,2090123,0.23,0.2,0.57,40,0.09213934746342278,
2091,2091,0,2091123,0.23,0.21,0.56,40,0.07109782260380283,
2092,2092,0,2092123,0.23,0.22,0.55,40,0.08727013810740689,
2093,2093,0,2093123,0.23,0.23,0.54,40,0.052600253132596024,
2094,2094,0,2094123,0.23,0.24,0.53,40,0.06473668988213611,
2095,2095,0,2095123,0.23,0.25,0.52,40,0.049719315038152676,
2096,2096,0,2096123,0.23,0.26,0.51,40,0.07023253534829041,
2097,2097,0,2097123,0.23,0.27,0.5,40,0.09651733872925901,
2098,2098,0,2098123,0.23,0.28,0.49,40,0.10139162331928467,
2099,2099,0,2099123,0.23,0.29,0.48,40,0.13845874615037113,
2100,2100,0,2100123,0.23,0.3,0.47,40,0.0629460002762486,
2101,2101,0,2101123,0.23,0.31,0.46,40,0.06395112032750194,
2102,2102,0,2102123,0.23,0.32,0.45,40,0.07850912706907845,
2103,2103,0,2103123,0.23,0.33,0.44,40,0.0750460311583441,
2104,2104,0,2104123,0.23,0.34,0.43,40,0.0965920153281261,
2105,2105,0,2105123,0.23,0.35,0.42,40,0.07408323868269347,
2106,2106,0,2106123,0.23,0.36,0.41,40,0.10141841275158633,
2107,2107,0,2107123,0.23,0.37,0.4,40,0.09395830879254548,
2108,2108,0,2108123,0.23,0.38,0.39,40,0.11532114808607973,
2109,2109,0,2109123,0.23,0.39,0.38,40,0.09466097179032286,
2110,2110,0,2110123,0.23,0.4,0.37,40,0.10947386086162741,
2111,2111,0,2111123,0.23,0.41,0.36,40,0.10842732368997894,
2112,2112,0,2112123,0.23,0.42,0.35,40,0.10153468690882816,
2113,2113,0,2113123,0.23,0.43,0.34,40,0.1529667307895226,
2114,2114,0,2114123,0.23,0.44,0.33,40,0.09373374089015324,
2115,2115,0,2115123,0.23,0.45,0.32,40,0.09289580596544236,
2116,2116,0,2116123,0.23,0.46,0.31,40,0.0712955955987932,
2117,2117,0,2117123,0.23,0.47,0.3,40,0.12432259401039564,
2118,2118,0,2118123,0.23,0.48,0.29,40,0.1548144325034137,
2119,2119,0,2119123,0.23,0.49,0.28,40,0.16880291172203843,
2120,2120,0,2120123,0.23,0.5,0.27,40,0.10390367273298598,
2121,2121,0,2121123,0.23,0.51,0.26,40,0.11490926378337449,
2122,2122,0,2122123,0.23,0.52,0.25,40,0.16573387528791386,
2123,2123,0,2123123,0.23,0.53,0.24,40,0.14091648029760728,
2124,2124,0,2124123,0.23,0.54,0.23,40,0.19702221758704652,
2125,2125,0,2125123,0.23,0.55,0.22,40,0.1435517751443146,
2126,2126,0,2126123,0.23,0.56,0.21,40,0.16096393487163638,
2127,2127,0,2127123,0.23,0.57,0.2,40,0.14050296256782097,
2128,2128,0,2128123,0.23,0.58,0.19,40,0.08623534088154773,
2129,2129,0,2129123,0.23,0.59,0.18,40,0.18571857148709311,
2130,2130,0,2130123,0.23,0.6,0.17,40,0.1403783960008258,
2131,2131,0,2131123,0.23,0.61,0.16,40,0.12352118794080762,
2132,2132,0,2132123,0.23,0.62,0.15,40,0.1443078510327756,
2133,2133,0,2133123,0.23,0.63,0.14,40,0.16524859543471837,
2134,2134,0,2134123,0.23,0.64,0.13,40,0.1452628489145523,
2135,2135,0,2135123,0.23,0.65,0.12,40,0.10744221195585048,
2136,2136,0,2136123,0.23,0.66,0.11,40,0.14208503507670822,
2137,2137,0,2137123,0.23,0.67,0.1,40,0.13819462038543198,
2138,2138,0,2138123,0.23,0.68,0.09,40,0.17590344539629407,
2139,2139,0,2139123,0.22999999999999998,0.69,0.08,40,0.18186957268163256,
2140,2140,0,2140123,0.23,0.7,0.07,40,0.11795654594606154,
2141,2141,0,2141123,0.23,0.71,0.06,40,0.13269207073978312,
2142,2142,0,2142123,0.23,0.72,0.05,40,0.11065750234113066,
2143,2143,0,2143123,0.23,0.73,0.04,40,0.11790680433996238,
2144,2144,0,2144123,0.23,0.74,0.03,40,0.18383452345312448,
2145,2145,0,2145123,0.23,0.75,0.02,40,0.18082746341462266,
2146,2146,0,2146123,0.23,0.76,0.01,40,0.14496753856121755,
2147,2147,0,2147123,0.23,0.77,0.0,40,0.14213545762714772,
2148,2148,0,2148123,0.24,0.0,0.76,40,0.08321207304067224,
2149,2149,0,2149123,0.24,0.01,0.75,40,0.0628864467935755,
2150,2150,0,2150123,0.24,0.02,0.74,40,0.1338529359509025,
2151,2151,0,2151123,0.24,0.03,0.73,40,0.09779458824619906,
2152,2152,0,2152123,0.24,0.04,0.72,40,0.053024230094033044,
2153,2153,0,2153123,0.24,0.05,0.71,40,0.19135332736352725,
2154,2154,0,2154123,0.24,0.06,0.7,40,0.07928621231885168,
2155,2155,0,2155123,0.24,0.07,0.69,40,0.0730263916203458,
2156,2156,0,2156123,0.24,0.08,0.68,40,0.06311705536585133,
2157,2157,0,2157123,0.24,0.09,0.67,40,0.05749515876505186,
2158,2158,0,2158123,0.24,0.1,0.66,40,0.07046647177001308,
2159,2159,0,2159123,0.24,0.11,0.65,40,0.06971226206496553,
2160,2160,0,2160123,0.24,0.12,0.64,40,0.06796394944845706,
2161,2161,0,2161123,0.24,0.13,0.63,40,0.05411880805048019,
2162,2162,0,2162123,0.24,0.14,0.62,40,0.0875236861825872,
2163,2163,0,2163123,0.24,0.15,0.61,40,0.11738656739435621,
2164,2164,0,2164123,0.24,0.16,0.6,40,0.07472434387954416,
2165,2165,0,2165123,0.24,0.17,0.59,40,0.0550350834622081,
2166,2166,0,2166123,0.24,0.18,0.58,40,0.09548743632698772,
2167,2167,0,2167123,0.24,0.19,0.57,40,0.08379191179519634,
2168,2168,0,2168123,0.24,0.2,0.56,40,0.09899136955664951,
2169,2169,0,2169123,0.24,0.21,0.55,40,0.056316743818025754,
2170,2170,0,2170123,0.24,0.22,0.54,40,0.08521055739388177,
2171,2171,0,2171123,0.24,0.23,0.53,40,0.10466070351120386,
2172,2172,0,2172123,0.24,0.24,0.52,40,0.13049043385980472,
2173,2173,0,2173123,0.24,0.25,0.51,40,0.07412454199410314,
2174,2174,0,2174123,0.24,0.26,0.5,40,0.08079709182297223,
2175,2175,0,2175123,0.24,0.27,0.49,40,0.07937709807863404,
2176,2176,0,2176123,0.24,0.28,0.48,40,0.0969403721565244,
2177,2177,0,2177123,0.24,0.29,0.47,40,0.09971093804129787,
2178,2178,0,2178123,0.24,0.3,0.46,40,0.07023464613852745,
2179,2179,0,2179123,0.24,0.31,0.45,40,0.13723506172630426,
2180,2180,0,2180123,0.24,0.32,0.44,40,0.08516317530845849,
2181,2181,0,2181123,0.24,0.33,0.43,40,0.10425471359432799,
2182,2182,0,2182123,0.24,0.34,0.42,40,0.06292829231260619,
2183,2183,0,2183123,0.24,0.35,0.41,40,0.0770152751746316,
2184,2184,0,2184123,0.24,0.36,0.4,40,0.0896884766067059,
2185,2185,0,2185123,0.24,0.37,0.39,40,0.06879441741569929,
2186,2186,0,2186123,0.24,0.38,0.38,40,0.08066144460651774,
2187,2187,0,2187123,0.24,0.39,0.37,40,0.08542918025285219,
2188,2188,0,2188123,0.24,0.4,0.36,40,0.1251324025720225,
2189,2189,0,2189123,0.24000000000000002,0.41000000000000003,0.35000000000000003,40,0.11893054966139319,
2190,2190,0,2190123,0.24,0.42,0.34,40,0.07007784816631947,
2191,2191,0,2191123,0.24,0.43,0.33,40,0.09014052591526553,
2192,2192,0,2192123,0.24,0.44,0.32,40,0.20768591551850413,
2193,2193,0,2193123,0.24,0.45,0.31,40,0.11452131095503475,
2194,2194,0,2194123,0.24,0.46,0.3,40,0.09908126248501757,
2195,2195,0,2195123,0.24,0.47,0.29,40,0.13826222045371156,
2196,2196,0,2196123,0.24,0.48,0.28,40,0.15882524942164955,
2197,2197,0,2197123,0.24,0.49,0.27,40,0.09713301891116238,
2198,2198,0,2198123,0.24,0.5,0.26,40,0.2102065488658005,
2199,2199,0,2199123,0.24,0.51,0.25,40,0.09258296578741769,
2200,2200,0,2200123,0.24,0.52,0.24,40,0.08948799244399003,
2201,2201,0,2201123,0.24,0.53,0.23,40,0.20831159992587928,
2202,2202,0,2202123,0.24,0.54,0.22,40,0.13095916921694,
2203,2203,0,2203123,0.24,0.55,0.21,40,0.1243419186006438,
2204,2204,0,2204123,0.24,0.56,0.2,40,0.13803723425895353,
2205,2205,0,2205123,0.24,0.57,0.19,40,0.1323525548946304,
2206,2206,0,2206123,0.24,0.58,0.18,40,0.19255516973240655,
2207,2207,0,2207123,0.24,0.59,0.17,40,0.09930599228540367,
2208,2208,0,2208123,0.24,0.6,0.16,40,0.13770649424890624,
2209,2209,0,2209123,0.24,0.61,0.15,40,0.21189494316124705,
2210,2210,0,2210123,0.24,0.62,0.14,40,0.11847219969544849,
2211,2211,0,2211123,0.24,0.63,0.13,40,0.14910117538362497,
2212,2212,0,2212123,0.24,0.64,0.12,40,0.12151540140352232,
2213,2213,0,2213123,0.24,0.65,0.11,40,0.13381015119821368,
2214,2214,0,2214123,0.24,0.66,0.1,40,0.15967005032016224,
2215,2215,0,2215123,0.24,0.67,0.09,40,0.10632706742929696,
2216,2216,0,2216123,0.24,0.68,0.08,40,0.12482345924441106,
2217,2217,0,2217123,0.24,0.69,0.07,40,0.09499510265887684,
2218,2218,0,2218123,0.24,0.7,0.06,40,0.1080542960327005,
2219,2219,0,2219123,0.24,0.71,0.05,40,0.1268796118126795,
2220,2220,0,2220123,0.24,0.72,0.04,40,0.11578773113899156,
2221,2221,0,2221123,0.24,0.73,0.03,40,0.14121533323324287,
2222,2222,0,2222123,0.24,0.74,0.02,40,0.10650523377318911,
2223,2223,0,2223123,0.24,0.75,0.01,40,0.1335984081754547,
2224,2224,0,2224123,0.24,0.76,0.0,40,0.1191028332279876,
2225,2225,0,2225123,0.25,0.0,0.75,40,0.0945097578056078,
2226,2226,0,2226123,0.25,0.01,0.74,40,0.046114902450826355,
2227,2227,0,2227123,0.25,0.02,0.73,40,0.0841713026176692,
2228,2228,0,2228123,0.25,0.03,0.72,40,0.08143896936650506,
2229,2229,0,2229123,0.25,0.04,0.71,40,0.07289020691002926,
2230,2230,0,2230123,0.25,0.05,0.7,40,0.07152326407985962,
2231,2231,0,2231123,0.25,0.06,0.69,40,0.12004879617934472,
2232,2232,0,2232123,0.25,0.07,0.68,40,0.04601203478939379,
2233,2233,0,2233123,0.25,0.08,0.67,40,0.06057396309010184,
2234,2234,0,2234123,0.25,0.09,0.66,40,0.07858167236407729,
2235,2235,0,2235123,0.25,0.1,0.65,40,0.07007740408123694,
2236,2236,0,2236123,0.25,0.11,0.64,40,0.11242506566491844,
2237,2237,0,2237123,0.25,0.12,0.63,40,0.07010940247385172,
2238,2238,0,2238123,0.25,0.13,0.62,40,0.07708068521135453,
2239,2239,0,2239123,0.25,0.14,0.61,40,0.05662949607783619,
2240,2240,0,2240123,0.25,0.15,0.6,40,0.047773144755010974,
2241,2241,0,2241123,0.25,0.16,0.59,40,0.10487232119251406,
2242,2242,0,2242123,0.25,0.17,0.58,40,0.0642147888963202,
2243,2243,0,2243123,0.25,0.18,0.57,40,0.08205017130531989,
2244,2244,0,2244123,0.25,0.19,0.56,40,0.053691613733123554,
2245,2245,0,2245123,0.25,0.2,0.55,40,0.05597761812152246,
2246,2246,0,2246123,0.25,0.21,0.54,40,0.10833388441776726,
2247,2247,0,2247123,0.25,0.22,0.53,40,0.06658540978804996,
2248,2248,0,2248123,0.25,0.23,0.52,40,0.07027621049349429,
2249,2249,0,2249123,0.25,0.24,0.51,40,0.07324408355191589,
2250,2250,0,2250123,0.25,0.25,0.5,40,0.060627169220043305,
2251,2251,0,2251123,0.25,0.26,0.49,40,0.07597423212674621,
2252,2252,0,2252123,0.25,0.27,0.48,40,0.08196098772003738,
2253,2253,0,2253123,0.25,0.28,0.47,40,0.08936367179916516,
2254,2254,0,2254123,0.25,0.29,0.46,40,0.10434805628856297,
2255,2255,0,2255123,0.25,0.3,0.45,40,0.10580500383984204,
2256,2256,0,2256123,0.25,0.31,0.44,40,0.12440259916789088,
2257,2257,0,2257123,0.25,0.32,0.43,40,0.0795706108647073,
2258,2258,0,2258123,0.25,0.33,0.42,40,0.070350502730308,
2259,2259,0,2259123,0.25,0.34,0.41,40,0.07178767742585268,
2260,2260,0,2260123,0.25,0.35,0.4,40,0.07804639897852074,
2261,2261,0,2261123,0.25,0.36,0.39,40,0.08112636373597257,
2262,2262,0,2262123,0.25,0.37,0.38,40,0.3035732085591565,
2263,2263,0,2263123,0.25,0.38,0.37,40,0.10651025794216296,
2264,2264,0,2264123,0.25,0.39,0.36,40,0.10555633450072686,
2265,2265,0,2265123,0.25,0.4,0.35,40,0.10165813449959499,
2266,2266,0,2266123,0.25,0.41,0.34,40,0.08016485381058334,
2267,2267,0,2267123,0.25,0.42,0.33,40,0.1375502995528511,
2268,2268,0,2268123,0.25,0.43,0.32,40,0.1152748510034336,
2269,2269,0,2269123,0.25,0.44,0.31,40,0.13183228848632714,
2270,2270,0,2270123,0.25,0.45,0.3,40,0.09020655968873116,
2271,2271,0,2271123,0.25,0.46,0.29,40,0.13963213840977337,
2272,2272,0,2272123,0.25,0.47,0.28,40,0.11073008340120923,
2273,2273,0,2273123,0.25,0.48,0.27,40,0.11711901716213571,
2274,2274,0,2274123,0.25,0.49,0.26,40,0.08565348200287444,
2275,2275,0,2275123,0.25,0.5,0.25,40,0.19174700245127332,
2276,2276,0,2276123,0.25,0.51,0.24,40,0.1370024778822717,
2277,2277,0,2277123,0.25,0.52,0.23,40,0.16270521093508272,
2278,2278,0,2278123,0.25,0.53,0.22,40,0.09846077839380679,
2279,2279,0,2279123,0.25,0.54,0.21,40,0.13544979059191167,
2280,2280,0,2280123,0.25,0.55,0.2,40,0.13005974529174935,
2281,2281,0,2281123,0.25,0.56,0.19,40,0.08787060157043637,
2282,2282,0,2282123,0.25,0.57,0.18,40,0.1556992001074063,
2283,2283,0,2283123,0.25,0.58,0.17,40,0.12799596589764609,
2284,2284,0,2284123,0.25,0.59,0.16,40,0.14504540638202007,
2285,2285,0,2285123,0.25,0.6,0.15,40,0.14647219958169588,
2286,2286,0,2286123,0.25,0.61,0.14,40,0.12815839187984765,
2287,2287,0,2287123,0.25,0.62,0.13,40,0.08467181658703571,
2288,2288,0,2288123,0.25,0.63,0.12,40,0.12863025691935145,
2289,2289,0,2289123,0.25,0.64,0.11,40,0.13630766861169696,
2290,2290,0,2290123,0.25,0.65,0.1,40,0.10283190854640115,
2291,2291,0,2291123,0.25,0.66,0.09,40,0.15004513344330442,
2292,2292,0,2292123,0.25,0.67,0.08,40,0.17616700646512026,
2293,2293,0,2293123,0.25,0.68,0.07,40,0.1782351838243143,
2294,2294,0,2294123,0.25,0.69,0.06,40,0.17934223861481716,
2295,2295,0,2295123,0.25,0.7,0.05,40,0.1349546141910069,
2296,2296,0,2296123,0.25,0.71,0.04,40,0.14346942055764175,
2297,2297,0,2297123,0.25,0.72,0.03,40,0.18923880571552842,
2298,2298,0,2298123,0.25,0.73,0.02,40,0.1397341013614064,
2299,2299,0,2299123,0.25,0.74,0.01,40,0.16371846466444293,
2300,2300,0,2300123,0.25,0.75,0.0,40,0.2645945251348504,
2301,2301,0,2301123,0.26,0.0,0.74,40,0.1336298941494872,
2302,2302,0,2302123,0.26,0.01,0.73,40,0.08220299197461073,
2303,2303,0,2303123,0.26,0.02,0.72,40,0.06898208776285765,
2304,2304,0,2304123,0.26,0.03,0.71,40,0.0642746039059774,
2305,2305,0,2305123,0.26,0.04,0.7,40,0.06836086835788224,
2306,2306,0,2306123,0.26,0.05,0.69,40,0.07527196742971014,
2307,2307,0,2307123,0.26,0.06,0.68,40,0.028746816387132,
2308,2308,0,2308123,0.26,0.07,0.67,40,0.07405874849639356,
2309,2309,0,2309123,0.26,0.08,0.66,40,0.05419217561068021,
2310,2310,0,2310123,0.26,0.09,0.65,40,0.07638350725934316,
2311,2311,0,2311123,0.26,0.1,0.64,40,0.05670634137050772,
2312,2312,0,2312123,0.26,0.11,0.63,40,0.07043614905592559,
2313,2313,0,2313123,0.26,0.12,0.62,40,0.06333025137636407,
2314,2314,0,2314123,0.26,0.13,0.61,40,0.08552517133102057,
2315,2315,0,2315123,0.26,0.14,0.6,40,0.055228279379509713,
2316,2316,0,2316123,0.26,0.15,0.59,40,0.06270855644154744,
2317,2317,0,2317123,0.26,0.16,0.58,40,0.09216275032418231,
2318,2318,0,2318123,0.26,0.17,0.57,40,0.08584518534433579,
2319,2319,0,2319123,0.26,0.18,0.56,40,0.10483793778002762,
2320,2320,0,2320123,0.26,0.19,0.55,40,0.051520373066341704,
2321,2321,0,2321123,0.26,0.2,0.54,40,0.08887026750165444,
2322,2322,0,2322123,0.26,0.21,0.53,40,0.07711295273312001,
2323,2323,0,2323123,0.26,0.22,0.52,40,0.08939259694872462,
2324,2324,0,2324123,0.26,0.23,0.51,40,0.10462719654638539,
2325,2325,0,2325123,0.26,0.24,0.5,40,0.0842120487598701,
2326,2326,0,2326123,0.26,0.25,0.49,40,0.07057249171314879,
2327,2327,0,2327123,0.26,0.26,0.48,40,0.07408632522215831,
2328,2328,0,2328123,0.26,0.27,0.47,40,0.10719725266510415,
2329,2329,0,2329123,0.26,0.28,0.46,40,0.0717891701894912,
2330,2330,0,2330123,0.26,0.29,0.45,40,0.08141571308207803,
2331,2331,0,2331123,0.26,0.3,0.44,40,0.0836290550948472,
2332,2332,0,2332123,0.26,0.31,0.43,40,0.0786056065804931,
2333,2333,0,2333123,0.26,0.32,0.42,40,0.0844244068603391,
2334,2334,0,2334123,0.26,0.33,0.41,40,0.05736092121672721,
2335,2335,0,2335123,0.26,0.34,0.4,40,0.07822531054850977,
2336,2336,0,2336123,0.26,0.35,0.39,40,0.07591177546129085,
2337,2337,0,2337123,0.26,0.36,0.38,40,0.10519250620825196,
2338,2338,0,2338123,0.26,0.37,0.37,40,0.10157535317181204,
2339,2339,0,2339123,0.26,0.38,0.36,40,0.2942167281516249,
2340,2340,0,2340123,0.26,0.39,0.35,40,0.11801062239168403,
2341,2341,0,2341123,0.26,0.4,0.34,40,0.10173924069698215,
2342,2342,0,2342123,0.26,0.41,0.33,40,0.13222197717635098,
2343,2343,0,2343123,0.26,0.42,0.32,40,0.09324022967281467,
2344,2344,0,2344123,0.26,0.43,0.31,40,0.09023793124998722,
2345,2345,0,2345123,0.26,0.44,0.3,40,0.0774947083805623,
2346,2346,0,2346123,0.26,0.45,0.29,40,0.1786339883169912,
2347,2347,0,2347123,0.26,0.46,0.28,40,0.10811858195288251,
2348,2348,0,2348123,0.26,0.47,0.27,40,0.10065887178590789,
2349,2349,0,2349123,0.26,0.48,0.26,40,0.10820123256081714,
2350,2350,0,2350123,0.26,0.49,0.25,40,0.12677374073384673,
2351,2351,0,2351123,0.26,0.5,0.24,40,0.1567526198708504,
2352,2352,0,2352123,0.26,0.51,0.23,40,0.06523396795157602,
2353,2353,0,2353123,0.26,0.52,0.22,40,0.08839029844987809,
2354,2354,0,2354123,0.26,0.53,0.21,40,0.16135295293490295,
2355,2355,0,2355123,0.26,0.54,0.2,40,0.1369381924477396,
2356,2356,0,2356123,0.26,0.55,0.19,40,0.1393614027587015,
2357,2357,0,2357123,0.26,0.56,0.18,40,0.1384083855533259,
2358,2358,0,2358123,0.26,0.57,0.17,40,0.08967176619007006,
2359,2359,0,2359123,0.26,0.58,0.16,40,0.12342779720231693,
2360,2360,0,2360123,0.26,0.59,0.15,40,0.11669014483836768,
2361,2361,0,2361123,0.26,0.6,0.14,40,0.21263528509793508,
2362,2362,0,2362123,0.26,0.61,0.13,40,0.10060907058483685,
2363,2363,0,2363123,0.26,0.62,0.12,40,0.11038116759268751,
2364,2364,0,2364123,0.26,0.63,0.11,40,0.13789418506193896,
2365,2365,0,2365123,0.26,0.64,0.1,40,0.1835048588628263,
2366,2366,0,2366123,0.26,0.65,0.09,40,0.12588833257146292,
2367,2367,0,2367123,0.26,0.66,0.08,40,0.13198744596695774,
2368,2368,0,2368123,0.26,0.67,0.07,40,0.11831392171462947,
2369,2369,0,2369123,0.26,0.68,0.06,40,0.13932599902356294,
2370,2370,0,2370123,0.26,0.69,0.05,40,0.13069623857534446,
2371,2371,0,2371123,0.26,0.7,0.04,40,0.13650377597512187,
2372,2372,0,2372123,0.26,0.71,0.03,40,0.12109978012214613,
2373,2373,0,2373123,0.26,0.72,0.02,40,0.21648260854465226,
2374,2374,0,2374123,0.26,0.73,0.01,40,0.13428823705514975,
2375,2375,0,2375123,0.26,0.74,0.0,40,0.107562387235089,
2376,2376,0,2376123,0.27,0.0,0.73,40,0.07994482467428089,
2377,2377,0,2377123,0.27,0.01,0.72,40,0.06455696701904703,
2378,2378,0,2378123,0.27,0.02,0.71,40,0.08870941136643619,
2379,2379,0,2379123,0.27,0.03,0.7,40,0.06271078093047508,
2380,2380,0,2380123,0.27,0.04,0.69,40,0.07093135360895984,
2381,2381,0,2381123,0.27,0.05,0.68,40,0.09258387297362822,
2382,2382,0,2382123,0.27,0.06,0.67,40,0.079653263546994,
2383,2383,0,2383123,0.27,0.07,0.66,40,0.047490837814568664,
2384,2384,0,2384123,0.27,0.08,0.65,40,0.07455470027278034,
2385,2385,0,2385123,0.27,0.09,0.64,40,0.07376660430860954,
2386,2386,0,2386123,0.27,0.1,0.63,40,0.07393194947989828,
2387,2387,0,2387123,0.27,0.11,0.62,40,0.06787269887029268,
2388,2388,0,2388123,0.27,0.12,0.61,40,0.08223609903966389,
2389,2389,0,2389123,0.27,0.13,0.6,40,0.07149353709755107,
2390,2390,0,2390123,0.27,0.14,0.59,40,0.09323304007276693,
2391,2391,0,2391123,0.27,0.15,0.58,40,0.06404659866183889,
2392,2392,0,2392123,0.27,0.16,0.57,40,0.059969499566901584,
2393,2393,0,2393123,0.27,0.17,0.56,40,0.08065427503566722,
2394,2394,0,2394123,0.27,0.18,0.55,40,0.08747472314430067,
2395,2395,0,2395123,0.27,0.19,0.54,40,0.06579518206665785,
2396,2396,0,2396123,0.27,0.2,0.53,40,0.06863124134691741,
2397,2397,0,2397123,0.27,0.21,0.52,40,0.06421632767959656,
2398,2398,0,2398123,0.27,0.22,0.51,40,0.07199607068952177,
2399,2399,0,2399123,0.27,0.23,0.5,40,0.09412871073993467,
2400,2400,0,2400123,0.27,0.24,0.49,40,0.06127727675609404,
2401,2401,0,2401123,0.27,0.25,0.48,40,0.08374798109701741,
2402,2402,0,2402123,0.27,0.26,0.47,40,0.07809868263379932,
2403,2403,0,2403123,0.27,0.27,0.46,40,0.06738050709597629,
2404,2404,0,2404123,0.27,0.28,0.45,40,0.09263878704150165,
2405,2405,0,2405123,0.27,0.29,0.44,40,0.09717118731833467,
2406,2406,0,2406123,0.27,0.3,0.43,40,0.08429161625663603,
2407,2407,0,2407123,0.27,0.31,0.42,40,0.08506378777135079,
2408,2408,0,2408123,0.27,0.32,0.41,40,0.07448214466394219,
2409,2409,0,2409123,0.27,0.33,0.4,40,0.09566815492552126,
2410,2410,0,2410123,0.27,0.34,0.39,40,0.09883504827330067,
2411,2411,0,2411123,0.27,0.35,0.38,40,0.10880061682267662,
2412,2412,0,2412123,0.27,0.36,0.37,40,0.14453807609827915,
2413,2413,0,2413123,0.27,0.37,0.36,40,0.19639900613556405,
2414,2414,0,2414123,0.27,0.38,0.35,40,0.06859816647418031,
2415,2415,0,2415123,0.27,0.39,0.34,40,0.08740889723392115,
2416,2416,0,2416123,0.27,0.4,0.33,40,0.09265037919946692,
2417,2417,0,2417123,0.27,0.41,0.32,40,0.1199977900977848,
2418,2418,0,2418123,0.27,0.42,0.31,40,0.18888702408200644,
2419,2419,0,2419123,0.27,0.43,0.3,40,0.1088150733430949,
2420,2420,0,2420123,0.27,0.44,0.29,40,0.07877670793575449,
2421,2421,0,2421123,0.27,0.45,0.28,40,0.24138449896450107,
2422,2422,0,2422123,0.27,0.46,0.27,40,0.10612640103981798,
2423,2423,0,2423123,0.27,0.47,0.26,40,0.18700168443223592,
2424,2424,0,2424123,0.27,0.48,0.25,40,0.07767702874428392,
2425,2425,0,2425123,0.27,0.49,0.24,40,0.10336735411725362,
2426,2426,0,2426123,0.27,0.5,0.23,40,0.16204588371040413,
2427,2427,0,2427123,0.27,0.51,0.22,40,0.11592024182367415,
2428,2428,0,2428123,0.27,0.52,0.21,40,0.09956550734331941,
2429,2429,0,2429123,0.27,0.53,0.2,40,0.08059218534399328,
2430,2430,0,2430123,0.27,0.54,0.19,40,0.1320090209246886,
2431,2431,0,2431123,0.27,0.55,0.18,40,0.1653507294361627,
2432,2432,0,2432123,0.27,0.56,0.17,40,0.1506450894688732,
2433,2433,0,2433123,0.27,0.57,0.16,40,0.15114001354529177,
2434,2434,0,2434123,0.27,0.58,0.15,40,0.19180706060401628,
2435,2435,0,2435123,0.27,0.59,0.14,40,0.1078412345519462,
2436,2436,0,2436123,0.27,0.6,0.13,40,0.13404426846200002,
2437,2437,0,2437123,0.27,0.61,0.12,40,0.08797089945211155,
2438,2438,0,2438123,0.27,0.62,0.11,40,0.1308598006956163,
2439,2439,0,2439123,0.27,0.63,0.1,40,0.129421966980027,
2440,2440,0,2440123,0.27,0.64,0.09,40,0.17943969885043085,
2441,2441,0,2441123,0.27,0.65,0.08,40,0.16064445964252874,
2442,2442,0,2442123,0.27,0.66,0.07,40,0.12193177284338799,
2443,2443,0,2443123,0.27,0.67,0.06,40,0.11015714176166114,
2444,2444,0,2444123,0.27,0.68,0.05,40,0.09633762234570058,
2445,2445,0,2445123,0.27,0.69,0.04,40,0.19715188748134707,
2446,2446,0,2446123,0.27,0.7,0.03,40,0.12247251319599943,
2447,2447,0,2447123,0.27,0.71,0.02,40,0.10334985143157437,
2448,2448,0,2448123,0.27,0.72,0.01,40,0.15071783051422374,
2449,2449,0,2449123,0.27,0.73,0.0,40,0.1653383697996547,
2450,2450,0,2450123,0.28,0.0,0.72,40,0.06792567875961128,
2451,2451,0,2451123,0.28,0.01,0.71,40,0.07728014781809084,
2452,2452,0,2452123,0.28,0.02,0.7,40,0.05159505232186606,
2453,2453,0,2453123,0.28,0.03,0.69,40,0.07778753138248508,
2454,2454,0,2454123,0.28,0.04,0.68,40,0.04837403377822588,
2455,2455,0,2455123,0.28,0.05,0.67,40,0.0754763705183461,
2456,2456,0,2456123,0.28,0.06,0.66,40,0.0775302425222223,
2457,2457,0,2457123,0.28,0.07,0.65,40,0.07138436787644256,
2458,2458,0,2458123,0.28,0.08,0.64,40,0.07783761939644657,
2459,2459,0,2459123,0.28,0.09,0.63,40,0.06252367782037299,
2460,2460,0,2460123,0.28,0.1,0.62,40,0.08924628031333315,
2461,2461,0,2461123,0.28,0.11,0.61,40,0.06561128432073147,
2462,2462,0,2462123,0.28,0.12,0.6,40,0.10214302413307264,
2463,2463,0,2463123,0.28,0.13,0.59,40,0.08084694737406059,
2464,2464,0,2464123,0.28,0.14,0.58,40,0.08858184070165573,
2465,2465,0,2465123,0.28,0.15,0.57,40,0.09269513200748836,
2466,2466,0,2466123,0.28,0.16,0.56,40,0.09376942774733014,
2467,2467,0,2467123,0.28,0.17,0.55,40,0.11924856218244309,
2468,2468,0,2468123,0.28,0.18,0.54,40,0.08272656272562615,
2469,2469,0,2469123,0.28,0.19,0.53,40,0.06862157170998016,
2470,2470,0,2470123,0.28,0.2,0.52,40,0.12361230262178298,
2471,2471,0,2471123,0.28,0.21,0.51,40,0.08088178551794402,
2472,2472,0,2472123,0.28,0.22,0.5,40,0.0751098345634826,
2473,2473,0,2473123,0.28,0.23,0.49,40,0.0988226138765067,
2474,2474,0,2474123,0.28,0.24,0.48,40,0.044719730312710336,
2475,2475,0,2475123,0.28,0.25,0.47,40,0.07504698440632364,
2476,2476,0,2476123,0.28,0.26,0.46,40,0.09772326871388406,
2477,2477,0,2477123,0.28,0.27,0.45,40,0.08215030453850358,
2478,2478,0,2478123,0.28,0.28,0.44,40,0.07870427685745177,
2479,2479,0,2479123,0.28,0.29,0.43,40,0.08796073891786692,
2480,2480,0,2480123,0.28,0.3,0.42,40,0.08279056367657016,
2481,2481,0,2481123,0.28,0.31,0.41,40,0.08830419638901178,
2482,2482,0,2482123,0.28,0.32,0.4,40,0.09469351074613931,
2483,2483,0,2483123,0.28,0.33,0.39,40,0.1318198461164579,
2484,2484,0,2484123,0.28,0.34,0.38,40,0.07449877586846879,
2485,2485,0,2485123,0.28,0.35,0.37,40,0.05345068258121798,
2486,2486,0,2486123,0.28,0.36,0.36,40,0.08866160289914929,
2487,2487,0,2487123,0.28,0.37,0.35,40,0.09550611598784797,
2488,2488,0,2488123,0.28,0.38,0.34,40,0.09720988621910785,
2489,2489,0,2489123,0.28,0.39,0.33,40,0.2198728230957281,
2490,2490,0,2490123,0.28,0.4,0.32,40,0.0945552345170211,
2491,2491,0,2491123,0.28,0.41,0.31,40,0.08007643783698853,
2492,2492,0,2492123,0.28,0.42,0.3,40,0.15999291046004663,
2493,2493,0,2493123,0.28,0.43,0.29,40,0.11940373960579248,
2494,2494,0,2494123,0.28,0.44,0.28,40,0.08590822280509906,
2495,2495,0,2495123,0.28,0.45,0.27,40,0.10141289733313506,
2496,2496,0,2496123,0.28,0.46,0.26,40,0.07585135361757432,
2497,2497,0,2497123,0.28,0.47,0.25,40,0.16319383805742368,
2498,2498,0,2498123,0.28,0.48,0.24,40,0.11589366963336711,
2499,2499,0,2499123,0.28,0.49,0.23,40,0.10459187237874353,
2500,2500,0,2500123,0.28,0.5,0.22,40,0.10242789109824259,
2501,2501,0,2501123,0.28,0.51,0.21,40,0.08067598366890157,
2502,2502,0,2502123,0.28,0.52,0.2,40,0.13615256364304373,
2503,2503,0,2503123,0.28,0.53,0.19,40,0.13882005331814715,
2504,2504,0,2504123,0.28,0.54,0.18,40,0.11583286625746939,
2505,2505,0,2505123,0.28,0.55,0.17,40,0.08781783514785013,
2506,2506,0,2506123,0.28,0.56,0.16,40,0.15273213119083898,
2507,2507,0,2507123,0.28,0.57,0.15,40,0.09823760199603224,
2508,2508,0,2508123,0.28,0.58,0.14,40,0.12768596008121463,
2509,2509,0,2509123,0.28,0.59,0.13,40,0.09273534861035583,
2510,2510,0,2510123,0.28,0.6,0.12,40,0.10696963014543144,
2511,2511,0,2511123,0.28,0.61,0.11,40,0.11617509167822493,
2512,2512,0,2512123,0.28,0.62,0.1,40,0.1285691921116824,
2513,2513,0,2513123,0.28,0.63,0.09,40,0.12057127743272068,
2514,2514,0,2514123,0.28,0.64,0.08,40,0.15757577205162446,
2515,2515,0,2515123,0.28,0.65,0.07,40,0.1393658806975373,
2516,2516,0,2516123,0.28,0.66,0.06,40,0.13599421704840867,
2517,2517,0,2517123,0.28,0.67,0.05,40,0.1385574929323186,
2518,2518,0,2518123,0.28,0.68,0.04,40,0.1660830247299748,
2519,2519,0,2519123,0.28,0.69,0.03,40,0.13433354446240442,
2520,2520,0,2520123,0.28,0.7,0.02,40,0.11494513800475707,
2521,2521,0,2521123,0.28,0.71,0.01,40,0.13065382442751874,
2522,2522,0,2522123,0.28,0.72,0.0,40,0.12846286930596806,
2523,2523,0,2523123,0.29,0.0,0.71,40,0.0633649467792664,
2524,2524,0,2524123,0.29,0.01,0.7,40,0.05007316416105473,
2525,2525,0,2525123,0.29,0.02,0.69,40,0.06981912524186042,
2526,2526,0,2526123,0.29,0.03,0.68,40,0.050840409894859,
2527,2527,0,2527123,0.29,0.04,0.67,40,0.11580130788625898,
2528,2528,0,2528123,0.29,0.05,0.66,40,0.0741978405843656,
2529,2529,0,2529123,0.29,0.06,0.65,40,0.08883281155988543,
2530,2530,0,2530123,0.29,0.07,0.64,40,0.0937718384328639,
2531,2531,0,2531123,0.29,0.08,0.63,40,0.06190569145808911,
2532,2532,0,2532123,0.29,0.09,0.62,40,0.07846492010234489,
2533,2533,0,2533123,0.29,0.1,0.61,40,0.06970897492496832,
2534,2534,0,2534123,0.29,0.11,0.6,40,0.06989945211646323,
2535,2535,0,2535123,0.29,0.12,0.59,40,0.06079026376616518,
2536,2536,0,2536123,0.29,0.13,0.58,40,0.09116966646565454,
2537,2537,0,2537123,0.29,0.14,0.57,40,0.0525381096182247,
2538,2538,0,2538123,0.29,0.15,0.56,40,0.10452978188005005,
2539,2539,0,2539123,0.29,0.16,0.55,40,0.06511591767006197,
2540,2540,0,2540123,0.29,0.17,0.54,40,0.060741199369345994,
2541,2541,0,2541123,0.29,0.18,0.53,40,0.10137744077649424,
2542,2542,0,2542123,0.29,0.19,0.52,40,0.05563883204787028,
2543,2543,0,2543123,0.29,0.2,0.51,40,0.09192532077328247,
2544,2544,0,2544123,0.29,0.21,0.5,40,0.06784342655733586,
2545,2545,0,2545123,0.29,0.22,0.49,40,0.0658475688741076,
2546,2546,0,2546123,0.29,0.23,0.48,40,0.08196941894220097,
2547,2547,0,2547123,0.29,0.24,0.47,40,0.07067751906166708,
2548,2548,0,2548123,0.29,0.25,0.46,40,0.09245672080696568,
2549,2549,0,2549123,0.29,0.26,0.45,40,0.07670343374660246,
2550,2550,0,2550123,0.29,0.27,0.44,40,0.10263461517199726,
2551,2551,0,2551123,0.29,0.28,0.43,40,0.09557506631635773,
2552,2552,0,2552123,0.29,0.29,0.42,40,0.1271140204418801,
2553,2553,0,2553123,0.29,0.3,0.41,40,0.08776470387363083,
2554,2554,0,2554123,0.29,0.31,0.4,40,0.06341358188763413,
2555,2555,0,2555123,0.29,0.32,0.39,40,0.08583242379094234,
2556,2556,0,2556123,0.29,0.33,0.38,40,0.1565103483228676,
2557,2557,0,2557123,0.29,0.34,0.37,40,0.07566666701684598,
2558,2558,0,2558123,0.29,0.35,0.36,40,0.10461152139841945,
2559,2559,0,2559123,0.29,0.36,0.35,40,0.09608068978478902,
2560,2560,0,2560123,0.29,0.37,0.34,40,0.10481934154434647,
2561,2561,0,2561123,0.29,0.38,0.33,40,0.08018102121820289,
2562,2562,0,2562123,0.29,0.39,0.32,40,0.19939925270169756,
2563,2563,0,2563123,0.29,0.4,0.31,40,0.10260433289319443,
2564,2564,0,2564123,0.29,0.41,0.3,40,0.14569597043422702,
2565,2565,0,2565123,0.29,0.42,0.29,40,0.08664355945263447,
2566,2566,0,2566123,0.29,0.43,0.28,40,0.14114779127068663,
2567,2567,0,2567123,0.29,0.44,0.27,40,0.21011199333920777,
2568,2568,0,2568123,0.29,0.45,0.26,40,0.10203482312806807,
2569,2569,0,2569123,0.29,0.46,0.25,40,0.2264191159916522,
2570,2570,0,2570123,0.29,0.47,0.24,40,0.07920113825785711,
2571,2571,0,2571123,0.29,0.48,0.23,40,0.14489811109455905,
2572,2572,0,2572123,0.29,0.49,0.22,40,0.13384076977647388,
2573,2573,0,2573123,0.29,0.5,0.21,40,0.09409778697357944,
2574,2574,0,2574123,0.29,0.51,0.2,40,0.10518993841345133,
2575,2575,0,2575123,0.29,0.52,0.19,40,0.19110055359056013,
2576,2576,0,2576123,0.29,0.53,0.18,40,0.1799864960251268,
2577,2577,0,2577123,0.29,0.54,0.17,40,0.12837878126704136,
2578,2578,0,2578123,0.29,0.55,0.16,40,0.11205524321563347,
2579,2579,0,2579123,0.29,0.56,0.15,40,0.132540773070711,
2580,2580,0,2580123,0.29,0.57,0.14,40,0.14018500485277374,
2581,2581,0,2581123,0.29,0.58,0.13,40,0.08718848069153401,
2582,2582,0,2582123,0.29,0.59,0.11999999999999998,40,0.10773319151696376,
2583,2583,0,2583123,0.29,0.6,0.10999999999999999,40,0.14038371786308917,
2584,2584,0,2584123,0.29,0.61,0.09999999999999999,40,0.11267643241014574,
2585,2585,0,2585123,0.29,0.62,0.09,40,0.14263003059491108,
2586,2586,0,2586123,0.29,0.63,0.08,40,0.10152879742068817,
2587,2587,0,2587123,0.29,0.64,0.07,40,0.13547936506530686,
2588,2588,0,2588123,0.29,0.65,0.06,40,0.09216362720821673,
2589,2589,0,2589123,0.29,0.66,0.05,40,0.12510216429342896,
2590,2590,0,2590123,0.29,0.67,0.04,40,0.07687234087374005,
2591,2591,0,2591123,0.29,0.68,0.03,40,0.1567926746209141,
2592,2592,0,2592123,0.29,0.69,0.02,40,0.1404992417817454,
2593,2593,0,2593123,0.29,0.7,0.01,40,0.14129227960177454,
2594,2594,0,2594123,0.29,0.71,0.0,40,0.03914827454151895,
2595,2595,0,2595123,0.3,0.0,0.7,40,0.08144310793657573,
2596,2596,0,2596123,0.3,0.01,0.69,40,0.07840865875476406,
2597,2597,0,2597123,0.3,0.02,0.68,40,0.07814137745226839,
2598,2598,0,2598123,0.3,0.03,0.67,40,0.08014711159475835,
2599,2599,0,2599123,0.3,0.04,0.66,40,0.11654007543898742,
2600,2600,0,2600123,0.3,0.05,0.65,40,0.08338482896527094,
2601,2601,0,2601123,0.3,0.06,0.64,40,0.07911566311095036,
2602,2602,0,2602123,0.3,0.07,0.63,40,0.060502168470249716,
2603,2603,0,2603123,0.3,0.08,0.62,40,0.060520396454628436,
2604,2604,0,2604123,0.3,0.09,0.61,40,0.0724753946066403,
2605,2605,0,2605123,0.3,0.1,0.6,40,0.05644703587811101,
2606,2606,0,2606123,0.3,0.11,0.59,40,0.07608791420947181,
2607,2607,0,2607123,0.3,0.12,0.58,40,0.053089415516149076,
2608,2608,0,2608123,0.3,0.13,0.57,40,0.08208293461174063,
2609,2609,0,2609123,0.3,0.14,0.56,40,0.10584293402471007,
2610,2610,0,2610123,0.3,0.15,0.55,40,0.06204514143324791,
2611,2611,0,2611123,0.3,0.16,0.54,40,0.09061196814224835,
2612,2612,0,2612123,0.3,0.17,0.53,40,0.1001506201052754,
2613,2613,0,2613123,0.3,0.18,0.52,40,0.08221366334655977,
2614,2614,0,2614123,0.3,0.19,0.51,40,0.05204192097516084,
2615,2615,0,2615123,0.3,0.2,0.5,40,0.11119757042735026,
2616,2616,0,2616123,0.3,0.21,0.49,40,0.07840176193697936,
2617,2617,0,2617123,0.3,0.22,0.48,40,0.08836686677003133,
2618,2618,0,2618123,0.3,0.23,0.47,40,0.04725989522321324,
2619,2619,0,2619123,0.3,0.24,0.46,40,0.08119140969040131,
2620,2620,0,2620123,0.3,0.25,0.45,40,0.05950629284278915,
2621,2621,0,2621123,0.3,0.26,0.44,40,0.07209470070020793,
2622,2622,0,2622123,0.3,0.27,0.43,40,0.07667882394741782,
2623,2623,0,2623123,0.3,0.28,0.42,40,0.07672832247656428,
2624,2624,0,2624123,0.3,0.29,0.41,40,0.0785855193750861,
2625,2625,0,2625123,0.3,0.3,0.4,40,0.08198504953148168,
2626,2626,0,2626123,0.3,0.31,0.39,40,0.09058064441920191,
2627,2627,0,2627123,0.3,0.32,0.38,40,0.06139010197952094,
2628,2628,0,2628123,0.3,0.33,0.37,40,0.11448451011539314,
2629,2629,0,2629123,0.3,0.34,0.36,40,0.07762421300363406,
2630,2630,0,2630123,0.3,0.35,0.35,40,0.08571735909441275,
2631,2631,0,2631123,0.3,0.36,0.34,40,0.08095227215318443,
2632,2632,0,2632123,0.3,0.37,0.33,40,0.07153560590988543,
2633,2633,0,2633123,0.3,0.38,0.32,40,0.10762323096343243,
2634,2634,0,2634123,0.3,0.39,0.31,40,0.08245694711426896,
2635,2635,0,2635123,0.3,0.4,0.3,40,0.19104743432950919,
2636,2636,0,2636123,0.3,0.41,0.29,40,0.07914451973210286,
2637,2637,0,2637123,0.3,0.42,0.28,40,0.07675806353487441,
2638,2638,0,2638123,0.3,0.43,0.27,40,0.10300026126660898,
2639,2639,0,2639123,0.3,0.44,0.26,40,0.11560932339028542,
2640,2640,0,2640123,0.3,0.45,0.25,40,0.11657961472543572,
2641,2641,0,2641123,0.3,0.46,0.24,40,0.12076149128012664,
2642,2642,0,2642123,0.3,0.47,0.23,40,0.19058185881895792,
2643,2643,0,2643123,0.3,0.48,0.22,40,0.14668496688831548,
2644,2644,0,2644123,0.3,0.49,0.21,40,0.13922912839200974,
2645,2645,0,2645123,0.3,0.5,0.2,40,0.1422028402216639,
2646,2646,0,2646123,0.3,0.51,0.19,40,0.0820356304167763,
2647,2647,0,2647123,0.3,0.52,0.18,40,0.1374556113214243,
2648,2648,0,2648123,0.3,0.53,0.17,40,0.08504068648693708,
2649,2649,0,2649123,0.3,0.54,0.16,40,0.09717877272070445,
2650,2650,0,2650123,0.3,0.55,0.15,40,0.16735097332558052,
2651,2651,0,2651123,0.3,0.56,0.14,40,0.1332505113759258,
2652,2652,0,2652123,0.3,0.57,0.13,40,0.09996864324272059,
2653,2653,0,2653123,0.3,0.58,0.11999999999999998,40,0.14542679736195419,
2654,2654,0,2654123,0.3,0.59,0.10999999999999999,40,0.09657109526785405,
2655,2655,0,2655123,0.3,0.6,0.09999999999999999,40,0.1021506325198214,
2656,2656,0,2656123,0.3,0.61,0.09,40,0.1613961530371624,
2657,2657,0,2657123,0.3,0.62,0.08,40,0.11483555160861303,
2658,2658,0,2658123,0.3,0.63,0.07,40,0.13002962839931123,
2659,2659,0,2659123,0.3,0.64,0.06,40,0.0953729778928777,
2660,2660,0,2660123,0.3,0.65,0.05,40,0.10067588758102052,
2661,2661,0,2661123,0.3,0.66,0.04,40,0.13482611540762987,
2662,2662,0,2662123,0.3,0.67,0.03,40,0.13228030679155198,
2663,2663,0,2663123,0.3,0.68,0.02,40,0.13202153204144731,
2664,2664,0,2664123,0.3,0.69,0.01,40,0.13028108213532902,
2665,2665,0,2665123,0.3,0.7,0.0,40,0.19684636859350538,
2666,2666,0,2666123,0.31,0.0,0.69,40,0.14226424935160414,
2667,2667,0,2667123,0.31,0.01,0.68,40,0.08005185870826215,
2668,2668,0,2668123,0.31,0.02,0.67,40,0.081946288222301,
2669,2669,0,2669123,0.31,0.03,0.66,40,0.06229485083802093,
2670,2670,0,2670123,0.31,0.04,0.65,40,0.07991658635889223,
2671,2671,0,2671123,0.31,0.05,0.64,40,0.15785318916476018,
2672,2672,0,2672123,0.31,0.06,0.63,40,0.07331902039305012,
2673,2673,0,2673123,0.31,0.07,0.62,40,0.11373934982296637,
2674,2674,0,2674123,0.31,0.08,0.61,40,0.06242110980801707,
2675,2675,0,2675123,0.31,0.09,0.6,40,0.10922120838469664,
2676,2676,0,2676123,0.31,0.1,0.59,40,0.0717687239567968,
2677,2677,0,2677123,0.31,0.11,0.58,40,0.06574733898164854,
2678,2678,0,2678123,0.31,0.12,0.57,40,0.09932970389400686,
2679,2679,0,2679123,0.31,0.13,0.56,40,0.0952124023076608,
2680,2680,0,2680123,0.31,0.14,0.55,40,0.08588042497476635,
2681,2681,0,2681123,0.31,0.15,0.54,40,0.061070234033377156,
2682,2682,0,2682123,0.31,0.16,0.53,40,0.09472202119098484,
2683,2683,0,2683123,0.31,0.17,0.52,40,0.09140865328296054,
2684,2684,0,2684123,0.31,0.18,0.51,40,0.0628161707410108,
2685,2685,0,2685123,0.31,0.19,0.5,40,0.09538164520743546,
2686,2686,0,2686123,0.31,0.2,0.49,40,0.08771271093371068,
2687,2687,0,2687123,0.31,0.21,0.48,40,0.08374511285681713,
2688,2688,0,2688123,0.31,0.22,0.47,40,0.11234814658802424,
2689,2689,0,2689123,0.31,0.23,0.46,40,0.06174930153063995,
2690,2690,0,2690123,0.31,0.24,0.45,40,0.10674052080659417,
2691,2691,0,2691123,0.31,0.25,0.44,40,0.0856787243793412,
2692,2692,0,2692123,0.31,0.26,0.43,40,0.07923377962850926,
2693,2693,0,2693123,0.31,0.27,0.42,40,0.08144545775917625,
2694,2694,0,2694123,0.31,0.28,0.41,40,0.06532396534209392,
2695,2695,0,2695123,0.31,0.29,0.4,40,0.07874945762211216,
2696,2696,0,2696123,0.31,0.3,0.39,40,0.07281829897140561,
2697,2697,0,2697123,0.31,0.31,0.38,40,0.13705706401228832,
2698,2698,0,2698123,0.31,0.32,0.37,40,0.07414477433704394,
2699,2699,0,2699123,0.31,0.33,0.36,40,0.0911761386993344,
2700,2700,0,2700123,0.31,0.34,0.35,40,0.0903471938995181,
2701,2701,0,2701123,0.31,0.35,0.34,40,0.08721719804814862,
2702,2702,0,2702123,0.31,0.36,0.33,40,0.07650669295256274,
2703,2703,0,2703123,0.31,0.37,0.32,40,0.09724499028399843,
2704,2704,0,2704123,0.31,0.38,0.31,40,0.11377228782622133,
2705,2705,0,2705123,0.31,0.39,0.3,40,0.09088428932331714,
2706,2706,0,2706123,0.31,0.4,0.29,40,0.085614495406623,
2707,2707,0,2707123,0.31,0.41,0.28,40,0.1263163238786483,
2708,2708,0,2708123,0.31,0.42,0.27,40,0.16217090416644106,
2709,2709,0,2709123,0.31,0.43,0.26,40,0.09403728359206769,
2710,2710,0,2710123,0.31,0.44,0.25,40,0.10113943206777092,
2711,2711,0,2711123,0.31,0.45,0.24,40,0.2641286284799464,
2712,2712,0,2712123,0.31,0.46,0.23,40,0.1374028429972265,
2713,2713,0,2713123,0.31,0.47,0.22,40,0.15807087631754121,
2714,2714,0,2714123,0.31,0.48,0.21,40,0.12869191586820253,
2715,2715,0,2715123,0.31,0.49,0.2,40,0.10522323067908877,
2716,2716,0,2716123,0.31,0.5,0.19,40,0.1652465800976491,
2717,2717,0,2717123,0.31,0.51,0.18,40,0.08489910669322337,
2718,2718,0,2718123,0.31,0.52,0.17,40,0.11814943846769142,
2719,2719,0,2719123,0.31,0.53,0.16,40,0.11570091763463178,
2720,2720,0,2720123,0.31,0.54,0.15,40,0.1511278619136612,
2721,2721,0,2721123,0.31,0.55,0.14,40,0.10776545918576348,
2722,2722,0,2722123,0.31,0.56,0.13,40,0.12948138657098276,
2723,2723,0,2723123,0.31,0.57,0.11999999999999998,40,0.11211028963718873,
2724,2724,0,2724123,0.31,0.58,0.10999999999999999,40,0.08642367302165287,
2725,2725,0,2725123,0.31,0.59,0.09999999999999999,40,0.11356087957194062,
2726,2726,0,2726123,0.31,0.6,0.09,40,0.16998530180969557,
2727,2727,0,2727123,0.31,0.61,0.08,40,0.08824222078303873,
2728,2728,0,2728123,0.31,0.62,0.07,40,0.11552261888684591,
2729,2729,0,2729123,0.31,0.63,0.06,40,0.11701175688236362,
2730,2730,0,2730123,0.31,0.64,0.05,40,0.14898834885261306,
2731,2731,0,2731123,0.31,0.65,0.04,40,0.11311467880094456,
2732,2732,0,2732123,0.31,0.66,0.03,40,0.14730032724409856,
2733,2733,0,2733123,0.31,0.67,0.02,40,0.06146546461237,
2734,2734,0,2734123,0.31,0.68,0.01,40,0.03881657441189711,
2735,2735,0,2735123,0.31,0.69,0.0,40,0.10184957881929416,
2736,2736,0,2736123,0.32,0.0,0.68,40,0.054638422288288024,
2737,2737,0,2737123,0.32,0.01,0.67,40,0.07530441933374815,
2738,2738,0,2738123,0.32,0.02,0.66,40,0.05880663709305568,
2739,2739,0,2739123,0.32,0.03,0.65,40,0.11172674535512193,
2740,2740,0,2740123,0.32,0.04,0.64,40,0.055532531608240315,
2741,2741,0,2741123,0.32,0.05,0.63,40,0.06294122630289524,
2742,2742,0,2742123,0.32,0.06,0.62,40,0.05725365102652093,
2743,2743,0,2743123,0.32,0.07,0.61,40,0.0700740740162902,
2744,2744,0,2744123,0.32,0.08,0.6,40,0.08366152852799862,
2745,2745,0,2745123,0.32,0.09,0.59,40,0.0777625180254422,
2746,2746,0,2746123,0.32,0.1,0.58,40,0.06965777441777343,
2747,2747,0,2747123,0.32,0.11,0.57,40,0.11678053985624043,
2748,2748,0,2748123,0.32,0.12,0.56,40,0.06477149980330231,
2749,2749,0,2749123,0.32,0.13,0.55,40,0.07104523632611999,
2750,2750,0,2750123,0.32,0.14,0.54,40,0.07906591649882172,
2751,2751,0,2751123,0.32,0.15,0.53,40,0.0780650768824292,
2752,2752,0,2752123,0.32,0.16,0.52,40,0.08147047421663213,
2753,2753,0,2753123,0.32,0.17,0.51,40,0.08276579400453705,
2754,2754,0,2754123,0.32,0.18,0.5,40,0.07551300335775771,
2755,2755,0,2755123,0.32,0.19,0.49,40,0.05752324121757828,
2756,2756,0,2756123,0.32,0.2,0.48,40,0.09866351364773529,
2757,2757,0,2757123,0.32,0.21,0.47,40,0.0917127993834903,
2758,2758,0,2758123,0.32,0.22,0.46,40,0.04853883135124547,
2759,2759,0,2759123,0.32,0.23,0.45,40,0.08406954316707188,
2760,2760,0,2760123,0.32,0.24,0.44,40,0.07031769759798326,
2761,2761,0,2761123,0.32,0.25,0.43,40,0.07474705092224028,
2762,2762,0,2762123,0.32,0.26,0.42,40,0.09104131819996063,
2763,2763,0,2763123,0.32,0.27,0.41,40,0.045109999530925086,
2764,2764,0,2764123,0.32,0.28,0.4,40,0.09163008710864254,
2765,2765,0,2765123,0.32,0.29,0.39,40,0.0610027606639091,
2766,2766,0,2766123,0.32,0.3,0.38,40,0.1298472282071985,
2767,2767,0,2767123,0.32,0.31,0.37,40,0.07937436006670794,
2768,2768,0,2768123,0.32,0.32,0.36,40,0.07165277776808132,
2769,2769,0,2769123,0.32,0.33,0.35,40,0.1158202404001208,
2770,2770,0,2770123,0.32,0.34,0.34,40,0.09083153573776967,
2771,2771,0,2771123,0.32,0.35,0.33,40,0.052450052000865284,
2772,2772,0,2772123,0.32,0.36,0.32,40,0.08832535194750861,
2773,2773,0,2773123,0.32,0.37,0.31,40,0.07044194287182665,
2774,2774,0,2774123,0.32,0.38,0.3,40,0.10727212685505702,
2775,2775,0,2775123,0.32,0.39,0.29,40,0.08794845132466748,
2776,2776,0,2776123,0.32,0.4,0.28,40,0.24477095214775849,
2777,2777,0,2777123,0.32,0.41,0.27,40,0.11951284889112569,
2778,2778,0,2778123,0.32,0.42,0.26,40,0.16117634644570572,
2779,2779,0,2779123,0.32,0.43,0.25,40,0.15946967245912222,
2780,2780,0,2780123,0.32,0.44,0.24,40,0.12197238300817435,
2781,2781,0,2781123,0.32,0.45,0.23,40,0.14280322978840523,
2782,2782,0,2782123,0.32,0.46,0.22,40,0.15250124736867474,
2783,2783,0,2783123,0.32,0.47,0.21,40,0.10365967883341433,
2784,2784,0,2784123,0.32,0.48,0.2,40,0.22744246705680618,
2785,2785,0,2785123,0.32,0.49,0.19,40,0.08184721817721602,
2786,2786,0,2786123,0.32,0.5,0.18,40,0.11300159152454409,
2787,2787,0,2787123,0.32,0.51,0.17,40,0.17857793252093396,
2788,2788,0,2788123,0.32,0.52,0.16,40,0.1879783925941366,
2789,2789,0,2789123,0.32,0.53,0.15,40,0.11772672743748115,
2790,2790,0,2790123,0.32,0.54,0.14,40,0.2118253409611674,
2791,2791,0,2791123,0.32,0.55,0.13,40,0.09192943570824828,
2792,2792,0,2792123,0.32,0.56,0.12,40,0.13051679519145645,
2793,2793,0,2793123,0.32,0.57,0.10999999999999999,40,0.09128168438966397,
2794,2794,0,2794123,0.32,0.58,0.09999999999999999,40,0.14134047275904732,
2795,2795,0,2795123,0.32,0.59,0.09,40,0.09197373112604881,
2796,2796,0,2796123,0.32,0.6,0.08,40,0.10714446453579418,
2797,2797,0,2797123,0.32,0.61,0.07,40,0.12653600510626903,
2798,2798,0,2798123,0.32,0.62,0.06,40,0.15414989448294494,
2799,2799,0,2799123,0.32,0.63,0.05,40,0.14792043861307552,
2800,2800,0,2800123,0.32,0.64,0.04,40,0.11751852591787111,
2801,2801,0,2801123,0.32,0.65,0.03,40,0.0996965386157727,
2802,2802,0,2802123,0.32,0.66,0.02,40,0.14329848569469916,
2803,2803,0,2803123,0.32,0.67,0.01,40,0.10004265308118362,
2804,2804,0,2804123,0.32,0.68,0.0,40,0.12648641674929306,
2805,2805,0,2805123,0.33,0.0,0.67,40,0.11521829212642083,
2806,2806,0,2806123,0.33,0.01,0.66,40,0.07105057208750094,
2807,2807,0,2807123,0.33,0.02,0.65,40,0.07810276462225094,
2808,2808,0,2808123,0.33,0.03,0.64,40,0.25332503535353335,
2809,2809,0,2809123,0.33,0.04,0.63,40,0.08809057611298024,
2810,2810,0,2810123,0.33,0.05,0.62,40,0.07679163979907723,
2811,2811,0,2811123,0.33,0.06,0.61,40,0.08043630800170039,
2812,2812,0,2812123,0.33,0.07,0.6,40,0.08342417391985439,
2813,2813,0,2813123,0.33,0.08,0.59,40,0.07316906989834454,
2814,2814,0,2814123,0.33,0.09,0.58,40,0.06278346826477346,
2815,2815,0,2815123,0.33,0.1,0.57,40,0.07022725731031638,
2816,2816,0,2816123,0.33,0.11,0.56,40,0.0755872919089745,
2817,2817,0,2817123,0.33,0.12,0.55,40,0.0905392268284265,
2818,2818,0,2818123,0.33,0.13,0.54,40,0.056924938064468855,
2819,2819,0,2819123,0.33,0.14,0.53,40,0.07878341522246023,
2820,2820,0,2820123,0.33,0.15,0.52,40,0.053323131152200026,
2821,2821,0,2821123,0.33,0.16,0.51,40,0.06563112240756197,
2822,2822,0,2822123,0.33,0.17,0.5,40,0.062239989257099754,
2823,2823,0,2823123,0.33,0.18,0.49,40,0.0496826639021468,
2824,2824,0,2824123,0.33,0.19,0.48,40,0.0940721809987766,
2825,2825,0,2825123,0.33,0.2,0.47,40,0.07487277894301331,
2826,2826,0,2826123,0.33,0.21,0.46,40,0.05032713526288035,
2827,2827,0,2827123,0.33,0.22,0.45,40,0.12416939762319436,
2828,2828,0,2828123,0.33,0.23,0.44,40,0.1059212616356076,
2829,2829,0,2829123,0.33,0.24,0.43,40,0.08945255164811967,
2830,2830,0,2830123,0.33,0.25,0.42,40,0.11409095398478451,
2831,2831,0,2831123,0.33,0.26,0.41,40,0.06550202275490215,
2832,2832,0,2832123,0.33,0.27,0.4,40,0.06044981870494326,
2833,2833,0,2833123,0.33,0.28,0.39,40,0.08666216280886344,
2834,2834,0,2834123,0.33,0.29,0.38,40,0.10246502248932773,
2835,2835,0,2835123,0.33,0.3,0.37,40,0.08463269368806373,
2836,2836,0,2836123,0.33,0.31,0.36,40,0.08275706536492551,
2837,2837,0,2837123,0.33,0.32,0.35,40,0.0705622346451854,
2838,2838,0,2838123,0.33,0.33,0.34,40,0.11692219131396589,
2839,2839,0,2839123,0.33,0.34,0.33,40,0.06886194342243307,
2840,2840,0,2840123,0.33,0.35,0.32,40,0.08684061755244771,
2841,2841,0,2841123,0.33,0.36,0.31,40,0.12122113803940486,
2842,2842,0,2842123,0.33,0.37,0.3,40,0.11770950591734859,
2843,2843,0,2843123,0.33,0.38,0.29,40,0.0894371608059219,
2844,2844,0,2844123,0.33,0.39,0.28,40,0.14962395676231366,
2845,2845,0,2845123,0.33,0.4,0.27,40,0.09200557521951942,
2846,2846,0,2846123,0.33,0.41,0.26,40,0.17303562283741594,
2847,2847,0,2847123,0.33,0.42,0.25,40,0.09312659440816556,
2848,2848,0,2848123,0.33,0.43,0.24,40,0.10203920010637134,
2849,2849,0,2849123,0.33,0.44,0.23,40,0.13451952340208514,
2850,2850,0,2850123,0.33,0.45,0.22,40,0.14104385761074642,
2851,2851,0,2851123,0.33,0.46,0.21,40,0.14854387659249102,
2852,2852,0,2852123,0.33,0.47,0.2,40,0.09091262374236617,
2853,2853,0,2853123,0.33,0.48,0.19,40,0.09036596063263051,
2854,2854,0,2854123,0.33,0.49,0.18,40,0.18894978675197666,
2855,2855,0,2855123,0.33,0.5,0.17,40,0.11602159884555428,
2856,2856,0,2856123,0.33,0.51,0.16,40,0.06401188089727136,
2857,2857,0,2857123,0.33,0.52,0.15,40,0.08739840027176941,
2858,2858,0,2858123,0.33,0.53,0.14,40,0.10460342507297607,
2859,2859,0,2859123,0.33,0.54,0.13,40,0.08705489972726117,
2860,2860,0,2860123,0.33,0.55,0.12,40,0.0861675024939324,
2861,2861,0,2861123,0.33,0.56,0.10999999999999999,40,0.09378524107256185,
2862,2862,0,2862123,0.33,0.57,0.09999999999999999,40,0.12259742065506538,
2863,2863,0,2863123,0.33,0.58,0.09,40,0.1739934042704455,
2864,2864,0,2864123,0.33,0.59,0.08,40,0.1295841994144766,
2865,2865,0,2865123,0.33,0.6,0.07,40,0.10034598737136528,
2866,2866,0,2866123,0.33,0.61,0.06,40,0.10068382462967877,
2867,2867,0,2867123,0.33,0.62,0.05,40,0.12016069001545429,
2868,2868,0,2868123,0.33,0.63,0.04,40,0.12135398065738785,
2869,2869,0,2869123,0.33,0.64,0.03,40,0.17373169409050043,
2870,2870,0,2870123,0.33,0.65,0.02,40,0.18171143552676972,
2871,2871,0,2871123,0.33,0.66,0.01,40,0.11687809190028295,
2872,2872,0,2872123,0.33,0.67,0.0,40,0.24145609439229707,
2873,2873,0,2873123,0.34,0.0,0.66,40,0.13363146559967334,
2874,2874,0,2874123,0.34,0.01,0.65,40,0.09053979283959143,
2875,2875,0,2875123,0.34,0.02,0.64,40,0.0922129386561299,
2876,2876,0,2876123,0.34,0.03,0.63,40,0.06542496258724773,
2877,2877,0,2877123,0.34,0.04,0.62,40,0.07277832871844246,
2878,2878,0,2878123,0.34,0.05,0.61,40,0.10816018423874814,
2879,2879,0,2879123,0.34,0.06,0.6,40,0.04794896167682865,
2880,2880,0,2880123,0.34,0.07,0.59,40,0.07391111087932588,
2881,2881,0,2881123,0.34,0.08,0.58,40,0.06334612850312549,
2882,2882,0,2882123,0.34,0.09,0.57,40,0.04845575003132789,
2883,2883,0,2883123,0.34,0.1,0.56,40,0.06540343612607878,
2884,2884,0,2884123,0.34,0.11,0.55,40,0.0501916412838844,
2885,2885,0,2885123,0.34,0.12,0.54,40,0.12497896301391638,
2886,2886,0,2886123,0.34,0.13,0.53,40,0.09809930340326305,
2887,2887,0,2887123,0.34,0.14,0.52,40,0.08760088377727096,
2888,2888,0,2888123,0.34,0.15,0.51,40,0.07105138314651874,
2889,2889,0,2889123,0.34,0.16,0.5,40,0.09567549725273522,
2890,2890,0,2890123,0.34,0.17,0.49,40,0.08465392273126726,
2891,2891,0,2891123,0.34,0.18,0.48,40,0.05164546234711982,
2892,2892,0,2892123,0.34,0.19,0.47,40,0.09318972351263691,
2893,2893,0,2893123,0.34,0.2,0.46,40,0.084133874064759,
2894,2894,0,2894123,0.34,0.21,0.45,40,0.06885411339810177,
2895,2895,0,2895123,0.34,0.22,0.44,40,0.06591456752180523,
2896,2896,0,2896123,0.34,0.23,0.43,40,0.07210462623428086,
2897,2897,0,2897123,0.34,0.24,0.42,40,0.06786832602186768,
2898,2898,0,2898123,0.34,0.25,0.41,40,0.0597150920338213,
2899,2899,0,2899123,0.34,0.26,0.4,40,0.07873970464823829,
2900,2900,0,2900123,0.34,0.27,0.39,40,0.05609839311704999,
2901,2901,0,2901123,0.34,0.28,0.38,40,0.0870894698669403,
2902,2902,0,2902123,0.34,0.29,0.37,40,0.11584111641588535,
2903,2903,0,2903123,0.34,0.3,0.36,40,0.07884550401869521,
2904,2904,0,2904123,0.34,0.31,0.35,40,0.0833506106167567,
2905,2905,0,2905123,0.34,0.32,0.34,40,0.07013675884319408,
2906,2906,0,2906123,0.34,0.33,0.33,40,0.08867972991928214,
2907,2907,0,2907123,0.34,0.34,0.32,40,0.16969252278751723,
2908,2908,0,2908123,0.34,0.35,0.31,40,0.063396516360792,
2909,2909,0,2909123,0.34,0.36,0.3,40,0.09666824577906453,
2910,2910,0,2910123,0.34,0.37,0.29,40,0.1653848848807968,
2911,2911,0,2911123,0.34,0.38,0.28,40,0.1476089814310419,
2912,2912,0,2912123,0.34,0.39,0.27,40,0.11434654896326898,
2913,2913,0,2913123,0.34,0.4,0.26,40,0.11273774633045897,
2914,2914,0,2914123,0.34,0.41,0.25,40,0.09816846670152941,
2915,2915,0,2915123,0.34,0.42,0.24,40,0.21283064999746082,
2916,2916,0,2916123,0.34,0.43,0.23,40,0.15881475127468192,
2917,2917,0,2917123,0.34,0.44,0.22,40,0.12922860465138783,
2918,2918,0,2918123,0.34,0.45,0.21,40,0.0869020765102848,
2919,2919,0,2919123,0.34,0.46,0.2,40,0.13781274625926018,
2920,2920,0,2920123,0.34,0.47,0.19,40,0.07662556807055199,
2921,2921,0,2921123,0.34,0.48,0.18,40,0.07037146426462632,
2922,2922,0,2922123,0.34,0.49,0.17,40,0.12078319933500171,
2923,2923,0,2923123,0.34,0.5,0.16,40,0.1124192283002616,
2924,2924,0,2924123,0.34,0.51,0.15,40,0.1117331722172442,
2925,2925,0,2925123,0.34,0.52,0.14,40,0.14213607733923397,
2926,2926,0,2926123,0.34,0.53,0.13,40,0.09739079184434268,
2927,2927,0,2927123,0.34,0.54,0.12,40,0.19530346141150673,
2928,2928,0,2928123,0.34,0.55,0.10999999999999999,40,0.14327400126184156,
2929,2929,0,2929123,0.34,0.56,0.09999999999999999,40,0.13464798295797617,
2930,2930,0,2930123,0.34,0.57,0.09,40,0.1727947658020257,
2931,2931,0,2931123,0.34,0.58,0.08,40,0.11909860564139493,
2932,2932,0,2932123,0.34,0.59,0.07,40,0.10790076850393421,
2933,2933,0,2933123,0.34,0.6,0.06,40,0.13039985750463443,
2934,2934,0,2934123,0.34,0.61,0.05,40,0.16017642404905363,
2935,2935,0,2935123,0.34,0.62,0.04,40,0.1409330107299259,
2936,2936,0,2936123,0.34,0.63,0.03,40,0.0968751539503231,
2937,2937,0,2937123,0.34,0.64,0.02,40,0.13281806615937922,
2938,2938,0,2938123,0.34,0.65,0.01,40,0.037816214235440224,
2939,2939,0,2939123,0.34,0.66,0.0,40,0.13822652649250497,
2940,2940,0,2940123,0.35,0.0,0.65,40,0.06675861495128561,
2941,2941,0,2941123,0.35,0.01,0.64,40,0.08057585791560541,
2942,2942,0,2942123,0.35,0.02,0.63,40,0.07342178272220902,
2943,2943,0,2943123,0.35,0.03,0.62,40,0.060437641977737565,
2944,2944,0,2944123,0.35,0.04,0.61,40,0.09442425943657105,
2945,2945,0,2945123,0.35,0.05,0.6,40,0.09772337984336354,
2946,2946,0,2946123,0.35,0.06,0.59,40,0.061463522013227086,
2947,2947,0,2947123,0.35,0.07,0.58,40,0.0578091085940117,
2948,2948,0,2948123,0.35,0.08,0.57,40,0.05667014588104914,
2949,2949,0,2949123,0.35,0.09,0.56,40,0.05324732930774275,
2950,2950,0,2950123,0.35,0.1,0.55,40,0.09267622677742474,
2951,2951,0,2951123,0.35,0.11,0.54,40,0.05243740302647706,
2952,2952,0,2952123,0.35,0.12,0.53,40,0.06797399440840954,
2953,2953,0,2953123,0.35,0.13,0.52,40,0.07618884234500618,
2954,2954,0,2954123,0.35,0.14,0.51,40,0.10620911157747141,
2955,2955,0,2955123,0.35,0.15,0.5,40,0.05946174010239139,
2956,2956,0,2956123,0.35,0.16,0.49,40,0.07131012480223184,
2957,2957,0,2957123,0.35,0.17,0.48,40,0.07788480465246597,
2958,2958,0,2958123,0.35,0.18,0.47,40,0.09167356465279466,
2959,2959,0,2959123,0.35,0.19,0.46,40,0.05599068843839739,
2960,2960,0,2960123,0.35,0.2,0.45,40,0.06461612516442972,
2961,2961,0,2961123,0.35,0.21,0.44,40,0.07099738489528916,
2962,2962,0,2962123,0.35,0.22,0.43,40,0.08523970148305554,
2963,2963,0,2963123,0.35,0.23,0.42,40,0.07968598513651412,
2964,2964,0,2964123,0.35,0.24,0.41,40,0.06422805222550719,
2965,2965,0,2965123,0.35,0.25,0.4,40,0.0676570327558902,
2966,2966,0,2966123,0.35,0.26,0.39,40,0.06972194241729862,
2967,2967,0,2967123,0.35,0.27,0.38,40,0.07524912869640818,
2968,2968,0,2968123,0.35,0.28,0.37,40,0.10826087267101123,
2969,2969,0,2969123,0.35,0.29,0.36,40,0.05559436403208929,
2970,2970,0,2970123,0.35,0.3,0.35,40,0.10990545190835312,
2971,2971,0,2971123,0.35,0.31,0.34,40,0.08430521581370845,
2972,2972,0,2972123,0.35,0.32,0.33,40,0.09786342092984956,
2973,2973,0,2973123,0.35,0.33,0.32,40,0.08172615750484324,
2974,2974,0,2974123,0.35,0.34,0.31,40,0.061109978284276674,
2975,2975,0,2975123,0.35,0.35,0.3,40,0.09100927123469418,
2976,2976,0,2976123,0.35,0.36,0.29,40,0.12212738841083855,
2977,2977,0,2977123,0.35,0.37,0.28,40,0.06383914465424062,
2978,2978,0,2978123,0.35,0.38,0.27,40,0.09368654441249233,
2979,2979,0,2979123,0.35,0.39,0.26,40,0.11597512212017624,
2980,2980,0,2980123,0.35,0.4,0.25,40,0.08241555326930121,
2981,2981,0,2981123,0.35,0.41,0.24,40,0.08297300896679721,
2982,2982,0,2982123,0.35,0.42,0.23,40,0.1785871363153307,
2983,2983,0,2983123,0.35,0.43,0.22,40,0.13747769121976325,
2984,2984,0,2984123,0.35,0.44,0.21,40,0.12031538672072715,
2985,2985,0,2985123,0.35,0.45,0.2,40,0.09284563255487752,
2986,2986,0,2986123,0.35,0.46,0.19,40,0.09683637909627249,
2987,2987,0,2987123,0.35,0.47,0.18,40,0.11322710793101921,
2988,2988,0,2988123,0.35,0.48,0.17,40,0.19422170588777457,
2989,2989,0,2989123,0.35,0.49,0.16,40,0.08419799128161279,
2990,2990,0,2990123,0.35,0.5,0.15,40,0.1411198216570839,
2991,2991,0,2991123,0.35,0.51,0.14,40,0.1134093915651991,
2992,2992,0,2992123,0.35,0.52,0.13,40,0.10941546748314698,
2993,2993,0,2993123,0.35,0.53,0.12,40,0.09537105380996382,
2994,2994,0,2994123,0.35,0.54,0.11,40,0.09219247341951446,
2995,2995,0,2995123,0.35,0.55,0.1,40,0.20006492697454875,
2996,2996,0,2996123,0.35,0.56,0.09,40,0.20324529314520004,
2997,2997,0,2997123,0.35,0.57,0.08,40,0.09196501810511012,
2998,2998,0,2998123,0.35,0.58,0.07,40,0.14562054278235484,
2999,2999,0,2999123,0.35,0.59,0.06,40,0.13486824267653566,
3000,3000,0,3000123,0.35,0.6,0.05,40,0.1006132058041372,
3001,3001,0,3001123,0.35,0.61,0.04,40,0.1153858706633343,
3002,3002,0,3002123,0.35,0.62,0.03,40,0.10528478700081069,
3003,3003,0,3003123,0.35,0.63,0.02,40,0.12811148321631985,
3004,3004,0,3004123,0.35,0.64,0.01,40,0.10864224371624065,
3005,3005,0,3005123,0.35,0.65,0.0,40,0.0923486351514429,
3006,3006,0,3006123,0.36,0.0,0.64,40,0.07983029260103225,
3007,3007,0,3007123,0.36,0.01,0.63,40,0.11185301259710016,
3008,3008,0,3008123,0.36,0.02,0.62,40,0.07220440348029379,
3009,3009,0,3009123,0.36,0.03,0.61,40,0.07830491255806815,
3010,3010,0,3010123,0.36,0.04,0.6,40,0.07575161743818089,
3011,3011,0,3011123,0.36,0.05,0.59,40,0.07284857108186268,
3012,3012,0,3012123,0.36,0.06,0.58,40,0.09480739951362945,
3013,3013,0,3013123,0.36,0.07,0.57,40,0.06280719952754638,
3014,3014,0,3014123,0.36,0.08,0.56,40,0.11267539410104091,
3015,3015,0,3015123,0.36,0.09,0.55,40,0.06939997693666418,
3016,3016,0,3016123,0.36,0.1,0.54,40,0.06337225801766684,
3017,3017,0,3017123,0.36,0.11,0.53,40,0.05656838809131113,
3018,3018,0,3018123,0.36,0.12,0.52,40,0.10034235547907157,
3019,3019,0,3019123,0.36,0.13,0.51,40,0.04763787866853353,
3020,3020,0,3020123,0.36,0.14,0.5,40,0.07802304975988006,
3021,3021,0,3021123,0.36,0.15,0.49,40,0.08771862606798055,
3022,3022,0,3022123,0.36,0.16,0.48,40,0.07298931648395417,
3023,3023,0,3023123,0.36,0.17,0.47,40,0.09137202194182877,
3024,3024,0,3024123,0.36,0.18,0.46,40,0.05024648677981856,
3025,3025,0,3025123,0.36,0.19,0.45,40,0.09175038632724768,
3026,3026,0,3026123,0.36,0.2,0.44,40,0.09911383616000628,
3027,3027,0,3027123,0.36,0.21,0.43,40,0.0685716507562743,
3028,3028,0,3028123,0.36,0.22,0.42,40,0.07215927441504588,
3029,3029,0,3029123,0.36,0.23,0.41,40,0.05497389765494651,
3030,3030,0,3030123,0.36,0.24,0.4,40,0.039973491924128954,
3031,3031,0,3031123,0.36,0.25,0.39,40,0.13656773559088997,
3032,3032,0,3032123,0.36,0.26,0.38,40,0.08108826095141325,
3033,3033,0,3033123,0.36,0.27,0.37,40,0.10585381748338193,
3034,3034,0,3034123,0.36,0.28,0.36,40,0.07768021974968531,
3035,3035,0,3035123,0.36,0.29,0.35,40,0.09744508572982075,
3036,3036,0,3036123,0.36,0.3,0.34,40,0.07347746186736803,
3037,3037,0,3037123,0.36,0.31,0.33,40,0.1469813486292866,
3038,3038,0,3038123,0.36,0.32,0.32,40,0.06177062803557045,
3039,3039,0,3039123,0.36,0.33,0.31,40,0.06326905704247889,
3040,3040,0,3040123,0.36,0.34,0.3,40,0.14446521439935392,
3041,3041,0,3041123,0.36,0.35,0.29,40,0.20222000457997313,
3042,3042,0,3042123,0.36,0.36,0.28,40,0.08579081172497864,
3043,3043,0,3043123,0.36,0.37,0.27,40,0.0976863357524217,
3044,3044,0,3044123,0.36,0.38,0.26,40,0.07507853512399723,
3045,3045,0,3045123,0.36,0.39,0.25,40,0.10199441330687146,
3046,3046,0,3046123,0.36,0.4,0.24,40,0.09176076955540767,
3047,3047,0,3047123,0.36,0.41,0.23,40,0.07322054235533755,
3048,3048,0,3048123,0.36,0.42,0.22,40,0.07347071967506166,
3049,3049,0,3049123,0.36,0.43,0.21,40,0.15663646291895134,
3050,3050,0,3050123,0.36,0.44,0.2,40,0.09234225090314088,
3051,3051,0,3051123,0.36,0.45,0.19,40,0.10708511346493195,
3052,3052,0,3052123,0.36,0.46,0.18,40,0.14970767590282474,
3053,3053,0,3053123,0.36,0.47,0.17,40,0.1479198265677877,
3054,3054,0,3054123,0.36,0.48,0.16,40,0.15315711058674594,
3055,3055,0,3055123,0.36,0.49,0.15,40,0.08611521994095735,
3056,3056,0,3056123,0.36,0.5,0.14,40,0.1593394540312187,
3057,3057,0,3057123,0.36,0.51,0.13,40,0.18944559971717667,
3058,3058,0,3058123,0.36,0.52,0.12,40,0.15518416982674507,
3059,3059,0,3059123,0.36,0.53,0.11,40,0.0997435967716238,
3060,3060,0,3060123,0.36,0.54,0.1,40,0.14617209823367963,
3061,3061,0,3061123,0.36,0.55,0.09,40,0.1106764511934693,
3062,3062,0,3062123,0.36,0.56,0.08,40,0.09734476958894067,
3063,3063,0,3063123,0.36,0.57,0.07,40,0.12603659146641394,
3064,3064,0,3064123,0.36,0.58,0.06,40,0.10985871142904911,
3065,3065,0,3065123,0.36,0.59,0.05,40,0.09014852187249112,
3066,3066,0,3066123,0.36,0.6,0.04,40,0.17186644282358993,
3067,3067,0,3067123,0.36,0.61,0.03,40,0.12223331614401843,
3068,3068,0,3068123,0.36,0.62,0.02,40,0.1482660130542277,
3069,3069,0,3069123,0.36,0.63,0.01,40,0.14569156153129198,
3070,3070,0,3070123,0.36,0.64,0.0,40,0.17310345690116777,
3071,3071,0,3071123,0.37,0.0,0.63,40,0.08633609158699744,
3072,3072,0,3072123,0.37,0.01,0.62,40,0.05950376195011751,
3073,3073,0,3073123,0.37,0.02,0.61,40,0.06237079056936279,
3074,3074,0,3074123,0.37,0.03,0.6,40,0.06189063665298633,
3075,3075,0,3075123,0.37,0.04,0.59,40,0.09666495181066519,
3076,3076,0,3076123,0.37,0.05,0.58,40,0.02895557292921621,
3077,3077,0,3077123,0.37,0.06,0.57,40,0.09569558228947779,
3078,3078,0,3078123,0.37,0.07,0.56,40,0.09449147218150973,
3079,3079,0,3079123,0.37,0.08,0.55,40,0.0944429803737626,
3080,3080,0,3080123,0.37,0.09,0.54,40,0.08421602119510518,
3081,3081,0,3081123,0.37,0.1,0.53,40,0.07011992976268532,
3082,3082,0,3082123,0.37,0.11,0.52,40,0.04984494978874677,
3083,3083,0,3083123,0.37,0.12,0.51,40,0.08726439413118374,
3084,3084,0,3084123,0.37,0.13,0.5,40,0.08153240727759946,
3085,3085,0,3085123,0.37,0.14,0.49,40,0.06175079018424199,
3086,3086,0,3086123,0.37,0.15,0.48,40,0.0680329672978079,
3087,3087,0,3087123,0.37,0.16,0.47,40,0.06072898941233909,
3088,3088,0,3088123,0.37,0.17,0.46,40,0.11090697108268877,
3089,3089,0,3089123,0.37,0.18,0.45,40,0.0855622353007425,
3090,3090,0,3090123,0.37,0.19,0.44,40,0.09266873456284488,
3091,3091,0,3091123,0.37,0.2,0.43,40,0.09573356631139542,
3092,3092,0,3092123,0.37,0.21,0.42,40,0.06697728136585332,
3093,3093,0,3093123,0.37,0.22,0.41,40,0.10264033224768505,
3094,3094,0,3094123,0.37,0.23,0.4,40,0.06380773878549,
3095,3095,0,3095123,0.37,0.24,0.39,40,0.08300787973864623,
3096,3096,0,3096123,0.37,0.25,0.38,40,0.0453396205374444,
3097,3097,0,3097123,0.37,0.26,0.37,40,0.058337038754045056,
3098,3098,0,3098123,0.37,0.27,0.36,40,0.07367069021860721,
3099,3099,0,3099123,0.37,0.28,0.35,40,0.08920181768314572,
3100,3100,0,3100123,0.37,0.29,0.34,40,0.07913926464501383,
3101,3101,0,3101123,0.37,0.3,0.33,40,0.07475109592462756,
3102,3102,0,3102123,0.37,0.31,0.32,40,0.1347484983711981,
3103,3103,0,3103123,0.37,0.32,0.31,40,0.054399680294245904,
3104,3104,0,3104123,0.37,0.33,0.3,40,0.09368167709540236,
3105,3105,0,3105123,0.37,0.34,0.29,40,0.09274601057664271,
3106,3106,0,3106123,0.37,0.35,0.28,40,0.07145300087410128,
3107,3107,0,3107123,0.37,0.36,0.27,40,0.12589973752714795,
3108,3108,0,3108123,0.37,0.37,0.26,40,0.1544740028684707,
3109,3109,0,3109123,0.37,0.38,0.25,40,0.1350910792050625,
3110,3110,0,3110123,0.37,0.39,0.24,40,0.13919806840720883,
3111,3111,0,3111123,0.37,0.4,0.23,40,0.12777005396631513,
3112,3112,0,3112123,0.37,0.41,0.22,40,0.1475936768719118,
3113,3113,0,3113123,0.37,0.42,0.21,40,0.1436305323142539,
3114,3114,0,3114123,0.37,0.43,0.2,40,0.14780866470303397,
3115,3115,0,3115123,0.37,0.44,0.19,40,0.14608059314887775,
3116,3116,0,3116123,0.37,0.45,0.18,40,0.16110559376960362,
3117,3117,0,3117123,0.37,0.46,0.17,40,0.1276194087783484,
3118,3118,0,3118123,0.37,0.47,0.16,40,0.12504282704366942,
3119,3119,0,3119123,0.37,0.48,0.15,40,0.07935277213893492,
3120,3120,0,3120123,0.37,0.49,0.14,40,0.10302307535941084,
3121,3121,0,3121123,0.37,0.5,0.13,40,0.1076021802302363,
3122,3122,0,3122123,0.37,0.51,0.12,40,0.07450962323156415,
3123,3123,0,3123123,0.37,0.52,0.11,40,0.14734281770839952,
3124,3124,0,3124123,0.37,0.53,0.1,40,0.12071733507847413,
3125,3125,0,3125123,0.37,0.54,0.09,40,0.12295432605204654,
3126,3126,0,3126123,0.37,0.55,0.08,40,0.12866819817164526,
3127,3127,0,3127123,0.37,0.56,0.07,40,0.10572898516236036,
3128,3128,0,3128123,0.37,0.57,0.06,40,0.13202372211604602,
3129,3129,0,3129123,0.37,0.58,0.05,40,0.08953682118145412,
3130,3130,0,3130123,0.37,0.59,0.04,40,0.09146029134159739,
3131,3131,0,3131123,0.37,0.6,0.03,40,0.12116324393525896,
3132,3132,0,3132123,0.37,0.61,0.02,40,0.15159340082153872,
3133,3133,0,3133123,0.37,0.62,0.01,40,0.1217383626944018,
3134,3134,0,3134123,0.37,0.63,0.0,40,0.10376158057947156,
3135,3135,0,3135123,0.38,0.0,0.62,40,0.08025250119728164,
3136,3136,0,3136123,0.38,0.01,0.61,40,0.07512119618706956,
3137,3137,0,3137123,0.38,0.02,0.6,40,0.08449744526241196,
3138,3138,0,3138123,0.38,0.03,0.59,40,0.07719475829485926,
3139,3139,0,3139123,0.38,0.04,0.58,40,0.10427063083237971,
3140,3140,0,3140123,0.38,0.05,0.57,40,0.10059323850473696,
3141,3141,0,3141123,0.38,0.06,0.56,40,0.03646457906645435,
3142,3142,0,3142123,0.38,0.07,0.55,40,0.06776194219983175,
3143,3143,0,3143123,0.38,0.08,0.54,40,0.11294257759573566,
3144,3144,0,3144123,0.38,0.09,0.53,40,0.05296140433456137,
3145,3145,0,3145123,0.38,0.1,0.52,40,0.101804003632321,
3146,3146,0,3146123,0.38,0.11,0.51,40,0.059146257460815525,
3147,3147,0,3147123,0.38,0.12,0.5,40,0.06941865546299729,
3148,3148,0,3148123,0.38,0.13,0.49,40,0.06217328366568091,
3149,3149,0,3149123,0.38,0.14,0.48,40,0.10321757202817067,
3150,3150,0,3150123,0.38,0.15,0.47,40,0.046647551893609335,
3151,3151,0,3151123,0.38,0.16,0.46,40,0.061684494147399356,
3152,3152,0,3152123,0.38,0.17,0.45,40,0.09184985926683074,
3153,3153,0,3153123,0.38,0.18,0.44,40,0.07535508416946016,
3154,3154,0,3154123,0.38,0.19,0.43,40,0.08587218518706843,
3155,3155,0,3155123,0.38,0.2,0.42,40,0.08606607863570168,
3156,3156,0,3156123,0.38,0.21,0.41,40,0.07591640495507673,
3157,3157,0,3157123,0.38,0.22,0.4,40,0.06355418586452756,
3158,3158,0,3158123,0.38,0.23,0.39,40,0.07970204275640098,
3159,3159,0,3159123,0.38,0.24,0.38,40,0.07664837884176455,
3160,3160,0,3160123,0.38,0.25,0.37,40,0.059150089090994534,
3161,3161,0,3161123,0.38,0.26,0.36,40,0.07181970283819493,
3162,3162,0,3162123,0.38,0.27,0.35,40,0.06391996034671932,
3163,3163,0,3163123,0.38,0.28,0.34,40,0.1070925274277651,
3164,3164,0,3164123,0.38,0.29,0.33,40,0.19753872587759597,
3165,3165,0,3165123,0.38,0.3,0.32,40,0.10555151407780691,
3166,3166,0,3166123,0.38,0.31,0.31,40,0.09669019317128688,
3167,3167,0,3167123,0.38,0.32,0.3,40,0.07438700343407931,
3168,3168,0,3168123,0.38,0.33,0.29,40,0.15431267503794585,
3169,3169,0,3169123,0.38,0.34,0.28,40,0.08081393134589678,
3170,3170,0,3170123,0.38,0.35,0.27,40,0.07062564130019199,
3171,3171,0,3171123,0.38,0.36,0.26,40,0.09461460378582232,
3172,3172,0,3172123,0.38,0.37,0.25,40,0.12009457591296993,
3173,3173,0,3173123,0.38,0.38,0.24,40,0.07372106239432057,
3174,3174,0,3174123,0.38,0.39,0.23,40,0.07198190326235264,
3175,3175,0,3175123,0.38,0.4,0.22,40,0.16542814887507384,
3176,3176,0,3176123,0.38,0.41,0.21,40,0.08318472590949313,
3177,3177,0,3177123,0.38,0.42,0.2,40,0.07303254936389093,
3178,3178,0,3178123,0.38,0.43,0.19,38,0.16082072722791357,tolflatfitness
3179,3179,0,3179123,0.38,0.44,0.18,40,0.13158015863601238,
3180,3180,0,3180123,0.38,0.45,0.17,40,0.1629116286137054,
3181,3181,0,3181123,0.38,0.46,0.16,40,0.12367792112283162,
3182,3182,0,3182123,0.38,0.47,0.15,40,0.09611329448876574,
3183,3183,0,3183123,0.38,0.48,0.14,40,0.13647774052249453,
3184,3184,0,3184123,0.38,0.49,0.13,40,0.1375414304770016,
3185,3185,0,3185123,0.38,0.5,0.12,40,0.09794198130538935,
3186,3186,0,3186123,0.38,0.51,0.11,40,0.0837650857616802,
3187,3187,0,3187123,0.38,0.52,0.1,40,0.15132310256672157,
3188,3188,0,3188123,0.38,0.53,0.09,40,0.14027561634744154,
3189,3189,0,3189123,0.38,0.54,0.08,40,0.11400799399778111,
3190,3190,0,3190123,0.38,0.55,0.07,40,0.0845634579909618,
3191,3191,0,3191123,0.38,0.56,0.06,40,0.09878808337300553,
3192,3192,0,3192123,0.38,0.57,0.05,40,0.09780153132999851,
3193,3193,0,3193123,0.38,0.58,0.04,40,0.11129002160859648,
3194,3194,0,3194123,0.38,0.59,0.03,40,0.11061627945200736,
3195,3195,0,3195123,0.38,0.6,0.02,40,0.11027285966061125,
3196,3196,0,3196123,0.38,0.61,0.01,40,0.18497250192460943,
3197,3197,0,3197123,0.38,0.62,0.0,40,0.1524752826962337,
3198,3198,0,3198123,0.39,0.0,0.61,40,0.07740280928409413,
3199,3199,0,3199123,0.39,0.01,0.6,40,0.07078303586783204,
3200,3200,0,3200123,0.39,0.02,0.59,40,0.05728301638789673,
3201,3201,0,3201123,0.39,0.03,0.58,40,0.0924822842357417,
3202,3202,0,3202123,0.39,0.04,0.57,40,0.0883054063892294,
3203,3203,0,3203123,0.39,0.05,0.56,40,0.054163701967981454,
3204,3204,0,3204123,0.39,0.06,0.55,40,0.08679303584237333,
3205,3205,0,3205123,0.39,0.07,0.54,40,0.058774458428696344,
3206,3206,0,3206123,0.39,0.08,0.53,40,0.11400026362017693,
3207,3207,0,3207123,0.39,0.09,0.52,40,0.10513448702163053,
3208,3208,0,3208123,0.39,0.1,0.51,40,0.09253389118279566,
3209,3209,0,3209123,0.39,0.11,0.5,40,0.09341615596916351,
3210,3210,0,3210123,0.39,0.12,0.49,40,0.05437160317033092,
3211,3211,0,3211123,0.39,0.13,0.48,40,0.07382166494473986,
3212,3212,0,3212123,0.39,0.14,0.47,40,0.09276922453440746,
3213,3213,0,3213123,0.39,0.15,0.46,40,0.09135646857287782,
3214,3214,0,3214123,0.39,0.16,0.45,40,0.07545478958774443,
3215,3215,0,3215123,0.39,0.17,0.44,40,0.08890312538011208,
3216,3216,0,3216123,0.39,0.18,0.43,40,0.06352236690944917,
3217,3217,0,3217123,0.39,0.19,0.42,40,0.10824358878029057,
3218,3218,0,3218123,0.39,0.2,0.41,40,0.10106394370837957,
3219,3219,0,3219123,0.39,0.21,0.4,40,0.07192219579807903,
3220,3220,0,3220123,0.39,0.22,0.39,40,0.07497987085143512,
3221,3221,0,3221123,0.39,0.23,0.38,40,0.073679126644134,
3222,3222,0,3222123,0.39,0.24,0.37,40,0.18032780931243275,
3223,3223,0,3223123,0.39,0.25,0.36,40,0.07068421167738796,
3224,3224,0,3224123,0.39,0.26,0.35,40,0.10608680864290689,
3225,3225,0,3225123,0.39,0.27,0.34,40,0.05896281258738196,
3226,3226,0,3226123,0.39,0.28,0.33,40,0.06968025032779472,
3227,3227,0,3227123,0.39,0.29,0.32,40,0.06708056277405958,
3228,3228,0,3228123,0.39,0.3,0.31,40,0.08676262776141562,
3229,3229,0,3229123,0.39,0.31,0.3,40,0.09060026293631511,
3230,3230,0,3230123,0.39,0.32,0.29,40,0.08484965256102328,
3231,3231,0,3231123,0.39,0.33,0.28,40,0.0764289899735508,
3232,3232,0,3232123,0.39,0.34,0.27,40,0.1401319000679272,
3233,3233,0,3233123,0.39,0.35,0.26,40,0.09557888694284637,
3234,3234,0,3234123,0.39,0.36,0.25,40,0.0919338802163913,
3235,3235,0,3235123,0.39,0.37,0.24,40,0.06709683024713563,
3236,3236,0,3236123,0.39,0.38,0.23,40,0.123467886632182,
3237,3237,0,3237123,0.39,0.39,0.22,40,0.11360119182907762,
3238,3238,0,3238123,0.39,0.4,0.21,40,0.13939485879727528,
3239,3239,0,3239123,0.39,0.41,0.2,40,0.1453146824724547,
3240,3240,0,3240123,0.39,0.42,0.19,40,0.11794547298242684,
3241,3241,0,3241123,0.39,0.43,0.18,40,0.10191125769831785,
3242,3242,0,3242123,0.39,0.44,0.17,40,0.10154464153718466,
3243,3243,0,3243123,0.39,0.45,0.16,40,0.15049203435690475,
3244,3244,0,3244123,0.39,0.46,0.15,40,0.10976894741117477,
3245,3245,0,3245123,0.39,0.47,0.14,40,0.10414270561663497,
3246,3246,0,3246123,0.39,0.48,0.13,40,0.11787072185395535,
3247,3247,0,3247123,0.39,0.49,0.12,40,0.09631242510489994,
3248,3248,0,3248123,0.39,0.5,0.11,40,0.1249902008253552,
3249,3249,0,3249123,0.39,0.51,0.1,40,0.12275421820437127,
3250,3250,0,3250123,0.39,0.52,0.09,40,0.08623663994628021,
3251,3251,0,3251123,0.39,0.53,0.08,40,0.08729925188055367,
3252,3252,0,3252123,0.39,0.54,0.07,40,0.09183649352971648,
3253,3253,0,3253123,0.39,0.55,0.06,40,0.10904938098654048,
3254,3254,0,3254123,0.39,0.56,0.05,40,0.14830956515260546,
3255,3255,0,3255123,0.39,0.57,0.04,40,0.09299069998757607,
3256,3256,0,3256123,0.39,0.58,0.03,40,0.14000476877460505,
3257,3257,0,3257123,0.39,0.59,0.02,40,0.1134899755612237,
3258,3258,0,3258123,0.39,0.6,0.01,40,0.1125840560166457,
3259,3259,0,3259123,0.39,0.61,0.0,40,0.1790147427279931,
3260,3260,0,3260123,0.4,0.0,0.6,40,0.08035414250420325,
3261,3261,0,3261123,0.4,0.01,0.59,40,0.0871955548737721,
3262,3262,0,3262123,0.4,0.02,0.58,40,0.0838435010953415,
3263,3263,0,3263123,0.4,0.03,0.57,40,0.05349614162681864,
3264,3264,0,3264123,0.4,0.04,0.56,40,0.05696955697414895,
3265,3265,0,3265123,0.4,0.05,0.55,40,0.08588042461317597,
3266,3266,0,3266123,0.4,0.06,0.54,40,0.059533938892123675,
3267,3267,0,3267123,0.4,0.07,0.53,40,0.08166917191811275,
3268,3268,0,3268123,0.4,0.08,0.52,40,0.06392365788748969,
3269,3269,0,3269123,0.4,0.09,0.51,40,0.07364041267483229,
3270,3270,0,3270123,0.4,0.1,0.5,40,0.05676048453573084,
3271,3271,0,3271123,0.4,0.11,0.49,40,0.0806810044987563,
3272,3272,0,3272123,0.4,0.12,0.48,40,0.08542559099419687,
3273,3273,0,3273123,0.4,0.13,0.47,40,0.06866326232939268,
3274,3274,0,3274123,0.4,0.14,0.46,40,0.07437201481798558,
3275,3275,0,3275123,0.4,0.15,0.45,40,0.05750808284527731,
3276,3276,0,3276123,0.4,0.16,0.44,40,0.08727285060730816,
3277,3277,0,3277123,0.4,0.17,0.43,40,0.0880192748622947,
3278,3278,0,3278123,0.4,0.18,0.42,40,0.05433173131476943,
3279,3279,0,3279123,0.4,0.19,0.41,40,0.07129989755332268,
3280,3280,0,3280123,0.4,0.2,0.4,40,0.06079983117884794,
3281,3281,0,3281123,0.4,0.21,0.39,40,0.07188293658711471,
3282,3282,0,3282123,0.4,0.22,0.38,40,0.07833921916337835,
3283,3283,0,3283123,0.4,0.23,0.37,40,0.0632863842666367,
3284,3284,0,3284123,0.4,0.24,0.36,40,0.059632996231283444,
3285,3285,0,3285123,0.4,0.25,0.35,40,0.07733089743430711,
3286,3286,0,3286123,0.4,0.26,0.34,40,0.09035485251860847,
3287,3287,0,3287123,0.4,0.27,0.33,40,0.10130117754277129,
3288,3288,0,3288123,0.4,0.28,0.32,40,0.06834176487285691,
3289,3289,0,3289123,0.4,0.29,0.31,40,0.09660616082660786,
3290,3290,0,3290123,0.4,0.3,0.3,40,0.09598450732222223,
3291,3291,0,3291123,0.4,0.31,0.29,40,0.0879269795872476,
3292,3292,0,3292123,0.4,0.32,0.28,40,0.07900000734861572,
3293,3293,0,3293123,0.4,0.33,0.27,40,0.10945896989336654,
3294,3294,0,3294123,0.4,0.34,0.26,40,0.15435716987312725,
3295,3295,0,3295123,0.4,0.35,0.25,40,0.1568482942663805,
3296,3296,0,3296123,0.4,0.36,0.24,40,0.07962918131785385,
3297,3297,0,3297123,0.4,0.37,0.23,40,0.07968853025672928,
3298,3298,0,3298123,0.4,0.38,0.22,40,0.15275224426885098,
3299,3299,0,3299123,0.4,0.39,0.21,40,0.13804593665959766,
3300,3300,0,3300123,0.4,0.4,0.2,40,0.13761111043746382,
3301,3301,0,3301123,0.4,0.41,0.19,40,0.07363952210302281,
3302,3302,0,3302123,0.4,0.42,0.18,40,0.15031446191095235,
3303,3303,0,3303123,0.4,0.43,0.17,40,0.11935345027753087,
3304,3304,0,3304123,0.4,0.44,0.16,40,0.130374905016091,
3305,3305,0,3305123,0.4,0.45,0.15,40,0.07466751509801342,
3306,3306,0,3306123,0.4,0.46,0.14,40,0.11414093161251827,
3307,3307,0,3307123,0.4,0.47,0.13,40,0.12878643943626383,
3308,3308,0,3308123,0.4,0.48,0.12,40,0.15898390128882967,
3309,3309,0,3309123,0.4,0.49,0.11,40,0.14360057881513338,
3310,3310,0,3310123,0.4,0.5,0.1,40,0.131358663917879,
3311,3311,0,3311123,0.4,0.51,0.09,40,0.12296737003422821,
3312,3312,0,3312123,0.4,0.52,0.08,40,0.1374707806443181,
3313,3313,0,3313123,0.4,0.53,0.07,40,0.11261342594878845,
3314,3314,0,3314123,0.4,0.54,0.06,40,0.09526202314833287,
3315,3315,0,3315123,0.4,0.55,0.05,40,0.1466352819733818,
3316,3316,0,3316123,0.4,0.56,0.04,40,0.11249273119743058,
3317,3317,0,3317123,0.4,0.57,0.03,40,0.13278242556378472,
3318,3318,0,3318123,0.4,0.58,0.02,40,0.1078751284271115,
3319,3319,0,3319123,0.4,0.59,0.01,40,0.09427747781933841,
3320,3320,0,3320123,0.4,0.6,0.0,40,0.13837300824878124,
3321,3321,0,3321123,0.41,0.0,0.59,40,0.09208077619214662,
3322,3322,0,3322123,0.41,0.01,0.58,40,0.06154448998694021,
3323,3323,0,3323123,0.41,0.02,0.57,40,0.06762281053252236,
3324,3324,0,3324123,0.41,0.03,0.56,40,0.05543812914891098,
3325,3325,0,3325123,0.41,0.04,0.55,40,0.05525900925420675,
3326,3326,0,3326123,0.41,0.05,0.54,40,0.051683061320492496,
3327,3327,0,3327123,0.41,0.06,0.53,40,0.09237934167200024,
3328,3328,0,3328123,0.41,0.07,0.52,40,0.08330127505955766,
3329,3329,0,3329123,0.41,0.08,0.51,40,0.04909222935878783,
3330,3330,0,3330123,0.41,0.09,0.5,40,0.08215165644757787,
3331,3331,0,3331123,0.41,0.1,0.49,40,0.04965092438129231,
3332,3332,0,3332123,0.41,0.11,0.48,40,0.10269405378888682,
3333,3333,0,3333123,0.41,0.12,0.47,40,0.09212195992034806,
3334,3334,0,3334123,0.41,0.13,0.46,40,0.07412570696291973,
3335,3335,0,3335123,0.41,0.14,0.45,40,0.06462133214743712,
3336,3336,0,3336123,0.41,0.15,0.44,40,0.11275237362684512,
3337,3337,0,3337123,0.41,0.16,0.43,40,0.08699832966502101,
3338,3338,0,3338123,0.41,0.17,0.42,40,0.05599400605757813,
3339,3339,0,3339123,0.41,0.18,0.41,40,0.0555981712413367,
3340,3340,0,3340123,0.41,0.19,0.4,40,0.08533958151242825,
3341,3341,0,3341123,0.41,0.2,0.39,40,0.06152614987464248,
3342,3342,0,3342123,0.41,0.21,0.38,40,0.07995977589558485,
3343,3343,0,3343123,0.41,0.22,0.37,40,0.05457603056356841,
3344,3344,0,3344123,0.41,0.23,0.36,40,0.10043930927351398,
3345,3345,0,3345123,0.41000000000000003,0.24000000000000002,0.35000000000000003,40,0.08553814832475579,
3346,3346,0,3346123,0.41,0.25,0.34,40,0.1122583450073557,
3347,3347,0,3347123,0.41,0.26,0.33,40,0.0612049469487813,
3348,3348,0,3348123,0.41,0.27,0.32,40,0.09028668475928753,
3349,3349,0,3349123,0.41,0.28,0.31,40,0.06908677251032143,
3350,3350,0,3350123,0.41,0.29,0.3,40,0.10649856668151712,
3351,3351,0,3351123,0.41,0.3,0.29,40,0.10611540601163519,
3352,3352,0,3352123,0.41,0.31,0.28,40,0.08943075533859639,
3353,3353,0,3353123,0.41,0.32,0.27,40,0.06715520345235351,
3354,3354,0,3354123,0.41,0.33,0.26,40,0.06991477166164223,
3355,3355,0,3355123,0.41,0.34,0.25,40,0.0919816534268526,
3356,3356,0,3356123,0.41,0.35,0.24,40,0.13929497424510692,
3357,3357,0,3357123,0.41,0.36,0.23,40,0.1180757683773166,
3358,3358,0,3358123,0.41,0.37,0.22,40,0.07986355817374713,
3359,3359,0,3359123,0.41,0.38,0.21,40,0.06777410285526243,
3360,3360,0,3360123,0.41,0.39,0.2,40,0.07424091218793893,
3361,3361,0,3361123,0.41,0.4,0.19,40,0.11833070368851026,
3362,3362,0,3362123,0.41,0.41,0.18,40,0.07017363648580853,
3363,3363,0,3363123,0.41,0.42,0.17,40,0.11336055800437891,
3364,3364,0,3364123,0.41,0.43,0.16,40,0.0693028684689778,
3365,3365,0,3365123,0.41,0.44,0.15,40,0.11011182653620365,
3366,3366,0,3366123,0.41,0.45,0.14,40,0.09997001289527792,
3367,3367,0,3367123,0.41,0.46,0.13,40,0.11153241950472198,
3368,3368,0,3368123,0.4099999999999999,0.4699999999999999,0.11999999999999998,40,0.12614353155800292,
3369,3369,0,3369123,0.4099999999999999,0.4799999999999999,0.10999999999999999,40,0.11453064785688252,
3370,3370,0,3370123,0.4099999999999999,0.48999999999999994,0.09999999999999999,40,0.11232417292803772,
3371,3371,0,3371123,0.4099999999999999,0.5,0.09,40,0.08748461310898878,
3372,3372,0,3372123,0.4099999999999999,0.51,0.08,40,0.11996990798870663,
3373,3373,0,3373123,0.41,0.52,0.07,40,0.0784980430728223,
3374,3374,0,3374123,0.41,0.53,0.06,40,0.11451558962620592,
3375,3375,0,3375123,0.41,0.54,0.05,40,0.1304129931615247,
3376,3376,0,3376123,0.41,0.55,0.04,40,0.1314416746523331,
3377,3377,0,3377123,0.41,0.56,0.03,40,0.08595560282089099,
3378,3378,0,3378123,0.41,0.57,0.02,40,0.13668684871822176,
3379,3379,0,3379123,0.41,0.58,0.01,40,0.1267384488678483,
3380,3380,0,3380123,0.41,0.59,0.0,40,0.2085116230561484,
3381,3381,0,3381123,0.42,0.0,0.58,40,0.1153944619873817,
3382,3382,0,3382123,0.42,0.01,0.57,40,0.05651468842815954,
3383,3383,0,3383123,0.42,0.02,0.56,40,0.04750358784170976,
3384,3384,0,3384123,0.42,0.03,0.55,40,0.07518690320079242,
3385,3385,0,3385123,0.42,0.04,0.54,40,0.06588420740075153,
3386,3386,0,3386123,0.42,0.05,0.53,40,0.11401371592609712,
3387,3387,0,3387123,0.42,0.06,0.52,40,0.16731974940769986,
3388,3388,0,3388123,0.42,0.07,0.51,40,0.12332044470794808,
3389,3389,0,3389123,0.42,0.08,0.5,40,0.11440598560748545,
3390,3390,0,3390123,0.42,0.09,0.49,40,0.0860593458686938,
3391,3391,0,3391123,0.42,0.1,0.48,40,0.07900440677937265,
3392,3392,0,3392123,0.42,0.11,0.47,40,0.05637392600264779,
3393,3393,0,3393123,0.42,0.12,0.46,40,0.048829519109417546,
3394,3394,0,3394123,0.42,0.13,0.45,40,0.046297371059228064,
3395,3395,0,3395123,0.42,0.14,0.44,40,0.07799356347886463,
3396,3396,0,3396123,0.42,0.15,0.43,40,0.06794961060093939,
3397,3397,0,3397123,0.42,0.16,0.42,40,0.06995501302579496,
3398,3398,0,3398123,0.42,0.17,0.41,40,0.042471750480206835,
3399,3399,0,3399123,0.42,0.18,0.4,40,0.09729777104875498,
3400,3400,0,3400123,0.42,0.19,0.39,40,0.0890516528741043,
3401,3401,0,3401123,0.42,0.2,0.38,40,0.051460477342008475,
3402,3402,0,3402123,0.42,0.21,0.37,40,0.04179851211154533,
3403,3403,0,3403123,0.42,0.22,0.36,40,0.11871304684282732,
3404,3404,0,3404123,0.42,0.23,0.35,40,0.07852316108018306,
3405,3405,0,3405123,0.42,0.24,0.34,40,0.08281917393452673,
3406,3406,0,3406123,0.42,0.25,0.33,40,0.08422619021341898,
3407,3407,0,3407123,0.42,0.26,0.32,40,0.11067675017965403,
3408,3408,0,3408123,0.42,0.27,0.31,40,0.13522507593941951,
3409,3409,0,3409123,0.42,0.28,0.3,40,0.06492385640061434,
3410,3410,0,3410123,0.42,0.29,0.29,40,0.07775270732199245,
3411,3411,0,3411123,0.42,0.3,0.28,40,0.06571393026345015,
3412,3412,0,3412123,0.42,0.31,0.27,40,0.1458911714646226,
3413,3413,0,3413123,0.42,0.32,0.26,40,0.08801033994154381,
3414,3414,0,3414123,0.42,0.33,0.25,40,0.07255776484140404,
3415,3415,0,3415123,0.42,0.34,0.24,40,0.09196933995627006,
3416,3416,0,3416123,0.42,0.35,0.23,40,0.1009511873344602,
3417,3417,0,3417123,0.42,0.36,0.22,40,0.09458054952077118,
3418,3418,0,3418123,0.42,0.37,0.21,40,0.1345492740040302,
3419,3419,0,3419123,0.42,0.38,0.2,40,0.14083141533995722,
3420,3420,0,3420123,0.42,0.39,0.19,40,0.0979487857537806,
3421,3421,0,3421123,0.42,0.4,0.18,40,0.14409405683684195,
3422,3422,0,3422123,0.42,0.41,0.17,40,0.14410070337141004,
3423,3423,0,3423123,0.42,0.42,0.16,40,0.1247949009474803,
3424,3424,0,3424123,0.42,0.43,0.15,40,0.12230674672746661,
3425,3425,0,3425123,0.42,0.44,0.14,40,0.11779243853751988,
3426,3426,0,3426123,0.42,0.45,0.13,40,0.11460348965027811,
3427,3427,0,3427123,0.42,0.46,0.12,40,0.09082084991647037,
3428,3428,0,3428123,0.41999999999999993,0.4699999999999999,0.10999999999999999,40,0.10671153309949775,
3429,3429,0,3429123,0.41999999999999993,0.4799999999999999,0.09999999999999999,40,0.07719944878839467,
3430,3430,0,3430123,0.41999999999999993,0.48999999999999994,0.09,40,0.10943199336919499,
3431,3431,0,3431123,0.41999999999999993,0.5,0.08,40,0.10248886868643531,
3432,3432,0,3432123,0.42,0.51,0.07,40,0.09229647175826315,
3433,3433,0,3433123,0.42,0.52,0.06,40,0.11360143751307876,
3434,3434,0,3434123,0.42,0.53,0.05,40,0.0786716139981333,
3435,3435,0,3435123,0.42,0.54,0.04,40,0.093048083298941,
3436,3436,0,3436123,0.42,0.55,0.03,40,0.1253013292024408,
3437,3437,0,3437123,0.42,0.56,0.02,40,0.11160627349272165,
3438,3438,0,3438123,0.42,0.57,0.01,40,0.14822662996589572,
3439,3439,0,3439123,0.42,0.58,0.0,40,0.1535940366480434,
3440,3440,0,3440123,0.43,0.0,0.57,40,0.1198371335176924,
3441,3441,0,3441123,0.43,0.01,0.56,40,0.11983261552127794,
3442,3442,0,3442123,0.43,0.02,0.55,40,0.05357205561212308,
3443,3443,0,3443123,0.43,0.03,0.54,40,0.116928732130409,
3444,3444,0,3444123,0.43,0.04,0.53,40,0.1013280051688712,
3445,3445,0,3445123,0.43,0.05,0.52,40,0.08559716478998472,
3446,3446,0,3446123,0.43,0.06,0.51,40,0.07415732858364381,
3447,3447,0,3447123,0.43,0.07,0.5,40,0.1960748079403658,
3448,3448,0,3448123,0.43,0.08,0.49,40,0.06808965558671386,
3449,3449,0,3449123,0.43,0.09,0.48,40,0.0476462325745535,
3450,3450,0,3450123,0.43,0.1,0.47,40,0.0690151797286066,
3451,3451,0,3451123,0.43,0.11,0.46,40,0.07275639540210956,
3452,3452,0,3452123,0.43,0.12,0.45,40,0.25438562867218384,
3453,3453,0,3453123,0.43,0.13,0.44,40,0.07551422894188206,
3454,3454,0,3454123,0.43,0.14,0.43,40,0.04639420852124893,
3455,3455,0,3455123,0.43,0.15,0.42,40,0.04624930541057021,
3456,3456,0,3456123,0.43,0.16,0.41,40,0.08552657889442065,
3457,3457,0,3457123,0.43,0.17,0.4,40,0.08743810933508928,
3458,3458,0,3458123,0.43,0.18,0.39,40,0.07002194899881126,
3459,3459,0,3459123,0.43,0.19,0.38,40,0.06365688546312166,
3460,3460,0,3460123,0.43,0.2,0.37,40,0.08012972168737932,
3461,3461,0,3461123,0.43,0.21,0.36,40,0.04345858269618057,
3462,3462,0,3462123,0.43,0.22,0.35,40,0.1310937240387281,
3463,3463,0,3463123,0.43,0.23,0.34,40,0.1972006664523219,
3464,3464,0,3464123,0.43,0.24,0.33,40,0.06793121353779755,
3465,3465,0,3465123,0.43,0.25,0.32,40,0.08131298672696853,
3466,3466,0,3466123,0.43,0.26,0.31,40,0.1153545550603662,
3467,3467,0,3467123,0.43,0.27,0.3,40,0.15777722570311686,
3468,3468,0,3468123,0.43,0.28,0.29,40,0.20094729322632068,
3469,3469,0,3469123,0.43,0.29,0.28,40,0.10113777983328459,
3470,3470,0,3470123,0.43,0.3,0.27,40,0.11379181047426702,
3471,3471,0,3471123,0.43,0.31,0.26,40,0.11305561340211337,
3472,3472,0,3472123,0.43,0.32,0.25,40,0.07054043279132335,
3473,3473,0,3473123,0.43,0.33,0.24,40,0.09677765801357396,
3474,3474,0,3474123,0.43,0.34,0.23,40,0.10691562798270876,
3475,3475,0,3475123,0.43,0.35,0.22,40,0.14661262155164925,
3476,3476,0,3476123,0.43,0.36,0.21,40,0.1556083792824281,
3477,3477,0,3477123,0.43,0.37,0.2,40,0.06263963897951451,
3478,3478,0,3478123,0.43,0.38,0.19,40,0.1180348904381292,
3479,3479,0,3479123,0.43,0.39,0.18,40,0.07087293310841676,
3480,3480,0,3480123,0.43,0.4,0.17,40,0.07747240991353244,
3481,3481,0,3481123,0.43,0.41,0.16,40,0.13182610537411066,
3482,3482,0,3482123,0.43,0.42,0.15,40,0.12999854074935388,
3483,3483,0,3483123,0.43,0.43,0.14,40,0.12270548016830794,
3484,3484,0,3484123,0.43,0.44,0.13,40,0.09901564129477992,
3485,3485,0,3485123,0.43,0.45,0.12,40,0.18197592265826582,
3486,3486,0,3486123,0.43,0.46,0.11,40,0.15069615145150025,
3487,3487,0,3487123,0.42999999999999994,0.4699999999999999,0.09999999999999999,40,0.1221757068377268,
3488,3488,0,3488123,0.42999999999999994,0.4799999999999999,0.09,40,0.11086595520850485,
3489,3489,0,3489123,0.42999999999999994,0.48999999999999994,0.08,40,0.08684930691066894,
3490,3490,0,3490123,0.43,0.5,0.07,40,0.10808045369301478,
3491,3491,0,3491123,0.43,0.51,0.06,40,0.11691456875361542,
3492,3492,0,3492123,0.43,0.52,0.05,40,0.08970983784711917,
3493,3493,0,3493123,0.43,0.53,0.04,40,0.10396559978285957,
3494,3494,0,3494123,0.43,0.54,0.03,40,0.08644014331418944,
3495,3495,0,3495123,0.43,0.55,0.02,40,0.10627515144464063,
3496,3496,0,3496123,0.43,0.56,0.01,40,0.16483701332626566,
3497,3497,0,3497123,0.43,0.57,0.0,40,0.03927835540866224,
3498,3498,0,3498123,0.44,0.0,0.56,40,0.09152873990894808,
3499,3499,0,3499123,0.44,0.01,0.55,40,0.0664907529816588,
3500,3500,0,3500123,0.44,0.02,0.54,40,0.11632208095378245,
3501,3501,0,3501123,0.44,0.03,0.53,40,0.11343467328780982,
3502,3502,0,3502123,0.44,0.04,0.52,40,0.06377258446898887,
3503,3503,0,3503123,0.44,0.05,0.51,40,0.0693060416347844,
3504,3504,0,3504123,0.44,0.06,0.5,40,0.08934787821262084,
3505,3505,0,3505123,0.44,0.07,0.49,40,0.07451823226738737,
3506,3506,0,3506123,0.44,0.08,0.48,40,0.0508134200516849,
3507,3507,0,3507123,0.44,0.09,0.47,40,0.08153061503200687,
3508,3508,0,3508123,0.44,0.1,0.46,40,0.06985939622979435,
3509,3509,0,3509123,0.44,0.11,0.45,40,0.07484888591716952,
3510,3510,0,3510123,0.44,0.12,0.44,40,0.049465886637011715,
3511,3511,0,3511123,0.44,0.13,0.43,40,0.07212010871291857,
3512,3512,0,3512123,0.44,0.14,0.42,40,0.08899796664209417,
3513,3513,0,3513123,0.44,0.15,0.41,40,0.04778330515022106,
3514,3514,0,3514123,0.44,0.16,0.4,40,0.06473834359978381,
3515,3515,0,3515123,0.44,0.17,0.39,40,0.05453466338105381,
3516,3516,0,3516123,0.44,0.18,0.38,40,0.08195085317773311,
3517,3517,0,3517123,0.44,0.19,0.37,40,0.05068361549692026,
3518,3518,0,3518123,0.44,0.2,0.36,40,0.07525756528447873,
3519,3519,0,3519123,0.44,0.21,0.35,40,0.09679230222131394,
3520,3520,0,3520123,0.44,0.22,0.34,40,0.07095512847274753,
3521,3521,0,3521123,0.44,0.23,0.33,40,0.08028066926240464,
3522,3522,0,3522123,0.44,0.24,0.32,40,0.11149288035633514,
3523,3523,0,3523123,0.44,0.25,0.31,40,0.10969146292714135,
3524,3524,0,3524123,0.44,0.26,0.3,40,0.11625741975447419,
3525,3525,0,3525123,0.44,0.27,0.29,40,0.09924565789757364,
3526,3526,0,3526123,0.44,0.28,0.28,40,0.07289263197967571,
3527,3527,0,3527123,0.44,0.29,0.27,40,0.17587982404927718,
3528,3528,0,3528123,0.44,0.3,0.26,40,0.08707421643414642,
3529,3529,0,3529123,0.44,0.31,0.25,40,0.06690636427369905,
3530,3530,0,3530123,0.44,0.32,0.24,40,0.07336480638799212,
3531,3531,0,3531123,0.44,0.33,0.23,40,0.055851566067685536,
3532,3532,0,3532123,0.44,0.34,0.22,40,0.07685891616492402,
3533,3533,0,3533123,0.44,0.35,0.21,40,0.08979639871280627,
3534,3534,0,3534123,0.44,0.36,0.2,40,0.10705630258114367,
3535,3535,0,3535123,0.44,0.37,0.19,40,0.11022458082011499,
3536,3536,0,3536123,0.44,0.38,0.18,40,0.07851983073889078,
3537,3537,0,3537123,0.44,0.39,0.17,40,0.08860163167896858,
3538,3538,0,3538123,0.44,0.4,0.16,40,0.11659388645907548,
3539,3539,0,3539123,0.44,0.41,0.15,40,0.06517069906380461,
3540,3540,0,3540123,0.44,0.42,0.14,40,0.16715153313338008,
3541,3541,0,3541123,0.44,0.43,0.13,40,0.0963917137497519,
3542,3542,0,3542123,0.44,0.44,0.12,40,0.11324384949400224,
3543,3543,0,3543123,0.44,0.45,0.11,40,0.13009915366001643,
3544,3544,0,3544123,0.44,0.46,0.1,40,0.07254620059903613,
3545,3545,0,3545123,0.43999999999999995,0.4699999999999999,0.09,40,0.09396719936084141,
3546,3546,0,3546123,0.43999999999999995,0.4799999999999999,0.08,40,0.08287186449346942,
3547,3547,0,3547123,0.44,0.49,0.07,40,0.11076835629450783,
3548,3548,0,3548123,0.44,0.5,0.06,40,0.19086388443413044,
3549,3549,0,3549123,0.44,0.51,0.05,40,0.13584407324510853,
3550,3550,0,3550123,0.44,0.52,0.04,40,0.08191886050355669,
3551,3551,0,3551123,0.44,0.53,0.03,40,0.12839847475422397,
3552,3552,0,3552123,0.44,0.54,0.02,40,0.12751151569452135,
3553,3553,0,3553123,0.44,0.55,0.01,40,0.1274254234718775,
3554,3554,0,3554123,0.44,0.56,0.0,40,0.0928053365144556,
3555,3555,0,3555123,0.45,0.0,0.55,40,0.06220918808300337,
3556,3556,0,3556123,0.45,0.01,0.54,40,0.0810035727888564,
3557,3557,0,3557123,0.45,0.02,0.53,40,0.05172370374158607,
3558,3558,0,3558123,0.45,0.03,0.52,40,0.0887217919368425,
3559,3559,0,3559123,0.45,0.04,0.51,40,0.09727072056337648,
3560,3560,0,3560123,0.45,0.05,0.5,40,0.057870094480909344,
3561,3561,0,3561123,0.45,0.06,0.49,40,0.07850549163626577,
3562,3562,0,3562123,0.45,0.07,0.48,40,0.06468804775351178,
3563,3563,0,3563123,0.45,0.08,0.47,40,0.10292468422085913,
3564,3564,0,3564123,0.45,0.09,0.46,40,0.07492777193561947,
3565,3565,0,3565123,0.45,0.1,0.45,40,0.0953275828110603,
3566,3566,0,3566123,0.45,0.11,0.44,40,0.05454701743813335,
3567,3567,0,3567123,0.45,0.12,0.43,40,0.07058506774343301,
3568,3568,0,3568123,0.45,0.13,0.42,40,0.06444605676136037,
3569,3569,0,3569123,0.45,0.14,0.41,40,0.07411668038198746,
3570,3570,0,3570123,0.45,0.15,0.4,40,0.07643849770462408,
3571,3571,0,3571123,0.45,0.16,0.39,40,0.061921181822628055,
3572,3572,0,3572123,0.45,0.17,0.38,40,0.06126747217151146,
3573,3573,0,3573123,0.45,0.18,0.37,40,0.08026771163494043,
3574,3574,0,3574123,0.45,0.19,0.36,40,0.07718526485209419,
3575,3575,0,3575123,0.45,0.2,0.35,40,0.10566006928461155,
3576,3576,0,3576123,0.45,0.21,0.34,40,0.06445607215897788,
3577,3577,0,3577123,0.45,0.22,0.33,40,0.04170138939374618,
3578,3578,0,3578123,0.45,0.23,0.32,40,0.04122649456438068,
3579,3579,0,3579123,0.45,0.24,0.31,40,0.08742528736745374,
3580,3580,0,3580123,0.45,0.25,0.3,40,0.05618126021961747,
3581,3581,0,3581123,0.45,0.26,0.29,40,0.12640457086337684,
3582,3582,0,3582123,0.45,0.27,0.28,40,0.07651838156842361,
3583,3583,0,3583123,0.45,0.28,0.27,40,0.08456938284433711,
3584,3584,0,3584123,0.45,0.29,0.26,40,0.08025592620664856,
3585,3585,0,3585123,0.45,0.3,0.25,40,0.0873822978193798,
3586,3586,0,3586123,0.45,0.31,0.24,40,0.18879705540707178,
3587,3587,0,3587123,0.45,0.32,0.23,40,0.0861048338174194,
3588,3588,0,3588123,0.45,0.33,0.22,40,0.12240551058703668,
3589,3589,0,3589123,0.45,0.34,0.21,40,0.09406718446192656,
3590,3590,0,3590123,0.45,0.35,0.2,40,0.05195015336214,
3591,3591,0,3591123,0.45,0.36,0.19,40,0.0694626477247264,
3592,3592,0,3592123,0.45,0.37,0.18,40,0.05857532454481271,
3593,3593,0,3593123,0.45,0.38,0.17,40,0.12125083105035406,
3594,3594,0,3594123,0.45,0.39,0.16,40,0.06331462272296338,
3595,3595,0,3595123,0.45,0.4,0.15,40,0.09842679627913817,
3596,3596,0,3596123,0.45,0.41,0.14,40,0.10392506432632115,
3597,3597,0,3597123,0.45,0.42,0.13,40,0.09598488977394314,
3598,3598,0,3598123,0.45,0.43,0.12,40,0.09502250925778512,
3599,3599,0,3599123,0.45,0.44,0.11,40,0.10127553538605463,
3600,3600,0,3600123,0.45,0.45,0.1,40,0.09977747426221778,
3601,3601,0,3601123,0.45,0.46,0.09,40,0.0779348342790145,
3602,3602,0,3602123,0.44999999999999996,0.4699999999999999,0.08,40,0.10899765704548822,
3603,3603,0,3603123,0.45,0.48,0.07,40,0.11753879543244587,
3604,3604,0,3604123,0.45,0.49,0.06,40,0.09555397592178973,
3605,3605,0,3605123,0.45,0.5,0.05,40,0.12659136074778166,
3606,3606,0,3606123,0.45,0.51,0.04,40,0.10165899579480729,
3607,3607,0,3607123,0.45,0.52,0.03,40,0.050696262160182866,
3608,3608,0,3608123,0.45,0.53,0.02,40,0.09856799402437526,
3609,3609,0,3609123,0.45,0.54,0.01,40,0.07591999225649479,
3610,3610,0,3610123,0.45,0.55,0.0,40,0.13146509462433845,
3611,3611,0,3611123,0.46,0.0,0.54,40,0.06971829375301127,
3612,3612,0,3612123,0.46,0.01,0.53,40,0.053576314465380796,
3613,3613,0,3613123,0.46,0.02,0.52,40,0.07836601071524753,
3614,3614,0,3614123,0.46,0.03,0.51,40,0.10301225375014683,
3615,3615,0,3615123,0.46,0.04,0.5,40,0.09579512722075476,
3616,3616,0,3616123,0.46,0.05,0.49,40,0.08317203273244468,
3617,3617,0,3617123,0.46,0.06,0.48,40,0.054780183581863554,
3618,3618,0,3618123,0.46,0.07,0.47,40,0.09774900110774233,
3619,3619,0,3619123,0.46,0.08,0.46,40,0.12150128695264455,
3620,3620,0,3620123,0.46,0.09,0.45,40,0.09697828191360848,
3621,3621,0,3621123,0.46,0.1,0.44,40,0.05950238316765449,
3622,3622,0,3622123,0.46,0.11,0.43,40,0.06954947564976974,
3623,3623,0,3623123,0.46,0.12,0.42,40,0.09396165028118446,
3624,3624,0,3624123,0.46,0.13,0.41,40,0.09390855618347031,
3625,3625,0,3625123,0.46,0.14,0.4,40,0.06563745893204088,
3626,3626,0,3626123,0.46,0.15,0.39,40,0.05541850658467786,
3627,3627,0,3627123,0.46,0.16,0.38,40,0.059838756328405567,
3628,3628,0,3628123,0.46,0.17,0.37,40,0.061678278859707204,
3629,3629,0,3629123,0.46,0.18,0.36,40,0.09163590193536858,
3630,3630,0,3630123,0.46,0.19,0.35,40,0.06564364567875669,
3631,3631,0,3631123,0.46,0.2,0.34,40,0.06405536840174489,
3632,3632,0,3632123,0.46,0.21,0.33,40,0.05286088337488616,
3633,3633,0,3633123,0.46,0.22,0.32,40,0.12747055049453054,
3634,3634,0,3634123,0.46,0.23,0.31,40,0.11725395759630043,
3635,3635,0,3635123,0.46,0.24,0.3,40,0.11384300332191516,
3636,3636,0,3636123,0.46,0.25,0.29,40,0.06670458239164137,
3637,3637,0,3637123,0.46,0.26,0.28,40,0.09342870928699837,
3638,3638,0,3638123,0.46,0.27,0.27,40,0.17791539490047154,
3639,3639,0,3639123,0.46,0.28,0.26,40,0.08179881873836754,
3640,3640,0,3640123,0.46,0.29,0.25,40,0.061443103610346377,
3641,3641,0,3641123,0.46,0.3,0.24,40,0.05909225802523478,
3642,3642,0,3642123,0.46,0.31,0.23,40,0.1103220921838634,
3643,3643,0,3643123,0.46,0.32,0.22,40,0.06755258891550392,
3644,3644,0,3644123,0.46,0.33,0.21,40,0.09228471626624282,
3645,3645,0,3645123,0.46,0.34,0.2,40,0.05774506767364846,
3646,3646,0,3646123,0.46,0.35,0.19,40,0.15694777225494488,
3647,3647,0,3647123,0.46,0.36,0.18,40,0.09145889181595138,
3648,3648,0,3648123,0.46,0.37,0.17,40,0.12701761885382376,
3649,3649,0,3649123,0.46,0.38,0.16,40,0.11473484642943511,
3650,3650,0,3650123,0.46,0.39,0.15,40,0.07863797484086707,
3651,3651,0,3651123,0.46,0.4,0.14,40,0.08783283421499799,
3652,3652,0,3652123,0.46,0.41,0.13,40,0.07050277692806538,
3653,3653,0,3653123,0.46,0.42,0.12,40,0.10496176875558458,
3654,3654,0,3654123,0.46,0.43,0.11,40,0.0850126443741486,
3655,3655,0,3655123,0.46,0.44,0.1,40,0.07091741829530893,
3656,3656,0,3656123,0.46,0.45,0.09,40,0.1246589327723375,
3657,3657,0,3657123,0.46,0.46,0.08,40,0.11227988959803685,
3658,3658,0,3658123,0.46,0.47,0.07,40,0.13164209664705853,
3659,3659,0,3659123,0.46,0.48,0.06,40,0.1815502236956105,
3660,3660,0,3660123,0.46,0.49,0.05,40,0.1035434416710433,
3661,3661,0,3661123,0.46,0.5,0.04,40,0.07046249497516929,
3662,3662,0,3662123,0.46,0.51,0.03,40,0.08835731692381926,
3663,3663,0,3663123,0.46,0.52,0.02,40,0.09113720152208492,
3664,3664,0,3664123,0.46,0.53,0.01,40,0.07575309701172253,
3665,3665,0,3665123,0.46,0.54,0.0,40,0.12006216196640171,
3666,3666,0,3666123,0.47,0.0,0.53,40,0.09263985096130731,
3667,3667,0,3667123,0.47,0.01,0.52,40,0.087557884755251,
3668,3668,0,3668123,0.47,0.02,0.51,40,0.064461403056731,
3669,3669,0,3669123,0.47,0.03,0.5,40,0.08094300165505051,
3670,3670,0,3670123,0.47,0.04,0.49,40,0.08000766166527522,
3671,3671,0,3671123,0.47,0.05,0.48,40,0.10341850619121001,
3672,3672,0,3672123,0.47,0.06,0.47,40,0.2960051083495534,
3673,3673,0,3673123,0.47,0.07,0.46,40,0.074195459053377,
3674,3674,0,3674123,0.47,0.08,0.45,40,0.07592073722427974,
3675,3675,0,3675123,0.47,0.09,0.44,40,0.08839917154229006,
3676,3676,0,3676123,0.47,0.1,0.43,40,0.04588509622427621,
3677,3677,0,3677123,0.47,0.11,0.42,40,0.04545127087726233,
3678,3678,0,3678123,0.47,0.12,0.41,40,0.05583453654273594,
3679,3679,0,3679123,0.47,0.13,0.4,40,0.06095132522077301,
3680,3680,0,3680123,0.47,0.14,0.39,40,0.07074150992279765,
3681,3681,0,3681123,0.47,0.15,0.38,40,0.10766251579135137,
3682,3682,0,3682123,0.47,0.16,0.37,40,0.07193379023035215,
3683,3683,0,3683123,0.47,0.17,0.36,40,0.06589613505399096,
3684,3684,0,3684123,0.47000000000000003,0.18000000000000002,0.35000000000000003,40,0.0761485698201052,
3685,3685,0,3685123,0.47,0.19,0.34,40,0.05895319687528645,
3686,3686,0,3686123,0.47,0.2,0.33,40,0.14881834215874767,
3687,3687,0,3687123,0.47,0.21,0.32,40,0.07465673414255934,
3688,3688,0,3688123,0.47,0.22,0.31,40,0.07820178379931506,
3689,3689,0,3689123,0.47,0.23,0.3,40,0.08794205721311223,
3690,3690,0,3690123,0.47,0.24,0.29,40,0.11966661053538333,
3691,3691,0,3691123,0.47,0.25,0.28,40,0.064901098184042,
3692,3692,0,3692123,0.47,0.26,0.27,40,0.07163318311617974,
3693,3693,0,3693123,0.47,0.27,0.26,40,0.11761752073170456,
3694,3694,0,3694123,0.47,0.28,0.25,40,0.1173646612288596,
3695,3695,0,3695123,0.47,0.29,0.24,40,0.08911572601296892,
3696,3696,0,3696123,0.47,0.3,0.23,40,0.10771037601035553,
3697,3697,0,3697123,0.47,0.31,0.22,40,0.16179152512481687,
3698,3698,0,3698123,0.47,0.32,0.21,40,0.09643553346674225,
3699,3699,0,3699123,0.47,0.33,0.2,40,0.13996783292011294,
3700,3700,0,3700123,0.47,0.34,0.19,40,0.12094955325156641,
3701,3701,0,3701123,0.47,0.35,0.18,40,0.0878549829286239,
3702,3702,0,3702123,0.47,0.36,0.17,40,0.10403398972901219,
3703,3703,0,3703123,0.47,0.37,0.16,40,0.08143074178574483,
3704,3704,0,3704123,0.47,0.38,0.15,40,0.15858996296079758,
3705,3705,0,3705123,0.47,0.39,0.14,40,0.10295925313410252,
3706,3706,0,3706123,0.47,0.4,0.13,40,0.11995629707593371,
3707,3707,0,3707123,0.4699999999999999,0.4099999999999999,0.11999999999999998,40,0.11704655486653008,
3708,3708,0,3708123,0.4699999999999999,0.41999999999999993,0.10999999999999999,40,0.08744524387353891,
3709,3709,0,3709123,0.4699999999999999,0.42999999999999994,0.09999999999999999,40,0.12066719783422077,
3710,3710,0,3710123,0.4699999999999999,0.43999999999999995,0.09,40,0.09063707689046975,
3711,3711,0,3711123,0.4699999999999999,0.44999999999999996,0.08,40,0.10170152519073646,
3712,3712,0,3712123,0.47,0.46,0.07,40,0.07813004309333435,
3713,3713,0,3713123,0.47,0.47,0.06,40,0.08856622609969761,
3714,3714,0,3714123,0.47,0.48,0.05,40,0.10065046490747603,
3715,3715,0,3715123,0.47,0.49,0.04,40,0.06625190364291003,
3716,3716,0,3716123,0.47,0.5,0.03,40,0.0816456747910655,
3717,3717,0,3717123,0.47,0.51,0.02,40,0.13958618776856827,
3718,3718,0,3718123,0.47,0.52,0.01,40,0.07966430265512005,
3719,3719,0,3719123,0.47,0.53,0.0,40,0.12484936723373193,
3720,3720,0,3720123,0.48,0.0,0.52,40,0.06397034131308474,
3721,3721,0,3721123,0.48,0.01,0.51,40,0.11116997663294044,
3722,3722,0,3722123,0.48,0.02,0.5,40,0.13576114799532737,
3723,3723,0,3723123,0.48,0.03,0.49,40,0.11099251219956724,
3724,3724,0,3724123,0.48,0.04,0.48,40,0.07929501242025001,
3725,3725,0,3725123,0.48,0.05,0.47,40,0.026945049302465954,
3726,3726,0,3726123,0.48,0.06,0.46,40,0.054905910944338145,
3727,3727,0,3727123,0.48,0.07,0.45,40,0.054430006648007366,
3728,3728,0,3728123,0.48,0.08,0.44,40,0.06666498414491367,
3729,3729,0,3729123,0.48,0.09,0.43,40,0.05311298212262825,
3730,3730,0,3730123,0.48,0.1,0.42,40,0.06728875504260555,
3731,3731,0,3731123,0.48,0.11,0.41,40,0.07189819483128983,
3732,3732,0,3732123,0.48,0.12,0.4,40,0.09477647232675646,
3733,3733,0,3733123,0.48,0.13,0.39,40,0.07369159866409272,
3734,3734,0,3734123,0.48,0.14,0.38,40,0.0914261923854155,
3735,3735,0,3735123,0.48,0.15,0.37,40,0.0447423238359465,
3736,3736,0,3736123,0.48,0.16,0.36,40,0.059160878335255275,
3737,3737,0,3737123,0.48,0.17,0.35,40,0.08379489284509553,
3738,3738,0,3738123,0.48,0.18,0.34,40,0.08815390159170541,
3739,3739,0,3739123,0.48,0.19,0.33,40,0.06643458372650535,
3740,3740,0,3740123,0.48,0.2,0.32,40,0.07005666057974887,
3741,3741,0,3741123,0.48,0.21,0.31,40,0.06411420919528361,
3742,3742,0,3742123,0.48,0.22,0.3,40,0.152048373308191,
3743,3743,0,3743123,0.48,0.23,0.29,40,0.059299108253365124,
3744,3744,0,3744123,0.48,0.24,0.28,40,0.0657424183074325,
3745,3745,0,3745123,0.48,0.25,0.27,40,0.08026503166098338,
3746,3746,0,3746123,0.48,0.26,0.26,40,0.07680609948702391,
3747,3747,0,3747123,0.48,0.27,0.25,40,0.08498559911045314,
3748,3748,0,3748123,0.48,0.28,0.24,40,0.1110824408119526,
3749,3749,0,3749123,0.48,0.29,0.23,40,0.0906024352876586,
3750,3750,0,3750123,0.48,0.3,0.22,40,0.12385241852974534,
3751,3751,0,3751123,0.48,0.31,0.21,40,0.13142624455892152,
3752,3752,0,3752123,0.48,0.32,0.2,40,0.12846956325851847,
3753,3753,0,3753123,0.48,0.33,0.19,40,0.07469448718618045,
3754,3754,0,3754123,0.48,0.34,0.18,40,0.08992134479353586,
3755,3755,0,3755123,0.48,0.35,0.17,40,0.11813901027640707,
3756,3756,0,3756123,0.48,0.36,0.16,40,0.08733866377915177,
3757,3757,0,3757123,0.48,0.37,0.15,40,0.0826348851696674,
3758,3758,0,3758123,0.48,0.38,0.14,40,0.13533433581934184,
3759,3759,0,3759123,0.48,0.39,0.13,40,0.05965533990598582,
3760,3760,0,3760123,0.48,0.4,0.12,40,0.06503861061920872,
3761,3761,0,3761123,0.4799999999999999,0.4099999999999999,0.10999999999999999,40,0.10021412137946607,
3762,3762,0,3762123,0.4799999999999999,0.41999999999999993,0.09999999999999999,40,0.12767686293924246,
3763,3763,0,3763123,0.4799999999999999,0.42999999999999994,0.09,40,0.07902201157100998,
3764,3764,0,3764123,0.4799999999999999,0.43999999999999995,0.08,40,0.0803776775276272,
3765,3765,0,3765123,0.48,0.45,0.07,40,0.10136990400851122,
3766,3766,0,3766123,0.48,0.46,0.06,40,0.12568601806615473,
3767,3767,0,3767123,0.48,0.47,0.05,40,0.07388587369239777,
3768,3768,0,3768123,0.48,0.48,0.04,40,0.14229795641447981,
3769,3769,0,3769123,0.48,0.49,0.03,40,0.20905097875933626,
3770,3770,0,3770123,0.48,0.5,0.02,40,0.035033854276398935,
3771,3771,0,3771123,0.48,0.51,0.01,40,0.1301842652849823,
3772,3772,0,3772123,0.48,0.52,0.0,40,0.0752082175984035,
3773,3773,0,3773123,0.49,0.0,0.51,40,0.015307370852908094,
3774,3774,0,3774123,0.49,0.01,0.5,40,0.21480020321051801,
3775,3775,0,3775123,0.49,0.02,0.49,40,0.09182551649322071,
3776,3776,0,3776123,0.49,0.03,0.48,40,0.05652636503823353,
3777,3777,0,3777123,0.49,0.04,0.47,40,0.0497248959093323,
3778,3778,0,3778123,0.49,0.05,0.46,40,0.09217307274051541,
3779,3779,0,3779123,0.49,0.06,0.45,40,0.05114453093311258,
3780,3780,0,3780123,0.49,0.07,0.44,40,0.04176310821209694,
3781,3781,0,3781123,0.49,0.08,0.43,40,0.09936483919029215,
3782,3782,0,3782123,0.49,0.09,0.42,40,0.09409939645534762,
3783,3783,0,3783123,0.49,0.1,0.41,40,0.0553760383601577,
3784,3784,0,3784123,0.49,0.11,0.4,40,0.06347113173592263,
3785,3785,0,3785123,0.49,0.12,0.39,40,0.06347719857629322,
3786,3786,0,3786123,0.49,0.13,0.38,40,0.08143753988284894,
3787,3787,0,3787123,0.49,0.14,0.37,40,0.09973217390367438,
3788,3788,0,3788123,0.49,0.15,0.36,40,0.05808357905614127,
3789,3789,0,3789123,0.49,0.16,0.35,40,0.07773826678168685,
3790,3790,0,3790123,0.49,0.17,0.34,40,0.17678938695007906,
3791,3791,0,3791123,0.49,0.18,0.33,40,0.06736966098987703,
3792,3792,0,3792123,0.49,0.19,0.32,40,0.11140706568789847,
3793,3793,0,3793123,0.49,0.2,0.31,40,0.0755873281016335,
3794,3794,0,3794123,0.49,0.21,0.3,40,0.06238251868553145,
3795,3795,0,3795123,0.49,0.22,0.29,40,0.0512562650326809,
3796,3796,0,3796123,0.49,0.23,0.28,40,0.10725292682661382,
3797,3797,0,3797123,0.49,0.24,0.27,40,0.07694927458048537,
3798,3798,0,3798123,0.49,0.25,0.26,40,0.08564399715773328,
3799,3799,0,3799123,0.49,0.26,0.25,40,0.1457403669510158,
3800,3800,0,3800123,0.49,0.27,0.24,40,0.10187680942772129,
3801,3801,0,3801123,0.49,0.28,0.23,40,0.1404277630817594,
3802,3802,0,3802123,0.49,0.29,0.22,40,0.12255663387652738,
3803,3803,0,3803123,0.49,0.3,0.21,40,0.06865990138401806,
3804,3804,0,3804123,0.49,0.31,0.2,40,0.05594738865912249,
3805,3805,0,3805123,0.49,0.32,0.19,40,0.10783892477761502,
3806,3806,0,3806123,0.49,0.33,0.18,40,0.1423030276777944,
3807,3807,0,3807123,0.49,0.34,0.17,40,0.10993554372895242,
3808,3808,0,3808123,0.49,0.35,0.16,40,0.11003036154417974,
3809,3809,0,3809123,0.49,0.36,0.15,40,0.10943351300800074,
3810,3810,0,3810123,0.49,0.37,0.14,40,0.14138246164030285,
3811,3811,0,3811123,0.49,0.38,0.13,40,0.0615769946318718,
3812,3812,0,3812123,0.49,0.39,0.12,40,0.08828512089506936,
3813,3813,0,3813123,0.49,0.4,0.11,40,0.10657430563005506,
3814,3814,0,3814123,0.48999999999999994,0.4099999999999999,0.09999999999999999,40,0.07885846668768456,
3815,3815,0,3815123,0.48999999999999994,0.41999999999999993,0.09,40,0.12065695371741979,
3816,3816,0,3816123,0.48999999999999994,0.42999999999999994,0.08,40,0.08347679624240961,
3817,3817,0,3817123,0.49,0.44,0.07,40,0.1275532913574847,
3818,3818,0,3818123,0.49,0.45,0.06,40,0.0992811511519954,
3819,3819,0,3819123,0.49,0.46,0.05,40,0.07221576078414711,
3820,3820,0,3820123,0.49,0.47,0.04,40,0.11577971620969482,
3821,3821,0,3821123,0.49,0.48,0.03,40,0.07961061595492726,
3822,3822,0,3822123,0.49,0.49,0.02,40,0.11448522402467287,
3823,3823,0,3823123,0.49,0.5,0.01,40,0.11534996980311717,
3824,3824,0,3824123,0.49,0.51,0.0,40,0.1032149583504783,
3825,3825,0,3825123,0.5,0.0,0.5,40,0.0650488257131507,
3826,3826,0,3826123,0.5,0.01,0.49,40,0.06059185947206117,
3827,3827,0,3827123,0.5,0.02,0.48,40,0.04988955569460468,
3828,3828,0,3828123,0.5,0.03,0.47,40,0.07455020601733442,
3829,3829,0,3829123,0.5,0.04,0.46,40,0.07303180754926679,
3830,3830,0,3830123,0.5,0.05,0.45,40,0.09835688956069384,
3831,3831,0,3831123,0.5,0.06,0.44,40,0.07177794393198325,
3832,3832,0,3832123,0.5,0.07,0.43,40,0.10089346009709171,
3833,3833,0,3833123,0.5,0.08,0.42,40,0.046692335680902815,
3834,3834,0,3834123,0.5,0.09,0.41,40,0.08933191486201061,
3835,3835,0,3835123,0.5,0.1,0.4,40,0.045352323911902886,
3836,3836,0,3836123,0.5,0.11,0.39,40,0.08090312382934614,
3837,3837,0,3837123,0.5,0.12,0.38,40,0.04553839034900931,
3838,3838,0,3838123,0.5,0.13,0.37,40,0.0651069363496469,
3839,3839,0,3839123,0.5,0.14,0.36,40,0.06859752163553322,
3840,3840,0,3840123,0.5,0.15,0.35,40,0.049737172132166274,
3841,3841,0,3841123,0.5,0.16,0.34,40,0.07562032058043988,
3842,3842,0,3842123,0.5,0.17,0.33,40,0.13473569418797704,
3843,3843,0,3843123,0.5,0.18,0.32,40,0.042383670650630485,
3844,3844,0,3844123,0.5,0.19,0.31,40,0.07122428566627581,
3845,3845,0,3845123,0.5,0.2,0.3,40,0.049007838795520876,
3846,3846,0,3846123,0.5,0.21,0.29,40,0.09124144255995528,
3847,3847,0,3847123,0.5,0.22,0.28,40,0.08350149560892317,
3848,3848,0,3848123,0.5,0.23,0.27,40,0.10541698804510985,
3849,3849,0,3849123,0.5,0.24,0.26,40,0.08106137465239632,
3850,3850,0,3850123,0.5,0.25,0.25,40,0.05684769553131798,
3851,3851,0,3851123,0.5,0.26,0.24,40,0.07279554961719224,
3852,3852,0,3852123,0.5,0.27,0.23,40,0.09257007465156208,
3853,3853,0,3853123,0.5,0.28,0.22,40,0.12243173098479218,
3854,3854,0,3854123,0.5,0.29,0.21,40,0.09744860278889314,
3855,3855,0,3855123,0.5,0.3,0.2,40,0.0942859038478703,
3856,3856,0,3856123,0.5,0.31,0.19,40,0.07840945092794677,
3857,3857,0,3857123,0.5,0.32,0.18,40,0.09550594316897922,
3858,3858,0,3858123,0.5,0.33,0.17,40,0.09432986478548093,
3859,3859,0,3859123,0.5,0.34,0.16,40,0.15459497651245563,
3860,3860,0,3860123,0.5,0.35,0.15,40,0.11800692370357715,
3861,3861,0,3861123,0.5,0.36,0.14,40,0.14584056478050283,
3862,3862,0,3862123,0.5,0.37,0.13,40,0.1148952977387899,
3863,3863,0,3863123,0.5,0.38,0.12,40,0.1237705951166156,
3864,3864,0,3864123,0.5,0.39,0.11,40,0.0821197957857131,
3865,3865,0,3865123,0.5,0.4,0.1,40,0.07762556882213517,
3866,3866,0,3866123,0.5,0.4099999999999999,0.09,40,0.11032029041799002,
3867,3867,0,3867123,0.5,0.41999999999999993,0.08,40,0.12031965379947883,
3868,3868,0,3868123,0.5,0.43,0.07,40,0.06624776734953731,
3869,3869,0,3869123,0.5,0.44,0.06,40,0.08639517116572674,
3870,3870,0,3870123,0.5,0.45,0.05,40,0.11726729382944666,
3871,3871,0,3871123,0.5,0.46,0.04,40,0.06538335181955411,
3872,3872,0,3872123,0.5,0.47,0.03,40,0.09723135124581363,
3873,3873,0,3873123,0.5,0.48,0.02,40,0.07606952191828681,
3874,3874,0,3874123,0.5,0.49,0.01,40,0.07805709616177713,
3875,3875,0,3875123,0.5,0.5,0.0,40,0.04020814584189261,
3876,3876,0,3876123,0.51,0.0,0.49,40,0.0635778498163625,
3877,3877,0,3877123,0.51,0.01,0.48,40,0.0668291591661535,
3878,3878,0,3878123,0.51,0.02,0.47,40,0.07436731973783206,
3879,3879,0,3879123,0.51,0.03,0.46,40,0.05195102143875528,
3880,3880,0,3880123,0.51,0.04,0.45,40,0.07709417017884983,
3881,3881,0,3881123,0.51,0.05,0.44,40,0.06243360082810789,
3882,3882,0,3882123,0.51,0.06,0.43,40,0.09123287305377926,
3883,3883,0,3883123,0.51,0.07,0.42,40,0.07566606072945094,
3884,3884,0,3884123,0.51,0.08,0.41,40,0.07325782033666592,
3885,3885,0,3885123,0.51,0.09,0.4,40,0.06869030539520682,
3886,3886,0,3886123,0.51,0.1,0.39,40,0.050002947638116406,
3887,3887,0,3887123,0.51,0.11,0.38,40,0.04390937270166871,
3888,3888,0,3888123,0.51,0.12,0.37,40,0.0632262533273981,
3889,3889,0,3889123,0.51,0.13,0.36,40,0.14581249915730513,
3890,3890,0,3890123,0.51,0.14,0.35,40,0.06594705093121564,
3891,3891,0,3891123,0.51,0.15,0.34,40,0.07142128161973763,
3892,3892,0,3892123,0.51,0.16,0.33,40,0.07208627627013522,
3893,3893,0,3893123,0.51,0.17,0.32,40,0.05306050339469558,
3894,3894,0,3894123,0.51,0.18,0.31,40,0.06909295181067068,
3895,3895,0,3895123,0.51,0.19,0.3,40,0.09056039872232301,
3896,3896,0,3896123,0.51,0.2,0.29,40,0.07884259180602501,
3897,3897,0,3897123,0.51,0.21,0.28,40,0.07018067846004238,
3898,3898,0,3898123,0.51,0.22,0.27,40,0.09509275311542408,
3899,3899,0,3899123,0.51,0.23,0.26,40,0.08770948861366866,
3900,3900,0,3900123,0.51,0.24,0.25,40,0.05851115319803867,
3901,3901,0,3901123,0.51,0.25,0.24,40,0.08240452234013032,
3902,3902,0,3902123,0.51,0.26,0.23,40,0.06883067332119362,
3903,3903,0,3903123,0.51,0.27,0.22,40,0.11306248222478103,
3904,3904,0,3904123,0.51,0.28,0.21,40,0.11952814373964926,
3905,3905,0,3905123,0.51,0.29,0.2,40,0.16358282168414878,
3906,3906,0,3906123,0.51,0.3,0.19,40,0.12683356535956522,
3907,3907,0,3907123,0.51,0.31,0.18,40,0.05576283567406909,
3908,3908,0,3908123,0.51,0.32,0.17,40,0.06400237996075239,
3909,3909,0,3909123,0.51,0.33,0.16,40,0.10759364278664983,
3910,3910,0,3910123,0.51,0.34,0.15,40,0.11411379924931975,
3911,3911,0,3911123,0.51,0.35,0.14,40,0.11971139401957231,
3912,3912,0,3912123,0.51,0.36,0.13,40,0.11598238574299513,
3913,3913,0,3913123,0.51,0.37,0.12,40,0.0792150005614388,
3914,3914,0,3914123,0.51,0.38,0.11,40,0.08882211261752697,
3915,3915,0,3915123,0.51,0.39,0.1,40,0.09941414255913265,
3916,3916,0,3916123,0.51,0.4,0.09,40,0.09172858728021219,
3917,3917,0,3917123,0.51,0.4099999999999999,0.08,40,0.08153449830767623,
3918,3918,0,3918123,0.51,0.42,0.07,40,0.10863456508059026,
3919,3919,0,3919123,0.51,0.43,0.06,40,0.1088552993993215,
3920,3920,0,3920123,0.51,0.44,0.05,40,0.114290607136266,
3921,3921,0,3921123,0.51,0.45,0.04,40,0.07826227799144335,
3922,3922,0,3922123,0.51,0.46,0.03,40,0.06753281073888635,
3923,3923,0,3923123,0.51,0.47,0.02,40,0.11315416944668381,
3924,3924,0,3924123,0.51,0.48,0.01,40,0.11461257740382948,
3925,3925,0,3925123,0.51,0.49,0.0,40,0.12012565138405444,
3926,3926,0,3926123,0.52,0.0,0.48,40,0.06797799234610734,
3927,3927,0,3927123,0.52,0.01,0.47,40,0.07735470984446917,
3928,3928,0,3928123,0.52,0.02,0.46,40,0.07224998902719475,
3929,3929,0,3929123,0.52,0.03,0.45,40,0.09409084036317406,
3930,3930,0,3930123,0.52,0.04,0.44,40,0.11839469182893171,
3931,3931,0,3931123,0.52,0.05,0.43,40,0.09314233772707162,
3932,3932,0,3932123,0.52,0.06,0.42,40,0.06798992637994597,
3933,3933,0,3933123,0.52,0.07,0.41,40,0.06703988937540825,
3934,3934,0,3934123,0.52,0.08,0.4,40,0.07583580415368985,
3935,3935,0,3935123,0.52,0.09,0.39,40,0.06358200906794276,
3936,3936,0,3936123,0.52,0.1,0.38,40,0.08722797182004706,
3937,3937,0,3937123,0.52,0.11,0.37,40,0.07017934397424343,
3938,3938,0,3938123,0.52,0.12,0.36,40,0.048728211974325586,
3939,3939,0,3939123,0.52,0.13,0.35,40,0.041776399084303154,
3940,3940,0,3940123,0.52,0.14,0.34,40,0.08621822898748241,
3941,3941,0,3941123,0.52,0.15,0.33,40,0.0926679605241615,
3942,3942,0,3942123,0.52,0.16,0.32,40,0.08197635285261592,
3943,3943,0,3943123,0.52,0.17,0.31,40,0.05806986491754642,
3944,3944,0,3944123,0.52,0.18,0.3,40,0.05045099702637277,
3945,3945,0,3945123,0.52,0.19,0.29,40,0.07254908944272176,
3946,3946,0,3946123,0.52,0.2,0.28,40,0.118258665128459,
3947,3947,0,3947123,0.52,0.21,0.27,40,0.09462959415861938,
3948,3948,0,3948123,0.52,0.22,0.26,40,0.06900816442558315,
3949,3949,0,3949123,0.52,0.23,0.25,40,0.11753209639908746,
3950,3950,0,3950123,0.52,0.24,0.24,40,0.08495661915140086,
3951,3951,0,3951123,0.52,0.25,0.23,40,0.1356331625261082,
3952,3952,0,3952123,0.52,0.26,0.22,40,0.10550713193614851,
3953,3953,0,3953123,0.52,0.27,0.21,40,0.052437511024921855,
3954,3954,0,3954123,0.52,0.28,0.2,40,0.0699326598909866,
3955,3955,0,3955123,0.52,0.29,0.19,40,0.09203771391648462,
3956,3956,0,3956123,0.52,0.3,0.18,40,0.11242444691582751,
3957,3957,0,3957123,0.52,0.31,0.17,40,0.17908799699007696,
3958,3958,0,3958123,0.52,0.32,0.16,40,0.11608906513262347,
3959,3959,0,3959123,0.52,0.33,0.15,40,0.055672343107519145,
3960,3960,0,3960123,0.52,0.34,0.14,40,0.08669369242859747,
3961,3961,0,3961123,0.52,0.35,0.13,40,0.11834567156902438,
3962,3962,0,3962123,0.52,0.36,0.12,40,0.08642910390744726,
3963,3963,0,3963123,0.52,0.37,0.11,40,0.1066137424608541,
3964,3964,0,3964123,0.52,0.38,0.1,40,0.165884285394927,
3965,3965,0,3965123,0.52,0.39,0.09,40,0.08630380804829982,
3966,3966,0,3966123,0.52,0.4,0.08,40,0.10220795289971635,
3967,3967,0,3967123,0.52,0.41,0.07,40,0.150813816474974,
3968,3968,0,3968123,0.52,0.42,0.06,40,0.09178224324232294,
3969,3969,0,3969123,0.52,0.43,0.05,40,0.11909375325196056,
3970,3970,0,3970123,0.52,0.44,0.04,40,0.18373751518790188,
3971,3971,0,3971123,0.52,0.45,0.03,40,0.12325125080843982,
3972,3972,0,3972123,0.52,0.46,0.02,40,0.09188926381480442,
3973,3973,0,3973123,0.52,0.47,0.01,40,0.10874276041386989,
3974,3974,0,3974123,0.52,0.48,0.0,40,0.12431531343130589,
3975,3975,0,3975123,0.53,0.0,0.47,40,0.22899377676954852,
3976,3976,0,3976123,0.53,0.01,0.46,40,0.10804381769253787,
3977,3977,0,3977123,0.53,0.02,0.45,40,0.06588539965011198,
3978,3978,0,3978123,0.53,0.03,0.44,40,0.07132493303341018,
3979,3979,0,3979123,0.53,0.04,0.43,40,0.059300012647125276,
3980,3980,0,3980123,0.53,0.05,0.42,40,0.06365227438071279,
3981,3981,0,3981123,0.53,0.06,0.41,40,0.05316986018924719,
3982,3982,0,3982123,0.53,0.07,0.4,40,0.0944666734365206,
3983,3983,0,3983123,0.53,0.08,0.39,40,0.09978180037024358,
3984,3984,0,3984123,0.53,0.09,0.38,40,0.08446721823171215,
3985,3985,0,3985123,0.53,0.1,0.37,40,0.06870925462186311,
3986,3986,0,3986123,0.53,0.11,0.36,40,0.05308495594798405,
3987,3987,0,3987123,0.53,0.12,0.35,40,0.04944697626131875,
3988,3988,0,3988123,0.53,0.13,0.34,40,0.1406221877276166,
3989,3989,0,3989123,0.53,0.14,0.33,40,0.06906069117818676,
3990,3990,0,3990123,0.53,0.15,0.32,40,0.1035748475588154,
3991,3991,0,3991123,0.53,0.16,0.31,40,0.10740998265471574,
3992,3992,0,3992123,0.53,0.17,0.3,40,0.12046509221039775,
3993,3993,0,3993123,0.53,0.18,0.29,40,0.06597904783957015,
3994,3994,0,3994123,0.53,0.19,0.28,40,0.09210582707243363,
3995,3995,0,3995123,0.53,0.2,0.27,40,0.11407973164922965,
3996,3996,0,3996123,0.53,0.21,0.26,40,0.055792381593583074,
3997,3997,0,3997123,0.53,0.22,0.25,40,0.14098775315272832,
3998,3998,0,3998123,0.53,0.23,0.24,40,0.11537972539389386,
3999,3999,0,3999123,0.53,0.24,0.23,40,0.05475662311667183,
4000,4000,0,4000123,0.53,0.25,0.22,40,0.09118533388584263,
4001,4001,0,4001123,0.53,0.26,0.21,40,0.10968078740145075,
4002,4002,0,4002123,0.53,0.27,0.2,40,0.14017328906580204,
4003,4003,0,4003123,0.53,0.28,0.19,40,0.06308840519933363,
4004,4004,0,4004123,0.53,0.29,0.18,40,0.07530374770062737,
4005,4005,0,4005123,0.53,0.3,0.17,40,0.1103125199804126,
4006,4006,0,4006123,0.53,0.31,0.16,40,0.08290677281251774,
4007,4007,0,4007123,0.53,0.32,0.15,40,0.09159167468266774,
4008,4008,0,4008123,0.53,0.33,0.14,40,0.11892897208130136,
4009,4009,0,4009123,0.53,0.34,0.13,40,0.15619484304093315,
4010,4010,0,4010123,0.53,0.35,0.12,40,0.056867729862933314,
4011,4011,0,4011123,0.53,0.36,0.11,40,0.08132623477866639,
4012,4012,0,4012123,0.53,0.37,0.1,40,0.08177936019844478,
4013,4013,0,4013123,0.53,0.38,0.09,40,0.10083688921050005,
4014,4014,0,4014123,0.53,0.39,0.08,40,0.06705970567461397,
4015,4015,0,4015123,0.53,0.4,0.07,40,0.10861349901651901,
4016,4016,0,4016123,0.53,0.41,0.06,40,0.10282411093540007,
4017,4017,0,4017123,0.53,0.42,0.05,40,0.12330653081917205,
4018,4018,0,4018123,0.53,0.43,0.04,40,0.058175665736099585,
4019,4019,0,4019123,0.53,0.44,0.03,40,0.06482852886527006,
4020,4020,0,4020123,0.53,0.45,0.02,40,0.07940515722290223,
4021,4021,0,4021123,0.53,0.46,0.01,40,0.06120556475394909,
4022,4022,0,4022123,0.53,0.47,0.0,40,0.12280071167438147,
4023,4023,0,4023123,0.54,0.0,0.46,40,0.07734988577154632,
4024,4024,0,4024123,0.54,0.01,0.45,40,0.09512887762058359,
4025,4025,0,4025123,0.54,0.02,0.44,40,0.10636717468712352,
4026,4026,0,4026123,0.54,0.03,0.43,40,0.0554526998115059,
4027,4027,0,4027123,0.54,0.04,0.42,40,0.05141689451211791,
4028,4028,0,4028123,0.54,0.05,0.41,40,0.09235222407203184,
4029,4029,0,4029123,0.54,0.06,0.4,40,0.07952527797003102,
4030,4030,0,4030123,0.54,0.07,0.39,40,0.06421444474489606,
4031,4031,0,4031123,0.54,0.08,0.38,40,0.08223092414587338,
4032,4032,0,4032123,0.54,0.09,0.37,40,0.06323005125227982,
4033,4033,0,4033123,0.54,0.1,0.36,40,0.0511034696551064,
4034,4034,0,4034123,0.54,0.11,0.35,40,0.058546610860717364,
4035,4035,0,4035123,0.54,0.12,0.34,40,0.07183111803661237,
4036,4036,0,4036123,0.54,0.13,0.33,40,0.06912557715473101,
4037,4037,0,4037123,0.54,0.14,0.32,40,0.0997901103995154,
4038,4038,0,4038123,0.54,0.15,0.31,40,0.06954328812643254,
4039,4039,0,4039123,0.54,0.16,0.3,40,0.13009658687485107,
4040,4040,0,4040123,0.54,0.17,0.29,40,0.05056791597062887,
4041,4041,0,4041123,0.54,0.18,0.28,40,0.06030436672607275,
4042,4042,0,4042123,0.54,0.19,0.27,40,0.06019803945587709,
4043,4043,0,4043123,0.54,0.2,0.26,40,0.05165509896796973,
4044,4044,0,4044123,0.54,0.21,0.25,40,0.11836401493009466,
4045,4045,0,4045123,0.54,0.22,0.24,40,0.10440011011163462,
4046,4046,0,4046123,0.54,0.23,0.23,40,0.05212759684758509,
4047,4047,0,4047123,0.54,0.24,0.22,40,0.12983868969108556,
4048,4048,0,4048123,0.54,0.25,0.21,40,0.08837493845534347,
4049,4049,0,4049123,0.54,0.26,0.2,40,0.12247028684436743,
4050,4050,0,4050123,0.54,0.27,0.19,40,0.12834514319510187,
4051,4051,0,4051123,0.54,0.28,0.18,40,0.19220559312633942,
4052,4052,0,4052123,0.54,0.29,0.17,40,0.18029801462163414,
4053,4053,0,4053123,0.54,0.3,0.16,40,0.07143363532129647,
4054,4054,0,4054123,0.54,0.31,0.15,40,0.07806552967891307,
4055,4055,0,4055123,0.54,0.32,0.14,40,0.07482652878634466,
4056,4056,0,4056123,0.54,0.33,0.13,40,0.12465864001984808,
4057,4057,0,4057123,0.54,0.34,0.12,40,0.11926847616550595,
4058,4058,0,4058123,0.54,0.35,0.11,40,0.08094946010107414,
4059,4059,0,4059123,0.54,0.36,0.1,40,0.09636679122063507,
4060,4060,0,4060123,0.54,0.37,0.09,40,0.06962035181443876,
4061,4061,0,4061123,0.54,0.38,0.08,40,0.08292989505943675,
4062,4062,0,4062123,0.54,0.39,0.07,40,0.08645007391407851,
4063,4063,0,4063123,0.54,0.4,0.06,40,0.08340163800721871,
4064,4064,0,4064123,0.54,0.41,0.05,40,0.05609653116130429,
4065,4065,0,4065123,0.54,0.42,0.04,40,0.09126598368593224,
4066,4066,0,4066123,0.54,0.43,0.03,40,0.09343515465639697,
4067,4067,0,4067123,0.54,0.44,0.02,40,0.09572063519969663,
4068,4068,0,4068123,0.54,0.45,0.01,40,0.12779729935413006,
4069,4069,0,4069123,0.54,0.46,0.0,40,0.07898155623204181,
4070,4070,0,4070123,0.55,0.0,0.45,40,0.059037178806391165,
4071,4071,0,4071123,0.55,0.01,0.44,40,0.13487698554424485,
4072,4072,0,4072123,0.55,0.02,0.43,40,0.07055561561247464,
4073,4073,0,4073123,0.55,0.03,0.42,40,0.06896795291015188,
4074,4074,0,4074123,0.55,0.04,0.41,40,0.06669480611326958,
4075,4075,0,4075123,0.55,0.05,0.4,40,0.05338205159995534,
4076,4076,0,4076123,0.55,0.06,0.39,40,0.09929959455141336,
4077,4077,0,4077123,0.55,0.07,0.38,40,0.0628692147359384,
4078,4078,0,4078123,0.55,0.08,0.37,40,0.04419202056463483,
4079,4079,0,4079123,0.55,0.09,0.36,40,0.10108896122793679,
4080,4080,0,4080123,0.55,0.1,0.35,40,0.06982371809280076,
4081,4081,0,4081123,0.55,0.11,0.34,40,0.1295332351195555,
4082,4082,0,4082123,0.55,0.12,0.33,40,0.054535082220719636,
4083,4083,0,4083123,0.55,0.13,0.32,40,0.06603180060707238,
4084,4084,0,4084123,0.55,0.14,0.31,40,0.05225345948901985,
4085,4085,0,4085123,0.55,0.15,0.3,40,0.08356605184672412,
4086,4086,0,4086123,0.55,0.16,0.29,40,0.08804553529384686,
4087,4087,0,4087123,0.55,0.17,0.28,40,0.048247842958976474,
4088,4088,0,4088123,0.55,0.18,0.27,40,0.2442526775523802,
4089,4089,0,4089123,0.55,0.19,0.26,40,0.09773833624533491,
4090,4090,0,4090123,0.55,0.2,0.25,40,0.0743292387348273,
4091,4091,0,4091123,0.55,0.21,0.24,40,0.13428388563730323,
4092,4092,0,4092123,0.55,0.22,0.23,40,0.11097239245377193,
4093,4093,0,4093123,0.55,0.23,0.22,40,0.04853470811671992,
4094,4094,0,4094123,0.55,0.24,0.21,40,0.0665768477397971,
4095,4095,0,4095123,0.55,0.25,0.2,40,0.06697070590813929,
4096,4096,0,4096123,0.55,0.26,0.19,40,0.16650550678445608,
4097,4097,0,4097123,0.55,0.27,0.18,40,0.11377460006858883,
4098,4098,0,4098123,0.55,0.28,0.17,40,0.08144808491108389,
4099,4099,0,4099123,0.55,0.29,0.16,40,0.057666043920915094,
4100,4100,0,4100123,0.55,0.3,0.15,40,0.13292497752897053,
4101,4101,0,4101123,0.55,0.31,0.14,40,0.10093849624466124,
4102,4102,0,4102123,0.55,0.32,0.13,40,0.10706143999759825,
4103,4103,0,4103123,0.55,0.33,0.12,40,0.1587216800425152,
4104,4104,0,4104123,0.55,0.34,0.10999999999999999,40,0.12870923448058014,
4105,4105,0,4105123,0.55,0.35,0.1,40,0.1371226890096431,
4106,4106,0,4106123,0.55,0.36,0.09,40,0.11797644174357146,
4107,4107,0,4107123,0.55,0.37,0.08,40,0.05773758709280114,
4108,4108,0,4108123,0.55,0.38,0.07,40,0.20360408019203477,
4109,4109,0,4109123,0.55,0.39,0.06,40,0.09485378643264747,
4110,4110,0,4110123,0.55,0.4,0.05,40,0.0644996483434745,
4111,4111,0,4111123,0.55,0.41,0.04,40,0.13373054315606203,
4112,4112,0,4112123,0.55,0.42,0.03,40,0.10346649937833274,
4113,4113,0,4113123,0.55,0.43,0.02,40,0.11763777047291656,
4114,4114,0,4114123,0.55,0.44,0.01,40,0.09286269808406616,
4115,4115,0,4115123,0.55,0.45,0.0,40,0.07940607694833703,
4116,4116,0,4116123,0.56,0.0,0.44,40,0.07884507065113869,
4117,4117,0,4117123,0.56,0.01,0.43,40,0.05094755729341983,
4118,4118,0,4118123,0.56,0.02,0.42,40,0.12004270991432961,
4119,4119,0,4119123,0.56,0.03,0.41,40,0.0666455563311052,
4120,4120,0,4120123,0.56,0.04,0.4,40,0.09270040953856522,
4121,4121,0,4121123,0.56,0.05,0.39,40,0.09747099769407536,
4122,4122,0,4122123,0.56,0.06,0.38,40,0.07917329167220648,
4123,4123,0,4123123,0.56,0.07,0.37,40,0.05936307319087228,
4124,4124,0,4124123,0.56,0.08,0.36,40,0.06103490558970849,
4125,4125,0,4125123,0.56,0.09,0.35,40,0.047600663460572276,
4126,4126,0,4126123,0.56,0.1,0.34,40,0.042217493885495005,
4127,4127,0,4127123,0.56,0.11,0.33,40,0.05459473304155199,
4128,4128,0,4128123,0.56,0.12,0.32,40,0.12611161019184708,
4129,4129,0,4129123,0.56,0.13,0.31,40,0.058746850141016625,
4130,4130,0,4130123,0.56,0.14,0.3,40,0.042485903368351216,
4131,4131,0,4131123,0.56,0.15,0.29,40,0.1419570147383938,
4132,4132,0,4132123,0.56,0.16,0.28,40,0.0631351079261027,
4133,4133,0,4133123,0.56,0.17,0.27,40,0.07650309374541883,
4134,4134,0,4134123,0.56,0.18,0.26,40,0.0483138692802111,
4135,4135,0,4135123,0.56,0.19,0.25,40,0.1042247013836899,
4136,4136,0,4136123,0.56,0.2,0.24,40,0.0534606355234,
4137,4137,0,4137123,0.56,0.21,0.23,40,0.08653600405459251,
4138,4138,0,4138123,0.56,0.22,0.22,40,0.08209408838038018,
4139,4139,0,4139123,0.56,0.23,0.21,40,0.16577963042720145,
4140,4140,0,4140123,0.56,0.24,0.2,40,0.09609096969063888,
4141,4141,0,4141123,0.56,0.25,0.19,40,0.07140042617439432,
4142,4142,0,4142123,0.56,0.26,0.18,40,0.07848925700170936,
4143,4143,0,4143123,0.56,0.27,0.17,40,0.062273533299221646,
4144,4144,0,4144123,0.56,0.28,0.16,40,0.10001895210605531,
4145,4145,0,4145123,0.56,0.29,0.15,40,0.06908610134964216,
4146,4146,0,4146123,0.56,0.3,0.14,40,0.07018820788571249,
4147,4147,0,4147123,0.56,0.31,0.13,40,0.053991786139302125,
4148,4148,0,4148123,0.56,0.32,0.12,40,0.07621866352644396,
4149,4149,0,4149123,0.56,0.33,0.10999999999999999,40,0.08910288637980462,
4150,4150,0,4150123,0.56,0.34,0.09999999999999999,40,0.07908023937241676,
4151,4151,0,4151123,0.56,0.35,0.09,40,0.07348798414190766,
4152,4152,0,4152123,0.56,0.36,0.08,40,0.06237850473959419,
4153,4153,0,4153123,0.56,0.37,0.07,40,0.0707696368046583,
4154,4154,0,4154123,0.56,0.38,0.06,40,0.1466399134674753,
4155,4155,0,4155123,0.56,0.39,0.05,40,0.12965322279120772,
4156,4156,0,4156123,0.56,0.4,0.04,40,0.08077962421363002,
4157,4157,0,4157123,0.56,0.41,0.03,40,0.12205830707263814,
4158,4158,0,4158123,0.56,0.42,0.02,40,0.10995708359625304,
4159,4159,0,4159123,0.56,0.43,0.01,40,0.09297748691617372,
4160,4160,0,4160123,0.56,0.44,0.0,40,0.07114559557154035,
4161,4161,0,4161123,0.57,0.0,0.43,40,0.07395234980923186,
4162,4162,0,4162123,0.57,0.01,0.42,40,0.06275461290586336,
4163,4163,0,4163123,0.57,0.02,0.41,40,0.0746134188644685,
4164,4164,0,4164123,0.57,0.03,0.4,40,0.09253072534653899,
4165,4165,0,4165123,0.57,0.04,0.39,40,0.06756592649711131,
4166,4166,0,4166123,0.57,0.05,0.38,40,0.06098510256306928,
4167,4167,0,4167123,0.57,0.05999999999999999,0.37,40,0.06970917299416814,
4168,4168,0,4168123,0.57,0.07,0.36,40,0.09978392331908927,
4169,4169,0,4169123,0.57,0.08,0.35,40,0.060553533853827425,
4170,4170,0,4170123,0.57,0.09,0.34,40,0.11538704103389229,
4171,4171,0,4171123,0.57,0.1,0.33,40,0.05080248814663927,
4172,4172,0,4172123,0.57,0.11,0.32,40,0.05151862615232951,
4173,4173,0,4173123,0.57,0.12,0.31,40,0.13919582455825677,
4174,4174,0,4174123,0.57,0.13,0.3,40,0.10315689731263217,
4175,4175,0,4175123,0.57,0.14,0.29,40,0.10626788337182214,
4176,4176,0,4176123,0.57,0.15,0.28,40,0.11001259354005785,
4177,4177,0,4177123,0.57,0.16,0.27,40,0.1433270360641116,
4178,4178,0,4178123,0.57,0.17,0.26,40,0.08228931839161256,
4179,4179,0,4179123,0.57,0.18,0.25,40,0.1433106218103096,
4180,4180,0,4180123,0.57,0.19,0.24,40,0.13517775189945372,
4181,4181,0,4181123,0.57,0.2,0.23,40,0.08662149543451735,
4182,4182,0,4182123,0.5700000000000001,0.21000000000000002,0.22000000000000003,40,0.06764005343550705,
4183,4183,0,4183123,0.5700000000000001,0.22000000000000003,0.21000000000000002,40,0.10500006251468691,
4184,4184,0,4184123,0.57,0.23,0.2,40,0.057936378126046,
4185,4185,0,4185123,0.57,0.24,0.19,40,0.07114533152184067,
4186,4186,0,4186123,0.57,0.25,0.18,40,0.08553177833229185,
4187,4187,0,4187123,0.57,0.26,0.17,40,0.06439813535117084,
4188,4188,0,4188123,0.57,0.27,0.16,40,0.06206263913825827,
4189,4189,0,4189123,0.57,0.28,0.15,40,0.07224078880831146,
4190,4190,0,4190123,0.57,0.29,0.14,40,0.142822701942336,
4191,4191,0,4191123,0.57,0.3,0.13,40,0.11036685118679075,
4192,4192,0,4192123,0.57,0.31,0.11999999999999998,40,0.08726486918922637,
4193,4193,0,4193123,0.57,0.32,0.10999999999999999,40,0.08313753700740087,
4194,4194,0,4194123,0.57,0.33,0.09999999999999999,40,0.08966541217411735,
4195,4195,0,4195123,0.57,0.34,0.09,40,0.0787961761011831,
4196,4196,0,4196123,0.57,0.35,0.08,40,0.15660721765617686,
4197,4197,0,4197123,0.57,0.36,0.07,40,0.05568774775764609,
4198,4198,0,4198123,0.57,0.37,0.06,40,0.10204714432488594,
4199,4199,0,4199123,0.57,0.38,0.05,40,0.11421868615590453,
4200,4200,0,4200123,0.57,0.39,0.04,40,0.10028383250851565,
4201,4201,0,4201123,0.57,0.4,0.03,40,0.06388606277041482,
4202,4202,0,4202123,0.57,0.41,0.02,40,0.07063641878257187,
4203,4203,0,4203123,0.57,0.42,0.01,40,0.12920278206909525,
4204,4204,0,4204123,0.57,0.43,0.0,40,0.09612435881911426,
4205,4205,0,4205123,0.58,0.0,0.42,40,0.13889667369040942,
4206,4206,0,4206123,0.58,0.01,0.41,40,0.06311912604183478,
4207,4207,0,4207123,0.58,0.02,0.4,40,0.09280522106723,
4208,4208,0,4208123,0.58,0.03,0.39,40,0.05278394687220912,
4209,4209,0,4209123,0.58,0.04,0.38,40,0.09511648762198063,
4210,4210,0,4210123,0.58,0.05,0.37,40,0.06899723471179114,
4211,4211,0,4211123,0.58,0.05999999999999999,0.36,40,0.05574856234551936,
4212,4212,0,4212123,0.58,0.07,0.35,40,0.0756468347134277,
4213,4213,0,4213123,0.58,0.08,0.34,40,0.07929042523260668,
4214,4214,0,4214123,0.58,0.09,0.33,40,0.07583843155360775,
4215,4215,0,4215123,0.58,0.1,0.32,40,0.07997805428506953,
4216,4216,0,4216123,0.58,0.11,0.31,40,0.06694528937580896,
4217,4217,0,4217123,0.58,0.12,0.3,40,0.09634440502944318,
4218,4218,0,4218123,0.58,0.13,0.29,40,0.12084389428060031,
4219,4219,0,4219123,0.58,0.14,0.28,40,0.04958441185772562,
4220,4220,0,4220123,0.58,0.15,0.27,40,0.07628303144434409,
4221,4221,0,4221123,0.58,0.16,0.26,40,0.12399276269228848,
4222,4222,0,4222123,0.58,0.17,0.25,40,0.20087577193045514,
4223,4223,0,4223123,0.58,0.18,0.24,40,0.10883784119719216,
4224,4224,0,4224123,0.58,0.19,0.23,40,0.06835420594445826,
4225,4225,0,4225123,0.58,0.2,0.22,40,0.06185396961628973,
4226,4226,0,4226123,0.5800000000000001,0.21000000000000002,0.21000000000000002,40,0.06759401344280616,
4227,4227,0,4227123,0.58,0.22,0.2,40,0.07428803880757405,
4228,4228,0,4228123,0.58,0.23,0.19,40,0.08402438644659675,
4229,4229,0,4229123,0.58,0.24,0.18,40,0.06346499879854492,
4230,4230,0,4230123,0.58,0.25,0.17,40,0.19790454978060773,
4231,4231,0,4231123,0.58,0.26,0.16,40,0.12413953312751007,
4232,4232,0,4232123,0.58,0.27,0.15,40,0.08843567379963382,
4233,4233,0,4233123,0.58,0.28,0.14,40,0.11345467577267504,
4234,4234,0,4234123,0.58,0.29,0.13,40,0.08911289725380836,
4235,4235,0,4235123,0.58,0.3,0.11999999999999998,40,0.11370446781270571,
4236,4236,0,4236123,0.58,0.31,0.10999999999999999,40,0.09878417894122118,
4237,4237,0,4237123,0.58,0.32,0.09999999999999999,40,0.0793650144946531,
4238,4238,0,4238123,0.58,0.33,0.09,40,0.16981119561257674,
4239,4239,0,4239123,0.58,0.34,0.08,40,0.10287195887934326,
4240,4240,0,4240123,0.58,0.35,0.07,40,0.09966396057452856,
4241,4241,0,4241123,0.58,0.36,0.06,40,0.07817393838632947,
4242,4242,0,4242123,0.58,0.37,0.05,40,0.0945079651514612,
4243,4243,0,4243123,0.58,0.38,0.04,40,0.05334604947192714,
4244,4244,0,4244123,0.58,0.39,0.03,40,0.06226661455790199,
4245,4245,0,4245123,0.58,0.4,0.02,40,0.0604457214308738,
4246,4246,0,4246123,0.58,0.41,0.01,40,0.1031065867542919,
4247,4247,0,4247123,0.58,0.42,0.0,40,0.12610342101771913,
4248,4248,0,4248123,0.59,0.0,0.41,40,0.06965345139268582,
4249,4249,0,4249123,0.59,0.01,0.4,40,0.05622659468975982,
4250,4250,0,4250123,0.59,0.02,0.39,40,0.08612785790840231,
4251,4251,0,4251123,0.59,0.03,0.38,40,0.06485201757318201,
4252,4252,0,4252123,0.59,0.04,0.37,40,0.05321464712641396,
4253,4253,0,4253123,0.59,0.05,0.36,40,0.11612265763903218,
4254,4254,0,4254123,0.59,0.05999999999999999,0.35,40,0.07115225445027679,
4255,4255,0,4255123,0.59,0.07,0.34,40,0.0857918162715218,
4256,4256,0,4256123,0.59,0.08,0.33,40,0.07845733684678954,
4257,4257,0,4257123,0.59,0.09,0.32,40,0.06946959291373771,
4258,4258,0,4258123,0.59,0.1,0.31,40,0.04610538444010869,
4259,4259,0,4259123,0.59,0.11,0.3,40,0.11808383782922557,
4260,4260,0,4260123,0.59,0.12,0.29,40,0.12336036509295421,
4261,4261,0,4261123,0.59,0.13,0.28,40,0.09455176142743416,
4262,4262,0,4262123,0.59,0.14,0.27,40,0.1020475696894912,
4263,4263,0,4263123,0.59,0.15,0.26,40,0.12842532337156268,
4264,4264,0,4264123,0.59,0.16,0.25,40,0.06724155998520943,
4265,4265,0,4265123,0.59,0.17,0.24,40,0.12663416585187548,
4266,4266,0,4266123,0.59,0.18,0.23,40,0.055739928268759543,
4267,4267,0,4267123,0.59,0.19,0.22,40,0.0791772050927824,
4268,4268,0,4268123,0.59,0.2,0.21,40,0.04732966003371572,
4269,4269,0,4269123,0.59,0.21,0.2,40,0.10898691417269281,
4270,4270,0,4270123,0.59,0.22,0.19,40,0.08739575096091177,
4271,4271,0,4271123,0.59,0.23,0.18,40,0.08204529505402511,
4272,4272,0,4272123,0.59,0.24,0.17,40,0.10490177410395549,
4273,4273,0,4273123,0.59,0.25,0.16,40,0.048563655337981335,
4274,4274,0,4274123,0.59,0.26,0.15,40,0.1247240235217421,
4275,4275,0,4275123,0.59,0.27,0.14,40,0.07226632732696733,
4276,4276,0,4276123,0.59,0.28,0.13,40,0.0857153811121105,
4277,4277,0,4277123,0.59,0.29,0.11999999999999998,40,0.047064598065057715,
4278,4278,0,4278123,0.59,0.3,0.10999999999999999,40,0.07696276700081008,
4279,4279,0,4279123,0.59,0.31,0.09999999999999999,40,0.13967122729196024,
4280,4280,0,4280123,0.59,0.32,0.09,40,0.11911534557197032,
4281,4281,0,4281123,0.59,0.33,0.08,40,0.13531248751344888,
4282,4282,0,4282123,0.59,0.34,0.07,40,0.061049138490639976,
4283,4283,0,4283123,0.59,0.35,0.06,40,0.06847670902453876,
4284,4284,0,4284123,0.59,0.36,0.05,40,0.05919474113668428,
4285,4285,0,4285123,0.59,0.37,0.04,40,0.0587442810264308,
4286,4286,0,4286123,0.59,0.38,0.03,40,0.07070974906401307,
4287,4287,0,4287123,0.59,0.39,0.02,40,0.09452870294726902,
4288,4288,0,4288123,0.59,0.4,0.01,40,0.14264858341858122,
4289,4289,0,4289123,0.59,0.41,0.0,40,0.07587289482814286,
4290,4290,0,4290123,0.6,0.0,0.4,40,0.0846236510359941,
4291,4291,0,4291123,0.6,0.01,0.39,40,0.0772190079818127,
4292,4292,0,4292123,0.6,0.02,0.38,40,0.07758760297816669,
4293,4293,0,4293123,0.6,0.03,0.37,40,0.07263668254619264,
4294,4294,0,4294123,0.6,0.04,0.36,40,0.060013726164242026,
4295,4295,0,4295123,0.6,0.05,0.35,40,0.059327074730837766,
4296,4296,0,4296123,0.6,0.06,0.34,40,0.06011028554724207,
4297,4297,0,4297123,0.6,0.07,0.33,40,0.05418822732464753,
4298,4298,0,4298123,0.6,0.08,0.32,40,0.07038687402876835,
4299,4299,0,4299123,0.6,0.09,0.31,40,0.07134976801692934,
4300,4300,0,4300123,0.6,0.1,0.3,40,0.10439819142429595,
4301,4301,0,4301123,0.6,0.11,0.29,40,0.04318410749611031,
4302,4302,0,4302123,0.6,0.12,0.28,40,0.049131931010063634,
4303,4303,0,4303123,0.6,0.13,0.27,40,0.06408397728085886,
4304,4304,0,4304123,0.6,0.14,0.26,40,0.08144567163903198,
4305,4305,0,4305123,0.6,0.15,0.25,40,0.1371873691391023,
4306,4306,0,4306123,0.6,0.16,0.24,40,0.06408827655809984,
4307,4307,0,4307123,0.6,0.17,0.23,40,0.12119427159854812,
4308,4308,0,4308123,0.6,0.18,0.22,40,0.04842820258186073,
4309,4309,0,4309123,0.6,0.19,0.21,40,0.054649115874724465,
4310,4310,0,4310123,0.6,0.2,0.2,40,0.05675425025421521,
4311,4311,0,4311123,0.6,0.21,0.19,40,0.11298036653906124,
4312,4312,0,4312123,0.6,0.22,0.18,40,0.07395426169281788,
4313,4313,0,4313123,0.6,0.23,0.17,40,0.10465463192967597,
4314,4314,0,4314123,0.6,0.24,0.16,40,0.14776932108990246,
4315,4315,0,4315123,0.6,0.25,0.15,40,0.05452136481136498,
4316,4316,0,4316123,0.6,0.26,0.14,40,0.09132187021345672,
4317,4317,0,4317123,0.6,0.27,0.13,40,0.08627892932290579,
4318,4318,0,4318123,0.6,0.28,0.12,40,0.1223869440781398,
4319,4319,0,4319123,0.6,0.29,0.10999999999999999,40,0.04937241435600462,
4320,4320,0,4320123,0.6,0.3,0.09999999999999999,40,0.0875052311934931,
4321,4321,0,4321123,0.6,0.31,0.09,40,0.12291752936262319,
4322,4322,0,4322123,0.6,0.32,0.08,40,0.18280502205625554,
4323,4323,0,4323123,0.6,0.33,0.07,40,0.10161360999543542,
4324,4324,0,4324123,0.6,0.34,0.06,40,0.10403262079958737,
4325,4325,0,4325123,0.6,0.35,0.05,40,0.15038994126015232,
4326,4326,0,4326123,0.6,0.36,0.04,40,0.06490364199530285,
4327,4327,0,4327123,0.6,0.37,0.03,40,0.08232908019922647,
4328,4328,0,4328123,0.6,0.38,0.02,40,0.07437351939667987,
4329,4329,0,4329123,0.6,0.39,0.01,40,0.07547704880718954,
4330,4330,0,4330123,0.6,0.4,0.0,40,0.047203515661376906,
4331,4331,0,4331123,0.61,0.0,0.39,40,0.0599260730906006,
4332,4332,0,4332123,0.61,0.01,0.38,40,0.10784305955427333,
4333,4333,0,4333123,0.61,0.02,0.37,40,0.0765118781894885,
4334,4334,0,4334123,0.61,0.03,0.36,40,0.1542771168781428,
4335,4335,0,4335123,0.61,0.04,0.35,40,0.10552338526658955,
4336,4336,0,4336123,0.61,0.05,0.34,40,0.06959943299141633,
4337,4337,0,4337123,0.61,0.06,0.33,40,0.044656811336168174,
4338,4338,0,4338123,0.61,0.07,0.32,40,0.06347307525895984,
4339,4339,0,4339123,0.61,0.08,0.31,40,0.06297874891046748,
4340,4340,0,4340123,0.61,0.09,0.3,40,0.07674204100243383,
4341,4341,0,4341123,0.61,0.1,0.29,40,0.06038183411602694,
4342,4342,0,4342123,0.61,0.11,0.28,40,0.0759337489426713,
4343,4343,0,4343123,0.61,0.12,0.27,40,0.10218640141474297,
4344,4344,0,4344123,0.61,0.13,0.26,40,0.06351978485763775,
4345,4345,0,4345123,0.61,0.14,0.25,40,0.06111233592401625,
4346,4346,0,4346123,0.61,0.15,0.24,40,0.0682985880307877,
4347,4347,0,4347123,0.61,0.16,0.23,40,0.11732473874734523,
4348,4348,0,4348123,0.61,0.17,0.22,40,0.09632710869551935,
4349,4349,0,4349123,0.61,0.18,0.21,40,0.08561016737383219,
4350,4350,0,4350123,0.61,0.19,0.2,40,0.09083912388558317,
4351,4351,0,4351123,0.61,0.2,0.19,40,0.07572776672832043,
4352,4352,0,4352123,0.61,0.21,0.18,40,0.10797602507425431,
4353,4353,0,4353123,0.61,0.22,0.17,40,0.08489895665189204,
4354,4354,0,4354123,0.61,0.23,0.16,40,0.08578085163020875,
4355,4355,0,4355123,0.61,0.24,0.15,40,0.04602491173542079,
4356,4356,0,4356123,0.61,0.25,0.14,40,0.06827327637849542,
4357,4357,0,4357123,0.61,0.26,0.13,40,0.1311392865773838,
4358,4358,0,4358123,0.61,0.27,0.12,40,0.10694318045978372,
4359,4359,0,4359123,0.61,0.28,0.11,40,0.056024448594786856,
4360,4360,0,4360123,0.61,0.29,0.09999999999999999,40,0.17003020097615015,
4361,4361,0,4361123,0.61,0.3,0.09,40,0.049831932309249406,
4362,4362,0,4362123,0.61,0.31,0.08,40,0.10355468363411764,
4363,4363,0,4363123,0.61,0.32,0.07,40,0.09601417816893161,
4364,4364,0,4364123,0.61,0.33,0.06,40,0.12110993924859403,
4365,4365,0,4365123,0.61,0.34,0.05,40,0.14600052881962988,
4366,4366,0,4366123,0.61,0.35,0.04,40,0.07944713313023317,
4367,4367,0,4367123,0.61,0.36,0.03,40,0.1311259114330826,
4368,4368,0,4368123,0.61,0.37,0.02,40,0.14882731348478917,
4369,4369,0,4369123,0.61,0.38,0.01,40,0.18974585671229752,
4370,4370,0,4370123,0.61,0.39,0.0,40,0.07252922167204201,
4371,4371,0,4371123,0.62,0.0,0.38,40,0.10153163489321862,
4372,4372,0,4372123,0.62,0.01,0.37,40,0.14524965634879788,
4373,4373,0,4373123,0.62,0.02,0.36,40,0.045086283417990945,
4374,4374,0,4374123,0.62,0.03,0.35,40,0.11302764959600116,
4375,4375,0,4375123,0.62,0.04,0.34,40,0.08363123127954497,
4376,4376,0,4376123,0.62,0.05,0.33,40,0.05964436726840192,
4377,4377,0,4377123,0.62,0.06,0.32,40,0.056835895110412614,
4378,4378,0,4378123,0.62,0.07,0.31,40,0.07639001779718176,
4379,4379,0,4379123,0.62,0.08,0.3,40,0.07123666062918847,
4380,4380,0,4380123,0.62,0.09,0.29,40,0.06236927058921942,
4381,4381,0,4381123,0.62,0.1,0.28,40,0.06876604382355099,
4382,4382,0,4382123,0.62,0.11,0.27,40,0.06938390870916702,
4383,4383,0,4383123,0.62,0.12,0.26,40,0.09517594412255581,
4384,4384,0,4384123,0.62,0.13,0.25,40,0.07434880400018601,
4385,4385,0,4385123,0.62,0.14,0.24,40,0.12018505185322048,
4386,4386,0,4386123,0.62,0.15,0.23,40,0.05065299040856355,
4387,4387,0,4387123,0.62,0.16,0.22,40,0.11116992115179432,
4388,4388,0,4388123,0.62,0.17,0.21,40,0.07981906897432496,
4389,4389,0,4389123,0.62,0.18,0.2,40,0.06824452732364701,
4390,4390,0,4390123,0.62,0.19,0.19,40,0.10836896383661178,
4391,4391,0,4391123,0.62,0.2,0.18,40,0.10670115407341092,
4392,4392,0,4392123,0.62,0.21,0.17,40,0.1489191068482173,
4393,4393,0,4393123,0.62,0.22,0.16,40,0.07496771870267492,
4394,4394,0,4394123,0.62,0.23,0.15,40,0.10040356104005221,
4395,4395,0,4395123,0.62,0.24,0.14,40,0.05356097397942351,
4396,4396,0,4396123,0.62,0.25,0.13,40,0.1144474980410195,
4397,4397,0,4397123,0.62,0.26,0.12,40,0.08547637115434231,
4398,4398,0,4398123,0.62,0.27,0.11,40,0.10111262661902407,
4399,4399,0,4399123,0.62,0.28,0.1,40,0.081941149945988,
4400,4400,0,4400123,0.62,0.29,0.09,40,0.12119971560317161,
4401,4401,0,4401123,0.62,0.3,0.08,40,0.07017091292395183,
4402,4402,0,4402123,0.62,0.31,0.07,40,0.12189122195506234,
4403,4403,0,4403123,0.62,0.32,0.06,40,0.08375284088791077,
4404,4404,0,4404123,0.62,0.33,0.05,40,0.051868745546579616,
4405,4405,0,4405123,0.62,0.34,0.04,40,0.05695655573435287,
4406,4406,0,4406123,0.62,0.35,0.03,40,0.0727701595433286,
4407,4407,0,4407123,0.62,0.36,0.02,40,0.0668016280872114,
4408,4408,0,4408123,0.62,0.37,0.01,40,0.06146419104123896,
4409,4409,0,4409123,0.62,0.38,0.0,40,0.1084156900599024,
4410,4410,0,4410123,0.63,0.0,0.37,40,0.08826796477559658,
4411,4411,0,4411123,0.63,0.01,0.36,40,0.05502153960425964,
4412,4412,0,4412123,0.63,0.02,0.35,40,0.07976924489755606,
4413,4413,0,4413123,0.63,0.03,0.34,40,0.06048724743785936,
4414,4414,0,4414123,0.63,0.04,0.33,40,0.053860148203276545,
4415,4415,0,4415123,0.63,0.05,0.32,40,0.06369219406215695,
4416,4416,0,4416123,0.63,0.06,0.31,40,0.05431095229364032,
4417,4417,0,4417123,0.63,0.07,0.3,40,0.04397184208320228,
4418,4418,0,4418123,0.63,0.08,0.29,40,0.11920959654315658,
4419,4419,0,4419123,0.63,0.09,0.28,40,0.0625126177336521,
4420,4420,0,4420123,0.63,0.1,0.27,40,0.07821186403577135,
4421,4421,0,4421123,0.63,0.11,0.26,40,0.060030380990506754,
4422,4422,0,4422123,0.63,0.12,0.25,40,0.09223536538784882,
4423,4423,0,4423123,0.63,0.13,0.24,40,0.0743713706021706,
4424,4424,0,4424123,0.63,0.14,0.23,40,0.1251763568163164,
4425,4425,0,4425123,0.63,0.15,0.22,40,0.11781358232175163,
4426,4426,0,4426123,0.63,0.16,0.21,40,0.06919999678160255,
4427,4427,0,4427123,0.63,0.17,0.2,40,0.07809374999536899,
4428,4428,0,4428123,0.63,0.18,0.19,40,0.07355690032974421,
4429,4429,0,4429123,0.63,0.19,0.18,40,0.06201358756913625,
4430,4430,0,4430123,0.63,0.2,0.17,40,0.09757048946738503,
4431,4431,0,4431123,0.63,0.21,0.16,40,0.09571442057000117,
4432,4432,0,4432123,0.63,0.22,0.15,40,0.10539603132674938,
4433,4433,0,4433123,0.63,0.23,0.14,40,0.05461936560104705,
4434,4434,0,4434123,0.63,0.24,0.13,40,0.09885949454881664,
4435,4435,0,4435123,0.63,0.25,0.12,40,0.1731145459240232,
4436,4436,0,4436123,0.63,0.26,0.11,40,0.12118867951634145,
4437,4437,0,4437123,0.63,0.27,0.1,40,0.12005754881405156,
4438,4438,0,4438123,0.63,0.28,0.09,40,0.06814566496048514,
4439,4439,0,4439123,0.63,0.29,0.08,40,0.09849459728117085,
4440,4440,0,4440123,0.63,0.3,0.07,40,0.10479660143173525,
4441,4441,0,4441123,0.63,0.31,0.06,40,0.07807915628093551,
4442,4442,0,4442123,0.63,0.32,0.05,40,0.05243000342074673,
4443,4443,0,4443123,0.63,0.33,0.04,40,0.09446902312549815,
4444,4444,0,4444123,0.63,0.34,0.03,40,0.1044204246605491,
4445,4445,0,4445123,0.63,0.35,0.02,40,0.06073363806533077,
4446,4446,0,4446123,0.63,0.36,0.01,40,0.07455396321697917,
4447,4447,0,4447123,0.63,0.37,0.0,40,0.07794971723690493,
4448,4448,0,4448123,0.64,0.0,0.36,40,0.046736784975081776,
4449,4449,0,4449123,0.64,0.01,0.35,40,0.08859167230147115,
4450,4450,0,4450123,0.64,0.02,0.34,40,0.057951485215099935,
4451,4451,0,4451123,0.64,0.03,0.33,40,0.06481356885500998,
4452,4452,0,4452123,0.64,0.04,0.32,40,0.048825141527350305,
4453,4453,0,4453123,0.64,0.05,0.31,40,0.07476474483447218,
4454,4454,0,4454123,0.64,0.06,0.3,40,0.07102973331941581,
4455,4455,0,4455123,0.64,0.07,0.29,40,0.055263552717366486,
4456,4456,0,4456123,0.64,0.08,0.28,40,0.046865570342150276,
4457,4457,0,4457123,0.64,0.09,0.27,40,0.134558949419251,
4458,4458,0,4458123,0.64,0.1,0.26,40,0.12024166599163782,
4459,4459,0,4459123,0.64,0.11,0.25,40,0.0753461035287809,
4460,4460,0,4460123,0.64,0.12,0.24,40,0.11919695104689221,
4461,4461,0,4461123,0.64,0.13,0.23,40,0.07432872117184043,
4462,4462,0,4462123,0.64,0.14,0.22,40,0.056699837785049986,
4463,4463,0,4463123,0.64,0.15,0.21,40,0.07535933225006472,
4464,4464,0,4464123,0.64,0.16,0.2,40,0.09805300786217479,
4465,4465,0,4465123,0.64,0.17,0.19,40,0.1626308894718746,
4466,4466,0,4466123,0.64,0.18,0.18,40,0.09264075206865743,
4467,4467,0,4467123,0.64,0.19,0.17,40,0.0857717067256007,
4468,4468,0,4468123,0.64,0.2,0.16,40,0.10400784928709061,
4469,4469,0,4469123,0.64,0.21,0.15,40,0.1702705230989204,
4470,4470,0,4470123,0.64,0.22,0.14,40,0.06989959545553474,
4471,4471,0,4471123,0.64,0.23,0.13,40,0.06061289529243283,
4472,4472,0,4472123,0.64,0.24,0.12,40,0.052335410707224916,
4473,4473,0,4473123,0.64,0.25,0.11,40,0.06793312630100053,
4474,4474,0,4474123,0.64,0.26,0.1,40,0.054647781779133466,
4475,4475,0,4475123,0.64,0.27,0.09,40,0.12686674997480507,
4476,4476,0,4476123,0.64,0.28,0.08,40,0.07268732416878723,
4477,4477,0,4477123,0.64,0.29,0.07,40,0.0990920016800782,
4478,4478,0,4478123,0.64,0.3,0.06,40,0.06317332188830427,
4479,4479,0,4479123,0.64,0.31,0.05,40,0.05323455511504405,
4480,4480,0,4480123,0.64,0.32,0.04,40,0.07152787910939626,
4481,4481,0,4481123,0.64,0.33,0.03,40,0.08219335248749457,
4482,4482,0,4482123,0.64,0.34,0.02,40,0.10022243771041094,
4483,4483,0,4483123,0.64,0.35,0.01,40,0.05590682919634706,
4484,4484,0,4484123,0.64,0.36,0.0,40,0.06042305778262027,
4485,4485,0,4485123,0.65,0.0,0.35,40,0.08420944554161121,
4486,4486,0,4486123,0.65,0.01,0.34,40,0.048414330455192,
4487,4487,0,4487123,0.65,0.02,0.33,40,0.07307042178250123,
4488,4488,0,4488123,0.65,0.03,0.32,40,0.045163486563628,
4489,4489,0,4489123,0.65,0.04,0.31,40,0.12919875629219124,
4490,4490,0,4490123,0.65,0.05,0.3,40,0.10751538658162023,
4491,4491,0,4491123,0.65,0.06,0.29,40,0.14560178706406754,
4492,4492,0,4492123,0.65,0.07,0.28,40,0.1368405346424104,
4493,4493,0,4493123,0.65,0.08,0.27,40,0.06318787150989899,
4494,4494,0,4494123,0.65,0.09,0.26,40,0.06441525857499114,
4495,4495,0,4495123,0.65,0.1,0.25,40,0.06708297329743702,
4496,4496,0,4496123,0.65,0.11,0.24,40,0.04562724022179291,
4497,4497,0,4497123,0.65,0.12,0.23,40,0.08765159451056838,
4498,4498,0,4498123,0.65,0.13,0.22,40,0.06948982849007755,
4499,4499,0,4499123,0.65,0.14,0.21,40,0.08571193131793728,
4500,4500,0,4500123,0.65,0.15,0.2,40,0.0486972663570039,
4501,4501,0,4501123,0.65,0.16,0.19,40,0.07383318366596514,
4502,4502,0,4502123,0.65,0.17,0.18,40,0.08700431312678379,
4503,4503,0,4503123,0.65,0.18,0.17,40,0.09183290977382715,
4504,4504,0,4504123,0.65,0.19,0.16,40,0.1098866712088014,
4505,4505,0,4505123,0.65,0.2,0.15,40,0.1428109996462407,
4506,4506,0,4506123,0.65,0.21,0.14,40,0.11685119187351746,
4507,4507,0,4507123,0.65,0.22,0.13,40,0.08981299495990848,
4508,4508,0,4508123,0.65,0.23,0.12,40,0.0893088455200071,
4509,4509,0,4509123,0.65,0.24,0.11,40,0.13050486150269575,
4510,4510,0,4510123,0.65,0.25,0.1,40,0.161628636684211,
4511,4511,0,4511123,0.65,0.26,0.09,28,0.07273679874581535,tolflatfitness
4512,4512,0,4512123,0.65,0.27,0.08,40,0.13264911806704088,
4513,4513,0,4513123,0.65,0.28,0.07,40,0.06803957927806487,
4514,4514,0,4514123,0.65,0.29,0.06,40,0.069575634136501,
4515,4515,0,4515123,0.65,0.3,0.05,40,0.14704948938399293,
4516,4516,0,4516123,0.65,0.31,0.04,40,0.07689232546292415,
4517,4517,0,4517123,0.65,0.32,0.03,40,0.08986875265971692,
4518,4518,0,4518123,0.65,0.33,0.02,40,0.05690860934159925,
4519,4519,0,4519123,0.65,0.34,0.01,40,0.049141182537485374,
4520,4520,0,4520123,0.65,0.35,0.0,40,0.05683770409391757,
4521,4521,0,4521123,0.66,0.0,0.34,40,0.08040768539622653,
4522,4522,0,4522123,0.66,0.01,0.33,40,0.04964599128338177,
4523,4523,0,4523123,0.66,0.02,0.32,40,0.07859286989655545,
4524,4524,0,4524123,0.66,0.03,0.31,40,0.07974516622568086,
4525,4525,0,4525123,0.66,0.04,0.3,40,0.10929350779402894,
4526,4526,0,4526123,0.66,0.05,0.29,40,0.07413632234934658,
4527,4527,0,4527123,0.66,0.06,0.28,40,0.06616209652168764,
4528,4528,0,4528123,0.66,0.07,0.27,40,0.058707920112230055,
4529,4529,0,4529123,0.66,0.08,0.26,40,0.054533918494681324,
4530,4530,0,4530123,0.66,0.09,0.25,40,0.08146492832183778,
4531,4531,0,4531123,0.66,0.1,0.24,40,0.08447733314725336,
4532,4532,0,4532123,0.66,0.11,0.23,40,0.08776314251156593,
4533,4533,0,4533123,0.66,0.12,0.22,40,0.057652217704562164,
4534,4534,0,4534123,0.66,0.13,0.21,40,0.07821976061658201,
4535,4535,0,4535123,0.66,0.14,0.2,40,0.0678591476618723,
4536,4536,0,4536123,0.66,0.15,0.19,40,0.10354144448529394,
4537,4537,0,4537123,0.66,0.16,0.18,40,0.05482642856294582,
4538,4538,0,4538123,0.66,0.17,0.17,40,0.1173167705705428,
4539,4539,0,4539123,0.66,0.18,0.16,40,0.10639071401544793,
4540,4540,0,4540123,0.66,0.19,0.15,40,0.10728158539400728,
4541,4541,0,4541123,0.66,0.2,0.14,40,0.08951128823272479,
4542,4542,0,4542123,0.66,0.21,0.13,40,0.0589749043674938,
4543,4543,0,4543123,0.66,0.22,0.12,40,0.061307771767826674,
4544,4544,0,4544123,0.66,0.23,0.11,40,0.10073296949811039,
4545,4545,0,4545123,0.66,0.24,0.1,40,0.09386509753003437,
4546,4546,0,4546123,0.66,0.25,0.09,40,0.07309420908771312,
4547,4547,0,4547123,0.66,0.26,0.08,40,0.05799184753465233,
4548,4548,0,4548123,0.66,0.27,0.07,40,0.05584242991196628,
4549,4549,0,4549123,0.66,0.28,0.06,40,0.06768658645636733,
4550,4550,0,4550123,0.66,0.29,0.05,40,0.08465920463412947,
4551,4551,0,4551123,0.66,0.3,0.04,40,0.09740235183469277,
4552,4552,0,4552123,0.66,0.31,0.03,40,0.13876516040995093,
4553,4553,0,4553123,0.66,0.32,0.02,40,0.0795421277178426,
4554,4554,0,4554123,0.66,0.33,0.01,40,0.0779507692958936,
4555,4555,0,4555123,0.66,0.34,0.0,40,0.07922390471793674,
4556,4556,0,4556123,0.67,0.0,0.33,40,0.06393594026747287,
4557,4557,0,4557123,0.67,0.01,0.32,40,0.13794987828828642,
4558,4558,0,4558123,0.67,0.02,0.31,40,0.07080783880150664,
4559,4559,0,4559123,0.67,0.03,0.3,40,0.06559435428853076,
4560,4560,0,4560123,0.67,0.04,0.29,40,0.12259127488465457,
4561,4561,0,4561123,0.67,0.05,0.28,40,0.12174249362270785,
4562,4562,0,4562123,0.67,0.06,0.27,40,0.13240804308775778,
4563,4563,0,4563123,0.67,0.07,0.26,40,0.0607323527519235,
4564,4564,0,4564123,0.67,0.08,0.25,40,0.08576824030002156,
4565,4565,0,4565123,0.67,0.09,0.24,40,0.09248240530723388,
4566,4566,0,4566123,0.67,0.1,0.23,40,0.06654679941046003,
4567,4567,0,4567123,0.67,0.11,0.22,40,0.10325721681353162,
4568,4568,0,4568123,0.67,0.12,0.21,40,0.12504458159608237,
4569,4569,0,4569123,0.67,0.13,0.2,40,0.1130583011295771,
4570,4570,0,4570123,0.67,0.14,0.19,40,0.10223024471770739,
4571,4571,0,4571123,0.67,0.15,0.18,40,0.07435903281930528,
4572,4572,0,4572123,0.67,0.16,0.17,40,0.09386783709823396,
4573,4573,0,4573123,0.67,0.17,0.16,40,0.10938281157675336,
4574,4574,0,4574123,0.67,0.18,0.15,40,0.08271214132717183,
4575,4575,0,4575123,0.67,0.19,0.14,40,0.09911727978894341,
4576,4576,0,4576123,0.67,0.2,0.13,40,0.09524816920328442,
4577,4577,0,4577123,0.67,0.21,0.12,40,0.10565686553350505,
4578,4578,0,4578123,0.67,0.22,0.11,40,0.09695350496625087,
4579,4579,0,4579123,0.67,0.23,0.1,40,0.09564129125068296,
4580,4580,0,4580123,0.67,0.24,0.09,40,0.052865553849813604,
4581,4581,0,4581123,0.67,0.25,0.08,40,0.07889233661684536,
4582,4582,0,4582123,0.67,0.26,0.07,40,0.1088814288477742,
4583,4583,0,4583123,0.67,0.27,0.06,40,0.05007769617479589,
4584,4584,0,4584123,0.67,0.28,0.05,40,0.10573852877383608,
4585,4585,0,4585123,0.67,0.29,0.04,40,0.05419432074318079,
4586,4586,0,4586123,0.67,0.3,0.03,40,0.11761719645115386,
4587,4587,0,4587123,0.67,0.31,0.02,40,0.057879045193925574,
4588,4588,0,4588123,0.67,0.32,0.01,40,0.13713247060120037,
4589,4589,0,4589123,0.67,0.33,0.0,40,0.1307682673488809,
4590,4590,0,4590123,0.68,0.0,0.32,40,0.07029471612693124,
4591,4591,0,4591123,0.68,0.01,0.31,40,0.04430649191865052,
4592,4592,0,4592123,0.68,0.02,0.3,40,0.07726838226221824,
4593,4593,0,4593123,0.68,0.03,0.29,40,0.07596496812399064,
4594,4594,0,4594123,0.68,0.04,0.28,40,0.06549437135775905,
4595,4595,0,4595123,0.68,0.05,0.27,40,0.0418491184426713,
4596,4596,0,4596123,0.68,0.06,0.26,40,0.04224185219107464,
4597,4597,0,4597123,0.68,0.07,0.25,40,0.054963850137889035,
4598,4598,0,4598123,0.68,0.08,0.24,40,0.10107499260336408,
4599,4599,0,4599123,0.68,0.09,0.23,40,0.09053502112703603,
4600,4600,0,4600123,0.68,0.1,0.22,40,0.17725704138664547,
4601,4601,0,4601123,0.68,0.11,0.21,40,0.11835883781021017,
4602,4602,0,4602123,0.68,0.12,0.2,40,0.09864514755304182,
4603,4603,0,4603123,0.68,0.13,0.19,40,0.15533997071029032,
4604,4604,0,4604123,0.68,0.14,0.18,40,0.09846404289009612,
4605,4605,0,4605123,0.68,0.15,0.17,40,0.08512130042521436,
4606,4606,0,4606123,0.68,0.16,0.16,40,0.06045487466931382,
4607,4607,0,4607123,0.68,0.17,0.15,40,0.0839022898068607,
4608,4608,0,4608123,0.68,0.18,0.14,40,0.0710984557757488,
4609,4609,0,4609123,0.68,0.19,0.13,40,0.124772981150861,
4610,4610,0,4610123,0.68,0.2,0.12,40,0.10762015503526597,
4611,4611,0,4611123,0.68,0.21,0.11,40,0.05230485202134636,
4612,4612,0,4612123,0.68,0.22,0.1,40,0.11481369345757801,
4613,4613,0,4613123,0.68,0.23,0.09,40,0.06877238872458043,
4614,4614,0,4614123,0.68,0.24,0.08,40,0.15967708159707983,
4615,4615,0,4615123,0.68,0.25,0.07,40,0.06103045124440296,
4616,4616,0,4616123,0.68,0.26,0.06,40,0.06410072475477274,
4617,4617,0,4617123,0.68,0.27,0.05,40,0.058195741343212315,
4618,4618,0,4618123,0.68,0.28,0.04,40,0.062191383529283495,
4619,4619,0,4619123,0.68,0.29,0.03,40,0.10797887064643227,
4620,4620,0,4620123,0.68,0.3,0.02,40,0.14185124760833634,
4621,4621,0,4621123,0.68,0.31,0.01,40,0.06079429948960036,
4622,4622,0,4622123,0.68,0.32,0.0,40,0.21455657962252878,
4623,4623,0,4623123,0.69,0.0,0.31,40,0.0546304147801211,
4624,4624,0,4624123,0.69,0.01,0.3,40,0.12492480689920701,
4625,4625,0,4625123,0.69,0.02,0.29,40,0.05873458983040259,
4626,4626,0,4626123,0.69,0.03,0.28,40,0.06185293217896009,
4627,4627,0,4627123,0.69,0.04,0.27,40,0.069750085904383,
4628,4628,0,4628123,0.69,0.05,0.26,40,0.06976180544405881,
4629,4629,0,4629123,0.69,0.06,0.25,40,0.05224801822456886,
4630,4630,0,4630123,0.69,0.07,0.24,40,0.09066421753766561,
4631,4631,0,4631123,0.6900000000000001,0.08000000000000002,0.23000000000000004,40,0.1385658936488681,
4632,4632,0,4632123,0.6900000000000001,0.09000000000000001,0.22000000000000003,40,0.05331513924973575,
4633,4633,0,4633123,0.6900000000000001,0.10000000000000002,0.21000000000000002,40,0.05718807809055733,
4634,4634,0,4634123,0.69,0.11,0.2,40,0.08481383364738755,
4635,4635,0,4635123,0.69,0.12,0.19,40,0.08872197488287836,
4636,4636,0,4636123,0.69,0.13,0.18,40,0.06656021972843701,
4637,4637,0,4637123,0.69,0.14,0.17,40,0.05227825697235859,
4638,4638,0,4638123,0.69,0.15,0.16,40,0.0665888793065209,
4639,4639,0,4639123,0.69,0.16,0.15,40,0.08837761660253611,
4640,4640,0,4640123,0.69,0.17,0.14,40,0.15631004208654173,
4641,4641,0,4641123,0.69,0.18,0.13,40,0.05022047582569905,
4642,4642,0,4642123,0.69,0.18999999999999997,0.11999999999999998,40,0.06855216137451191,
4643,4643,0,4643123,0.69,0.19999999999999998,0.10999999999999999,40,0.062339122930754796,
4644,4644,0,4644123,0.69,0.20999999999999996,0.09999999999999999,40,0.10168939038213111,
4645,4645,0,4645123,0.69,0.21999999999999997,0.09,40,0.08629810181685534,
4646,4646,0,4646123,0.69,0.22999999999999998,0.08,40,0.09849976441279511,
4647,4647,0,4647123,0.69,0.24,0.07,40,0.09674141257655354,
4648,4648,0,4648123,0.69,0.25,0.06,40,0.0760955261152991,
4649,4649,0,4649123,0.69,0.26,0.05,40,0.17311850833596718,
4650,4650,0,4650123,0.69,0.27,0.04,40,0.0653258164716361,
4651,4651,0,4651123,0.69,0.28,0.03,40,0.07556179659473264,
4652,4652,0,4652123,0.69,0.29,0.02,40,0.06829950246240529,
4653,4653,0,4653123,0.69,0.3,0.01,40,0.10504744208158305,
4654,4654,0,4654123,0.69,0.31,0.0,40,0.12780001893903026,
4655,4655,0,4655123,0.7,0.0,0.3,40,0.11535167497362458,
4656,4656,0,4656123,0.7,0.01,0.29,40,0.11036236752329777,
4657,4657,0,4657123,0.7,0.02,0.28,40,0.04306840691168923,
4658,4658,0,4658123,0.7,0.03,0.27,40,0.10462326262261805,
4659,4659,0,4659123,0.7,0.04,0.26,40,0.12964932968877546,
4660,4660,0,4660123,0.7,0.05,0.25,40,0.09560089985164087,
4661,4661,0,4661123,0.7,0.06,0.24,40,0.08020165460925094,
4662,4662,0,4662123,0.7,0.07,0.23,40,0.1696153122343005,
4663,4663,0,4663123,0.7000000000000001,0.08000000000000002,0.22000000000000003,40,0.06284133406570164,
4664,4664,0,4664123,0.7000000000000001,0.09000000000000001,0.21000000000000002,40,0.05675538850038337,
4665,4665,0,4665123,0.7,0.1,0.2,40,0.07839685073679119,
4666,4666,0,4666123,0.7,0.11,0.19,40,0.10160198340445466,
4667,4667,0,4667123,0.7,0.12,0.18,40,0.08010556454356385,
4668,4668,0,4668123,0.7,0.13,0.17,40,0.10297447746377071,
4669,4669,0,4669123,0.7,0.14,0.16,40,0.1150004694658349,
4670,4670,0,4670123,0.7,0.15,0.15,40,0.08055958083166764,
4671,4671,0,4671123,0.7,0.16,0.14,40,0.14414381156901668,
4672,4672,0,4672123,0.7,0.17,0.13,40,0.11485945665489677,
4673,4673,0,4673123,0.7,0.18,0.11999999999999998,40,0.11003649615648041,
4674,4674,0,4674123,0.7,0.18999999999999997,0.10999999999999999,40,0.058693456100075724,
4675,4675,0,4675123,0.7,0.19999999999999998,0.09999999999999999,40,0.11186467347245375,
4676,4676,0,4676123,0.7,0.20999999999999996,0.09,40,0.07394063392645316,
4677,4677,0,4677123,0.7,0.21999999999999997,0.08,40,0.06356163784126817,
4678,4678,0,4678123,0.7,0.23,0.07,40,0.0961011801693761,
4679,4679,0,4679123,0.7,0.24,0.06,40,0.06929745656041915,
4680,4680,0,4680123,0.7,0.25,0.05,40,0.09081850572864694,
4681,4681,0,4681123,0.7,0.26,0.04,40,0.055514989416283404,
4682,4682,0,4682123,0.7,0.27,0.03,40,0.05431868587922423,
4683,4683,0,4683123,0.7,0.28,0.02,40,0.16163059468614785,
4684,4684,0,4684123,0.7,0.29,0.01,40,0.058476889297544084,
4685,4685,0,4685123,0.7,0.3,0.0,40,0.0822017757253773,
4686,4686,0,4686123,0.71,0.0,0.29,40,0.07085913496069197,
4687,4687,0,4687123,0.71,0.01,0.28,40,0.0538101824793608,
4688,4688,0,4688123,0.71,0.02,0.27,40,0.13474798264619237,
4689,4689,0,4689123,0.71,0.03,0.26,40,0.11406579629215095,
4690,4690,0,4690123,0.71,0.04,0.25,40,0.08837434462672406,
4691,4691,0,4691123,0.71,0.05,0.24,40,0.08255433218399594,
4692,4692,0,4692123,0.71,0.06,0.23,40,0.11793954525253,
4693,4693,0,4693123,0.71,0.07,0.22,40,0.05919876130058453,
4694,4694,0,4694123,0.7100000000000001,0.08000000000000002,0.21000000000000002,40,0.11165921993413121,
4695,4695,0,4695123,0.71,0.09,0.2,40,0.06416811756787878,
4696,4696,0,4696123,0.71,0.1,0.19,40,0.10188912693808316,
4697,4697,0,4697123,0.71,0.11,0.18,40,0.07117233012231815,
4698,4698,0,4698123,0.71,0.12,0.17,40,0.0897526238894884,
4699,4699,0,4699123,0.71,0.13,0.16,40,0.08987892671907881,
4700,4700,0,4700123,0.71,0.14,0.15,40,0.07834261064130615,
4701,4701,0,4701123,0.71,0.15,0.14,40,0.10240871623011617,
4702,4702,0,4702123,0.71,0.16,0.13,40,0.085719352635694,
4703,4703,0,4703123,0.71,0.17,0.12,40,0.09953268793834082,
4704,4704,0,4704123,0.71,0.18,0.10999999999999999,40,0.06982749478082803,
4705,4705,0,4705123,0.71,0.18999999999999997,0.09999999999999999,40,0.09427533556929373,
4706,4706,0,4706123,0.71,0.19999999999999998,0.09,40,0.0674945116170587,
4707,4707,0,4707123,0.71,0.20999999999999996,0.08,40,0.06992048841393102,
4708,4708,0,4708123,0.71,0.22,0.07,40,0.06321587034594102,
4709,4709,0,4709123,0.71,0.23,0.06,40,0.05289881343559346,
4710,4710,0,4710123,0.71,0.24,0.05,40,0.0525549195545653,
4711,4711,0,4711123,0.71,0.25,0.04,40,0.07305782559447534,
4712,4712,0,4712123,0.71,0.26,0.03,40,0.0464775297940908,
4713,4713,0,4713123,0.71,0.27,0.02,40,0.06438274951100499,
4714,4714,0,4714123,0.71,0.28,0.01,40,0.0789606597919018,
4715,4715,0,4715123,0.71,0.29,0.0,40,0.04863919295445062,
4716,4716,0,4716123,0.72,0.0,0.28,40,0.12466634708881426,
4717,4717,0,4717123,0.72,0.01,0.27,40,0.06942150439126735,
4718,4718,0,4718123,0.72,0.02,0.26,40,0.07716883875336546,
4719,4719,0,4719123,0.72,0.03,0.25,40,0.11258630237802895,
4720,4720,0,4720123,0.72,0.04,0.24,40,0.10508614254482923,
4721,4721,0,4721123,0.72,0.05,0.23,40,0.12102190850164884,
4722,4722,0,4722123,0.72,0.06,0.22,40,0.10648378831073975,
4723,4723,0,4723123,0.72,0.07,0.21,40,0.08433308247148494,
4724,4724,0,4724123,0.72,0.08,0.2,40,0.05572950883418949,
4725,4725,0,4725123,0.72,0.09,0.19,40,0.04532151906643674,
4726,4726,0,4726123,0.72,0.1,0.18,40,0.05822965065665984,
4727,4727,0,4727123,0.72,0.11,0.17,40,0.08664890481376862,
4728,4728,0,4728123,0.72,0.12,0.16,40,0.12029170318095533,
4729,4729,0,4729123,0.72,0.13,0.15,40,0.0894554663253697,
4730,4730,0,4730123,0.72,0.14,0.14,40,0.09992793339823694,
4731,4731,0,4731123,0.72,0.15,0.13,40,0.07781602959247702,
4732,4732,0,4732123,0.72,0.16,0.12,40,0.0685123301783482,
4733,4733,0,4733123,0.72,0.17,0.11,40,0.10692032478301121,
4734,4734,0,4734123,0.72,0.18,0.09999999999999999,40,0.05653430577559371,
4735,4735,0,4735123,0.72,0.18999999999999997,0.09,40,0.10820251202941954,
4736,4736,0,4736123,0.72,0.19999999999999998,0.08,40,0.06283031799388483,
4737,4737,0,4737123,0.72,0.21,0.07,40,0.057537891494765785,
4738,4738,0,4738123,0.72,0.22,0.06,40,0.1601661913414077,
4739,4739,0,4739123,0.72,0.23,0.05,40,0.1367165650615487,
4740,4740,0,4740123,0.72,0.24,0.04,40,0.06575565915544286,
4741,4741,0,4741123,0.72,0.25,0.03,40,0.07206565895730119,
4742,4742,0,4742123,0.72,0.26,0.02,40,0.06652613238464032,
4743,4743,0,4743123,0.72,0.27,0.01,40,0.03785336871222519,
4744,4744,0,4744123,0.72,0.28,0.0,40,0.04507195279627843,
4745,4745,0,4745123,0.73,0.0,0.27,40,0.03852094927809803,
4746,4746,0,4746123,0.73,0.01,0.26,40,0.0909330734336046,
4747,4747,0,4747123,0.73,0.02,0.25,40,0.085965860029923,
4748,4748,0,4748123,0.73,0.03,0.24,40,0.10834945081801617,
4749,4749,0,4749123,0.73,0.04,0.23,40,0.1447893672028266,
4750,4750,0,4750123,0.73,0.05,0.22,40,0.08447230137899531,
4751,4751,0,4751123,0.73,0.06,0.21,40,0.09994913255503464,
4752,4752,0,4752123,0.73,0.07,0.2,40,0.04931062934526647,
4753,4753,0,4753123,0.73,0.08,0.19,40,0.10495152178705305,
4754,4754,0,4754123,0.73,0.09,0.18,40,0.07780209320131616,
4755,4755,0,4755123,0.73,0.1,0.17,40,0.10386594654807586,
4756,4756,0,4756123,0.73,0.11,0.16,40,0.09455400628004157,
4757,4757,0,4757123,0.73,0.12,0.15,40,0.07383009001202068,
4758,4758,0,4758123,0.73,0.13,0.14,40,0.08091285348734398,
4759,4759,0,4759123,0.73,0.14,0.13,40,0.09118750596640847,
4760,4760,0,4760123,0.73,0.15,0.12,40,0.1058957729289693,
4761,4761,0,4761123,0.73,0.16,0.11,40,0.08374547143608053,
4762,4762,0,4762123,0.73,0.17,0.1,40,0.05505807771535558,
4763,4763,0,4763123,0.73,0.18,0.09,40,0.055862839009444575,
4764,4764,0,4764123,0.73,0.18999999999999997,0.08,40,0.06930450081235534,
4765,4765,0,4765123,0.73,0.2,0.07,40,0.07616101436502959,
4766,4766,0,4766123,0.73,0.21,0.06,40,0.055978715889936616,
4767,4767,0,4767123,0.73,0.22,0.05,40,0.11010023345251212,
4768,4768,0,4768123,0.73,0.23,0.04,40,0.12294460246748265,
4769,4769,0,4769123,0.73,0.24,0.03,40,0.08251412235260344,
4770,4770,0,4770123,0.73,0.25,0.02,40,0.07962774301355642,
4771,4771,0,4771123,0.73,0.26,0.01,40,0.068525922520851,
4772,4772,0,4772123,0.73,0.27,0.0,40,0.04677120672460473,
4773,4773,0,4773123,0.74,0.0,0.26,40,0.10431922688240183,
4774,4774,0,4774123,0.74,0.01,0.25,40,0.12855396368272928,
4775,4775,0,4775123,0.74,0.02,0.24,40,0.053556354428232755,
4776,4776,0,4776123,0.74,0.03,0.23,40,0.0710591783329947,
4777,4777,0,4777123,0.74,0.04,0.22,40,0.060343969093032954,
4778,4778,0,4778123,0.74,0.05,0.21,40,0.16497319421029658,
4779,4779,0,4779123,0.74,0.06,0.2,40,0.05242947888774651,
4780,4780,0,4780123,0.74,0.07,0.19,40,0.11712533429270501,
4781,4781,0,4781123,0.74,0.08,0.18,40,0.09126681703063788,
4782,4782,0,4782123,0.74,0.09,0.17,40,0.08176218804815864,
4783,4783,0,4783123,0.74,0.1,0.16,40,0.057853555309381,
4784,4784,0,4784123,0.74,0.11,0.15,40,0.09013382285565623,
4785,4785,0,4785123,0.74,0.12,0.14,40,0.09900095691207152,
4786,4786,0,4786123,0.74,0.13,0.13,40,0.06756233009828756,
4787,4787,0,4787123,0.74,0.14,0.12,40,0.08631224542372469,
4788,4788,0,4788123,0.74,0.15,0.11,40,0.10713950565747189,
4789,4789,0,4789123,0.74,0.16,0.1,40,0.08176581472304907,
4790,4790,0,4790123,0.74,0.17,0.09,40,0.10204993326725038,
4791,4791,0,4791123,0.74,0.18,0.08,40,0.06681115802376818,
4792,4792,0,4792123,0.74,0.19,0.07,29,0.0520065676484934,tolflatfitness
4793,4793,0,4793123,0.74,0.2,0.06,40,0.06290238955815367,
4794,4794,0,4794123,0.74,0.21,0.05,40,0.10827644827299873,
4795,4795,0,4795123,0.74,0.22,0.04,40,0.07608400190208262,
4796,4796,0,4796123,0.74,0.23,0.03,40,0.0714348990832046,
4797,4797,0,4797123,0.74,0.24,0.02,40,0.06678733597451841,
4798,4798,0,4798123,0.74,0.25,0.01,40,0.05957626740914315,
4799,4799,0,4799123,0.74,0.26,0.0,40,0.04939329320513688,
4800,4800,0,4800123,0.75,0.0,0.25,40,0.052196730592909586,
4801,4801,0,4801123,0.75,0.01,0.24,40,0.12322090482077469,
4802,4802,0,4802123,0.75,0.02,0.23,40,0.15704424470039702,
4803,4803,0,4803123,0.75,0.03,0.22,40,0.09773952429308766,
4804,4804,0,4804123,0.75,0.04,0.21,40,0.06448969358405675,
4805,4805,0,4805123,0.75,0.05,0.2,40,0.09198905623158092,
4806,4806,0,4806123,0.75,0.06,0.19,40,0.12087505233591327,
4807,4807,0,4807123,0.75,0.07,0.18,40,0.04497893715009683,
4808,4808,0,4808123,0.75,0.08,0.17,40,0.08227721644573954,
4809,4809,0,4809123,0.75,0.09,0.16,40,0.0786586285916034,
4810,4810,0,4810123,0.75,0.1,0.15,40,0.12665123452250182,
4811,4811,0,4811123,0.75,0.11,0.14,40,0.07978958798474159,
4812,4812,0,4812123,0.75,0.12,0.13,40,0.10332507251876366,
4813,4813,0,4813123,0.75,0.13,0.12,40,0.056837317466729056,
4814,4814,0,4814123,0.75,0.14,0.11,40,0.07435554623433005,
4815,4815,0,4815123,0.75,0.15,0.1,40,0.05178549848792278,
4816,4816,0,4816123,0.75,0.16,0.09,40,0.07591579246543381,
4817,4817,0,4817123,0.75,0.17,0.08,40,0.08921430989398355,
4818,4818,0,4818123,0.75,0.18,0.07,40,0.061684723499792225,
4819,4819,0,4819123,0.75,0.19,0.06,40,0.09600863511763023,
4820,4820,0,4820123,0.75,0.2,0.05,40,0.1727918775002799,
4821,4821,0,4821123,0.75,0.21,0.04,40,0.06349017957774172,
4822,4822,0,4822123,0.75,0.22,0.03,40,0.08744347090444628,
4823,4823,0,4823123,0.75,0.23,0.02,40,0.07312085544721109,
4824,4824,0,4824123,0.75,0.24,0.01,40,0.11482732457309186,
4825,4825,0,4825123,0.75,0.25,0.0,40,0.07628982473620341,
4826,4826,0,4826123,0.76,0.0,0.24,40,0.11007718076380553,
4827,4827,0,4827123,0.76,0.01,0.23,40,0.04497963069689917,
4828,4828,0,4828123,0.76,0.02,0.22,40,0.0650965896434234,
4829,4829,0,4829123,0.76,0.03,0.21,40,0.04654035450923409,
4830,4830,0,4830123,0.76,0.04,0.2,40,0.04896534901070493,
4831,4831,0,4831123,0.76,0.05,0.19,40,0.054389202366019684,
4832,4832,0,4832123,0.76,0.06,0.18,40,0.03497899756042521,
4833,4833,0,4833123,0.76,0.07,0.17,40,0.04856967564484891,
4834,4834,0,4834123,0.76,0.08,0.16,40,0.1023006586960429,
4835,4835,0,4835123,0.76,0.09,0.15,40,0.07596965330517931,
4836,4836,0,4836123,0.76,0.1,0.14,40,0.096637789132907,
4837,4837,0,4837123,0.76,0.11,0.13,40,0.08894783191559243,
4838,4838,0,4838123,0.76,0.12,0.12,40,0.07000581108587536,
4839,4839,0,4839123,0.76,0.13,0.11,40,0.07791073013853249,
4840,4840,0,4840123,0.76,0.14,0.1,40,0.06791338840600439,
4841,4841,0,4841123,0.76,0.15,0.09,40,0.08775504241597373,
4842,4842,0,4842123,0.76,0.16,0.08,40,0.06609740240106374,
4843,4843,0,4843123,0.76,0.17,0.07,40,0.06646867537488381,
4844,4844,0,4844123,0.76,0.18,0.06,40,0.08563164834514972,
4845,4845,0,4845123,0.76,0.19,0.05,40,0.10133687315631801,
4846,4846,0,4846123,0.76,0.2,0.04,40,0.05972941769333789,
4847,4847,0,4847123,0.76,0.21,0.03,40,0.06637043484348219,
4848,4848,0,4848123,0.76,0.22,0.02,40,0.05604737941085076,
4849,4849,0,4849123,0.76,0.23,0.01,40,0.13317691780106092,
4850,4850,0,4850123,0.76,0.24,0.0,40,0.10763892438128862,
4851,4851,0,4851123,0.77,0.0,0.23,40,0.06125698618089967,
4852,4852,0,4852123,0.77,0.01,0.22,40,0.1168423102202641,
4853,4853,0,4853123,0.77,0.02,0.21,40,0.12379058331852023,
4854,4854,0,4854123,0.77,0.03,0.2,40,0.10730224198991709,
4855,4855,0,4855123,0.77,0.04,0.19,40,0.03448515929051934,
4856,4856,0,4856123,0.77,0.05,0.18,40,0.06543226653772359,
4857,4857,0,4857123,0.77,0.06,0.17,40,0.07925920430340044,
4858,4858,0,4858123,0.77,0.07,0.16,40,0.07819405614173545,
4859,4859,0,4859123,0.77,0.08,0.15,40,0.09554578182853819,
4860,4860,0,4860123,0.77,0.09,0.14,40,0.07487226288364232,
4861,4861,0,4861123,0.77,0.1,0.13,40,0.12108477623436861,
4862,4862,0,4862123,0.77,0.11,0.12,40,0.08658200073694662,
4863,4863,0,4863123,0.77,0.12,0.11,40,0.06735098528234429,
4864,4864,0,4864123,0.77,0.13,0.1,40,0.1431519870400377,
4865,4865,0,4865123,0.77,0.14,0.09,40,0.07596181767664255,
4866,4866,0,4866123,0.77,0.15,0.08,40,0.07504538060931962,
4867,4867,0,4867123,0.77,0.16,0.07,40,0.0777598838187934,
4868,4868,0,4868123,0.77,0.17,0.06,40,0.13010809970612253,
4869,4869,0,4869123,0.77,0.18,0.05,40,0.057837521517435535,
4870,4870,0,4870123,0.77,0.19,0.04,40,0.06434199503567463,
4871,4871,0,4871123,0.77,0.2,0.03,40,0.0404058491389519,
4872,4872,0,4872123,0.77,0.21,0.02,40,0.11091151401071117,
4873,4873,0,4873123,0.77,0.22,0.01,40,0.046922408895754726,
4874,4874,0,4874123,0.77,0.23,0.0,40,0.06029220658906175,
4875,4875,0,4875123,0.78,0.0,0.22,40,0.07866882479137795,
4876,4876,0,4876123,0.78,0.01,0.21,40,0.06800683776740693,
4877,4877,0,4877123,0.78,0.02,0.2,40,0.0476144005216806,
4878,4878,0,4878123,0.78,0.03,0.19,40,0.06974215175806493,
4879,4879,0,4879123,0.78,0.04,0.18,40,0.03826705520747949,
4880,4880,0,4880123,0.78,0.05,0.17,40,0.10522472462742448,
4881,4881,0,4881123,0.78,0.06,0.16,40,0.0670250502223765,
4882,4882,0,4882123,0.78,0.07,0.15,40,0.06636161282774142,
4883,4883,0,4883123,0.78,0.08,0.14,40,0.0517066943480154,
4884,4884,0,4884123,0.78,0.09,0.13,40,0.07205490672801247,
4885,4885,0,4885123,0.78,0.1,0.12,40,0.06657746628692753,
4886,4886,0,4886123,0.78,0.11,0.11,40,0.0625236255161825,
4887,4887,0,4887123,0.78,0.12,0.1,40,0.06104552712341971,
4888,4888,0,4888123,0.78,0.13,0.09,40,0.07590222200237533,
4889,4889,0,4889123,0.78,0.14,0.08,40,0.06623928615595777,
4890,4890,0,4890123,0.78,0.15,0.07,40,0.07567196487330312,
4891,4891,0,4891123,0.78,0.16,0.06,40,0.15472773801597473,
4892,4892,0,4892123,0.78,0.17,0.05,40,0.10866424355225324,
4893,4893,0,4893123,0.78,0.18,0.04,40,0.11572296432089672,
4894,4894,0,4894123,0.78,0.19,0.03,40,0.07159868363448707,
4895,4895,0,4895123,0.78,0.2,0.02,40,0.10873507267071289,
4896,4896,0,4896123,0.78,0.21,0.01,40,0.10217907242789794,
4897,4897,0,4897123,0.78,0.22,0.0,40,0.03929192528482086,
4898,4898,0,4898123,0.79,0.0,0.21,40,0.09678674392526739,
4899,4899,0,4899123,0.79,0.01,0.2,40,0.05384696499313719,
4900,4900,0,4900123,0.79,0.02,0.19,40,0.04036039929271537,
4901,4901,0,4901123,0.79,0.03,0.18,40,0.10096141272076009,
4902,4902,0,4902123,0.79,0.04,0.17,40,0.0792777012240407,
4903,4903,0,4903123,0.79,0.05,0.16,40,0.07372349134103129,
4904,4904,0,4904123,0.79,0.06,0.15,40,0.0923513817370969,
4905,4905,0,4905123,0.79,0.07,0.14,40,0.08498668091113633,
4906,4906,0,4906123,0.79,0.08,0.13,40,0.07344422502865991,
4907,4907,0,4907123,0.79,0.09,0.12,40,0.06717082470898894,
4908,4908,0,4908123,0.79,0.1,0.11,40,0.10838174302940434,
4909,4909,0,4909123,0.79,0.11,0.1,40,0.0930445631434729,
4910,4910,0,4910123,0.79,0.12,0.09,40,0.06167963346189929,
4911,4911,0,4911123,0.79,0.13,0.08,40,0.08330118946107289,
4912,4912,0,4912123,0.79,0.14,0.07,40,0.10642382833447549,
4913,4913,0,4913123,0.79,0.15,0.06,40,0.08708874436419442,
4914,4914,0,4914123,0.79,0.16,0.05,40,0.05573783619077819,
4915,4915,0,4915123,0.79,0.17,0.04,40,0.12358664174390481,
4916,4916,0,4916123,0.79,0.18,0.03,40,0.09883003230471701,
4917,4917,0,4917123,0.79,0.19,0.02,40,0.10643760887230995,
4918,4918,0,4918123,0.79,0.2,0.01,40,0.13740462638162892,
4919,4919,0,4919123,0.79,0.21,0.0,40,0.04348880953053426,
4920,4920,0,4920123,0.8,0.0,0.2,40,0.11621612169881589,
4921,4921,0,4921123,0.8,0.01,0.19,40,0.1297056446769591,
4922,4922,0,4922123,0.8,0.02,0.18,40,0.03833393749442815,
4923,4923,0,4923123,0.8,0.03,0.17,40,0.12326017406577204,
4924,4924,0,4924123,0.8,0.04,0.16,40,0.0987699005943677,
4925,4925,0,4925123,0.8,0.05,0.15,40,0.04849078029641166,
4926,4926,0,4926123,0.8,0.06,0.14,40,0.04389066680972968,
4927,4927,0,4927123,0.8,0.07,0.13,40,0.036820836556125565,
4928,4928,0,4928123,0.8,0.08,0.12,40,0.07063115082228255,
4929,4929,0,4929123,0.8,0.09,0.11,40,0.06091236800999266,
4930,4930,0,4930123,0.8,0.1,0.1,40,0.05843038641959081,
4931,4931,0,4931123,0.8,0.11,0.09,40,0.05960164412068271,
4932,4932,0,4932123,0.8,0.12,0.08,40,0.06523428991462761,
4933,4933,0,4933123,0.8,0.13,0.07,40,0.058617427926771035,
4934,4934,0,4934123,0.8,0.14,0.06,40,0.09081701974358225,
4935,4935,0,4935123,0.8,0.15,0.05,40,0.06442275778823386,
4936,4936,0,4936123,0.8,0.16,0.04,40,0.10156694425722071,
4937,4937,0,4937123,0.8,0.17,0.03,40,0.05853942616111627,
4938,4938,0,4938123,0.8,0.18,0.02,40,0.05789803936056304,
4939,4939,0,4939123,0.8,0.19,0.01,40,0.1136909234824493,
4940,4940,0,4940123,0.8,0.2,0.0,40,0.03860546037618626,
4941,4941,0,4941123,0.81,0.0,0.19,40,0.08806702631035779,
4942,4942,0,4942123,0.81,0.01,0.18,40,0.08225975931329295,
4943,4943,0,4943123,0.81,0.02,0.17,40,0.05989810740171352,
4944,4944,0,4944123,0.81,0.03,0.16,40,0.07509258801979328,
4945,4945,0,4945123,0.81,0.04,0.15,40,0.035017019894724846,
4946,4946,0,4946123,0.81,0.05,0.14,40,0.08453853734336571,
4947,4947,0,4947123,0.81,0.06,0.13,40,0.09567267278268114,
4948,4948,0,4948123,0.81,0.07,0.12,40,0.06600498982802623,
4949,4949,0,4949123,0.81,0.08,0.11,40,0.08377661502651541,
4950,4950,0,4950123,0.81,0.09,0.1,40,0.06927607984833165,
4951,4951,0,4951123,0.81,0.1,0.09,40,0.07881840123402782,
4952,4952,0,4952123,0.81,0.11,0.08,40,0.06339944103273314,
4953,4953,0,4953123,0.81,0.12,0.07,40,0.06001565788077056,
4954,4954,0,4954123,0.81,0.13,0.06,40,0.05113254881042216,
4955,4955,0,4955123,0.81,0.14,0.05,40,0.06776608411234021,
4956,4956,0,4956123,0.81,0.15,0.04,14,0.11369885440834522,tolflatfitness
4957,4957,0,4957123,0.81,0.16,0.03,40,0.05606725641385305,
4958,4958,0,4958123,0.81,0.17,0.02,40,0.10073848401278362,
4959,4959,0,4959123,0.81,0.18,0.01,40,0.0383040552599164,
4960,4960,0,4960123,0.81,0.19,0.0,40,0.06076410104118204,
4961,4961,0,4961123,0.82,0.0,0.18,40,0.07723162897620911,
4962,4962,0,4962123,0.82,0.01,0.17,40,0.1808370269873547,
4963,4963,0,4963123,0.82,0.02,0.16,40,0.06878103053594418,
4964,4964,0,4964123,0.82,0.03,0.15,40,0.09072056025808654,
4965,4965,0,4965123,0.82,0.04,0.14,40,0.17885698023818125,
4966,4966,0,4966123,0.82,0.05,0.13,40,0.10396134863192057,
4967,4967,0,4967123,0.8199999999999998,0.05999999999999999,0.11999999999999998,40,0.03290076561223825,
4968,4968,0,4968123,0.8199999999999998,0.07,0.10999999999999999,40,0.05675881694191185,
4969,4969,0,4969123,0.8199999999999998,0.08,0.09999999999999999,40,0.05666440148183015,
4970,4970,0,4970123,0.8200000000000001,0.09000000000000001,0.09000000000000001,40,0.054422157342908443,
4971,4971,0,4971123,0.8200000000000001,0.10000000000000002,0.08000000000000002,40,0.07001950356286787,
4972,4972,0,4972123,0.82,0.11,0.07,40,0.05870472234368429,
4973,4973,0,4973123,0.82,0.12,0.06,40,0.06163213330279385,
4974,4974,0,4974123,0.82,0.13,0.05,40,0.058403370614289615,
4975,4975,0,4975123,0.82,0.14,0.04,40,0.044598739561598676,
4976,4976,0,4976123,0.82,0.15,0.03,40,0.08679328848894045,
4977,4977,0,4977123,0.82,0.16,0.02,40,0.10145912736121245,
4978,4978,0,4978123,0.82,0.17,0.01,40,0.050112390327741126,
4979,4979,0,4979123,0.82,0.18,0.0,40,0.052503619528106366,
4980,4980,0,4980123,0.83,0.0,0.17,40,0.05241205881110881,
4981,4981,0,4981123,0.83,0.01,0.16,40,0.09305668668313867,
4982,4982,0,4982123,0.83,0.02,0.15,40,0.03115231072454257,
4983,4983,0,4983123,0.83,0.03,0.14,40,0.07334846957816765,
4984,4984,0,4984123,0.83,0.04,0.13,40,0.1152055045338389,
4985,4985,0,4985123,0.83,0.05,0.12,40,0.09067872059341173,
4986,4986,0,4986123,0.8299999999999998,0.05999999999999999,0.10999999999999999,40,0.05145401340462472,
4987,4987,0,4987123,0.8299999999999998,0.07,0.09999999999999999,40,0.058907379398597234,
4988,4988,0,4988123,0.8299999999999998,0.08,0.09,40,0.08027146160086682,
4989,4989,0,4989123,0.8300000000000001,0.09000000000000001,0.08000000000000002,40,0.04932869902656817,
4990,4990,0,4990123,0.83,0.1,0.07,40,0.06257866013559611,
4991,4991,0,4991123,0.83,0.11,0.06,40,0.050439281014914114,
4992,4992,0,4992123,0.83,0.12,0.05,40,0.05319843418404078,
4993,4993,0,4993123,0.83,0.13,0.04,40,0.06029496072006966,
4994,4994,0,4994123,0.83,0.14,0.03,40,0.10438929458547097,
4995,4995,0,4995123,0.83,0.15,0.02,40,0.051335601452644083,
4996,4996,0,4996123,0.83,0.16,0.01,40,0.03617436366458048,
4997,4997,0,4997123,0.83,0.17,0.0,40,0.08240250533574445,
4998,4998,0,4998123,0.84,0.0,0.16,40,0.09180309916943387,
4999,4999,0,4999123,0.84,0.01,0.15,40,0.09817327520906997,
5000,5000,0,5000123,0.84,0.02,0.14,40,0.06669026494686793,
5001,5001,0,5001123,0.84,0.03,0.13,40,0.134950613653054,
5002,5002,0,5002123,0.84,0.04,0.12,40,0.07530560156674636,
5003,5003,0,5003123,0.84,0.05,0.11,40,0.07241802446496375,
5004,5004,0,5004123,0.8399999999999999,0.05999999999999999,0.09999999999999999,40,0.08055168106645202,
5005,5005,0,5005123,0.8399999999999999,0.07,0.09,40,0.09082074668140547,
5006,5006,0,5006123,0.8399999999999999,0.08,0.08,40,0.06703899818055702,
5007,5007,0,5007123,0.84,0.09,0.07,40,0.07574052967590521,
5008,5008,0,5008123,0.84,0.1,0.06,40,0.09840790090930969,
5009,5009,0,5009123,0.84,0.11,0.05,40,0.0738617667677867,
5010,5010,0,5010123,0.84,0.12,0.04,40,0.06090840513686358,
5011,5011,0,5011123,0.84,0.13,0.03,40,0.061714416963227194,
5012,5012,0,5012123,0.84,0.14,0.02,40,0.09046343343959695,
5013,5013,0,5013123,0.84,0.15,0.01,40,0.07824026029685983,
5014,5014,0,5014123,0.84,0.16,0.0,40,0.05343406181208975,
5015,5015,0,5015123,0.85,0.0,0.15,40,0.05702199367132889,
5016,5016,0,5016123,0.85,0.01,0.14,40,0.12036721259620274,
5017,5017,0,5017123,0.85,0.02,0.13,40,0.05078527168231941,
5018,5018,0,5018123,0.85,0.03,0.12,40,0.08733350835757553,
5019,5019,0,5019123,0.85,0.04,0.11,40,0.0748255987077575,
5020,5020,0,5020123,0.85,0.05,0.1,40,0.07132409291706267,
5021,5021,0,5021123,0.8499999999999999,0.05999999999999999,0.09,40,0.04698341102838264,
5022,5022,0,5022123,0.8499999999999999,0.07,0.08,40,0.05472741191048536,
5023,5023,0,5023123,0.85,0.08,0.07,40,0.07455627987299523,
5024,5024,0,5024123,0.85,0.09,0.06,40,0.040218813207231446,
5025,5025,0,5025123,0.85,0.1,0.05,40,0.0506694050967746,
5026,5026,0,5026123,0.85,0.11,0.04,40,0.04564723315570386,
5027,5027,0,5027123,0.85,0.12,0.03,40,0.03562568576291946,
5028,5028,0,5028123,0.85,0.13,0.02,40,0.0752103240504363,
5029,5029,0,5029123,0.85,0.14,0.01,40,0.09541802216881223,
5030,5030,0,5030123,0.85,0.15,0.0,40,0.09045660166030073,
5031,5031,0,5031123,0.86,0.0,0.14,40,0.12290377068987356,
5032,5032,0,5032123,0.86,0.01,0.13,40,0.033637467830376154,
5033,5033,0,5033123,0.86,0.02,0.12,40,0.057812870928244,
5034,5034,0,5034123,0.86,0.03,0.11,40,0.053090880449890875,
5035,5035,0,5035123,0.86,0.04,0.1,40,0.025861229211753396,
5036,5036,0,5036123,0.86,0.05,0.09,40,0.04470940397201663,
5037,5037,0,5037123,0.8599999999999999,0.05999999999999999,0.08,40,0.04196946108835196,
5038,5038,0,5038123,0.86,0.07,0.07,40,0.052928143099916176,
5039,5039,0,5039123,0.86,0.08,0.06,40,0.09178245470356394,
5040,5040,0,5040123,0.86,0.09,0.05,40,0.09825517101296606,
5041,5041,0,5041123,0.86,0.1,0.04,40,0.06462229710137779,
5042,5042,0,5042123,0.86,0.11,0.03,40,0.10325895241185536,
5043,5043,0,5043123,0.86,0.12,0.02,40,0.08266013751604917,
5044,5044,0,5044123,0.86,0.13,0.01,40,0.056734845916149364,
5045,5045,0,5045123,0.86,0.14,0.0,40,0.11222205811572969,
5046,5046,0,5046123,0.87,0.0,0.13,40,0.07115165452095969,
5047,5047,0,5047123,0.87,0.01,0.12,40,0.021307149778085996,
5048,5048,0,5048123,0.87,0.02,0.11,40,0.02114360258201869,
5049,5049,0,5049123,0.87,0.03,0.1,40,0.08001837347576027,
5050,5050,0,5050123,0.87,0.04,0.09,40,0.0729295050132986,
5051,5051,0,5051123,0.87,0.05,0.08,40,0.04588033346183948,
5052,5052,0,5052123,0.87,0.06,0.07,40,0.06534048799481429,
5053,5053,0,5053123,0.87,0.07,0.06,40,0.05049828229105415,
5054,5054,0,5054123,0.87,0.08,0.05,40,0.04352750223102891,
5055,5055,0,5055123,0.87,0.09,0.04,40,0.04681126119066407,
5056,5056,0,5056123,0.87,0.1,0.03,40,0.0337136799092295,
5057,5057,0,5057123,0.87,0.11,0.02,40,0.0999223461404944,
5058,5058,0,5058123,0.87,0.12,0.01,40,0.027443632870377228,
5059,5059,0,5059123,0.87,0.13,0.0,40,0.04941456376904241,
5060,5060,0,5060123,0.88,0.0,0.12,40,0.17173126755970602,
5061,5061,0,5061123,0.88,0.01,0.11,40,0.10876129448222649,
5062,5062,0,5062123,0.88,0.02,0.1,40,0.05062767920014666,
5063,5063,0,5063123,0.88,0.03,0.09,40,0.06401890393250231,
5064,5064,0,5064123,0.88,0.04,0.08,40,0.06414878885771053,
5065,5065,0,5065123,0.88,0.05,0.07,40,0.03692547761839612,
5066,5066,0,5066123,0.88,0.06,0.06,40,0.05025576538783348,
5067,5067,0,5067123,0.88,0.07,0.05,40,0.046239494670628586,
5068,5068,0,5068123,0.88,0.08,0.04,40,0.08986744361264642,
5069,5069,0,5069123,0.88,0.09,0.03,40,0.04680503589912096,
5070,5070,0,5070123,0.88,0.1,0.02,40,0.03577280019870646,
5071,5071,0,5071123,0.88,0.11,0.01,40,0.04418528403877269,
5072,5072,0,5072123,0.88,0.12,0.0,40,0.07867131322010022,
5073,5073,0,5073123,0.89,0.0,0.11,40,0.05330779328394741,
5074,5074,0,5074123,0.89,0.01,0.1,40,0.023364418914126415,
5075,5075,0,5075123,0.89,0.02,0.09,40,0.04567884342767771,
5076,5076,0,5076123,0.89,0.03,0.08,40,0.04200965265696002,
5077,5077,0,5077123,0.89,0.04,0.07,40,0.05371894145192262,
5078,5078,0,5078123,0.89,0.05,0.06,40,0.04931803089151843,
5079,5079,0,5079123,0.89,0.06,0.05,40,0.0626592642117135,
5080,5080,0,5080123,0.89,0.07,0.04,40,0.04512080267376403,
5081,5081,0,5081123,0.89,0.08,0.03,40,0.04841037980333745,
5082,5082,0,5082123,0.89,0.09,0.02,40,0.09917169768617895,
5083,5083,0,5083123,0.89,0.1,0.01,40,0.03607411695246056,
5084,5084,0,5084123,0.89,0.11,0.0,40,0.06196877064602719,
5085,5085,0,5085123,0.9,0.0,0.1,40,0.08376206804689623,
5086,5086,0,5086123,0.9,0.01,0.09,40,0.047939799433086475,
5087,5087,0,5087123,0.9,0.02,0.08,40,0.11275556614759308,
5088,5088,0,5088123,0.9,0.03,0.07,40,0.056859128679187104,
5089,5089,0,5089123,0.9,0.04,0.06,40,0.04331176145274292,
5090,5090,0,5090123,0.9,0.05,0.05,40,0.044131245492868135,
5091,5091,0,5091123,0.9,0.06,0.04,40,0.04035489176295409,
5092,5092,0,5092123,0.9,0.07,0.03,40,0.04205070818557249,
5093,5093,0,5093123,0.9,0.08,0.02,40,0.032220952046539235,
5094,5094,0,5094123,0.9,0.09,0.01,40,0.026077781497027736,
5095,5095,0,5095123,0.9,0.1,0.0,40,0.11678042623069461,
5096,5096,0,5096123,0.91,0.0,0.09,40,0.049650545301807146,
5097,5097,0,5097123,0.91,0.01,0.08,40,0.06839973245890656,
5098,5098,0,5098123,0.91,0.02,0.07,40,0.03703059772002664,
5099,5099,0,5099123,0.91,0.03,0.06,40,0.04846287823236904,
5100,5100,0,5100123,0.91,0.04,0.05,40,0.05843974167356856,
5101,5101,0,5101123,0.91,0.05,0.04,40,0.050257368167674135,
5102,5102,0,5102123,0.91,0.06,0.03,40,0.04775771932270995,
5103,5103,0,5103123,0.91,0.07,0.02,40,0.03445093632217022,
5104,5104,0,5104123,0.91,0.08,0.01,40,0.11041326078222724,
5105,5105,0,5105123,0.91,0.09,0.0,40,0.04393261893007246,
5106,5106,0,5106123,0.92,0.0,0.08,40,0.049086446465594194,
5107,5107,0,5107123,0.92,0.01,0.07,40,0.06548123560107898,
5108,5108,0,5108123,0.92,0.02,0.06,40,0.05634859084846852,
5109,5109,0,5109123,0.92,0.03,0.05,40,0.040390976169357995,
5110,5110,0,5110123,0.92,0.04,0.04,40,0.0553947281927763,
5111,5111,0,5111123,0.92,0.05,0.03,40,0.055202490944274395,
5112,5112,0,5112123,0.92,0.06,0.02,40,0.0456453870363949,
5113,5113,0,5113123,0.92,0.07,0.01,40,0.05218285660707196,
5114,5114,0,5114123,0.92,0.08,0.0,40,0.04963961839397042,
5115,5115,0,5115123,0.93,0.0,0.07,40,0.07621677667468078,
5116,5116,0,5116123,0.93,0.01,0.06,40,0.03316733765360744,
5117,5117,0,5117123,0.93,0.02,0.05,40,0.0403995518277519,
5118,5118,0,5118123,0.93,0.03,0.04,40,0.04510752397738673,
5119,5119,0,5119123,0.93,0.04,0.03,40,0.04973881686049302,
5120,5120,0,5120123,0.93,0.05,0.02,40,0.03854259585866016,
5121,5121,0,5121123,0.93,0.06,0.01,40,0.035928310275564916,
5122,5122,0,5122123,0.93,0.07,0.0,40,0.06611021983841538,
5123,5123,0,5123123,0.94,0.0,0.06,40,0.03381430249282331,
5124,5124,0,5124123,0.94,0.01,0.05,40,0.028350933867661954,
5125,5125,0,5125123,0.94,0.02,0.04,40,0.05088099431799405,
5126,5126,0,5126123,0.94,0.03,0.03,40,0.04310035289656585,
5127,5127,0,5127123,0.94,0.04,0.02,40,0.04798815518215619,
5128,5128,0,5128123,0.94,0.05,0.01,40,0.06688217491966626,
5129,5129,0,5129123,0.94,0.06,0.0,40,0.07267178471028289,
5130,5130,0,5130123,0.95,0.0,0.05,40,0.03764956601414006,
5131,5131,0,5131123,0.95,0.01,0.04,40,0.030909661823677718,
5132,5132,0,5132123,0.95,0.02,0.03,40,0.011829732696152274,
5133,5133,0,5133123,0.95,0.03,0.02,40,0.03592564928610475,
5134,5134,0,5134123,0.95,0.04,0.01,40,0.028870702658332532,
5135,5135,0,5135123,0.95,0.05,0.0,40,0.044155179720783325,
5136,5136,0,5136123,0.96,0.0,0.04,40,0.02162594661547852,
5137,5137,0,5137123,0.96,0.01,0.03,40,0.025187631559162274,
5138,5138,0,5138123,0.96,0.02,0.02,40,0.04720462678417705,
5139,5139,0,5139123,0.96,0.03,0.01,40,0.019500883039592635,
5140,5140,0,5140123,0.96,0.04,0.0,40,0.022769404964916824,
5141,5141,0,5141123,0.97,0.0,0.03,40,0.029260738402343407,
5142,5142,0,5142123,0.97,0.01,0.02,40,0.02053862338050486,
5143,5143,0,5143123,0.97,0.02,0.01,40,0.018927765256269748,
5144,5144,0,5144123,0.97,0.03,0.0,40,0.04275701563319051,
5145,5145,0,5145123,0.98,0.0,0.02,40,0.04686203619919865,
5146,5146,0,5146123,0.98,0.01,0.01,40,0.012640650792665003,
5147,5147,0,5147123,0.98,0.02,0.0,40,0.040921974831998637,
5148,5148,0,5148123,0.99,0.0,0.01,40,0.03196235013329061,
5149,5149,0,5149123,0.99,0.01,0.0,40,0.014452969175081643,
5150,5150,0,5150123,1.0,0.0,0.0,40,0.013275852812188965,
